,chain,metric_type,date,totalLiquidityUSD,protocol,tokens
6680,Polygon,tvl,2025-01-01 00:00:00,388997758.0,Aave,
6681,Polygon,tvl,2025-01-02 00:00:00,397553794.0,Aave,
6682,Polygon,tvl,2025-01-03 00:00:00,404799555.0,Aave,
6683,Polygon,tvl,2025-01-04 00:00:00,411728677.0,Aave,
6684,Polygon,tvl,2025-01-05 00:00:00,423682969.0,Aave,
6685,Polygon,tvl,2025-01-06 00:00:00,422263571.0,Aave,
6686,Polygon,tvl,2025-01-07 00:00:00,428986783.0,Aave,
6687,Polygon,tvl,2025-01-08 00:00:00,400367923.0,Aave,
6688,Polygon,tvl,2025-01-09 00:00:00,392119435.0,Aave,
6689,Polygon,tvl,2025-01-10 00:00:00,381912947.0,Aave,
6690,Polygon,tvl,2025-01-11 00:00:00,390177745.0,Aave,
6691,Polygon,tvl,2025-01-12 00:00:00,391642262.0,Aave,
6692,Polygon,tvl,2025-01-13 00:00:00,385808959.0,Aave,
6693,Polygon,tvl,2025-01-14 00:00:00,379780563.0,Aave,
6694,Polygon,tvl,2025-01-15 00:00:00,391687253.0,Aave,
6695,Polygon,tvl,2025-01-16 00:00:00,412278672.0,Aave,
6696,Polygon,tvl,2025-01-17 00:00:00,407091713.0,Aave,
6697,Polygon,tvl,2025-01-18 00:00:00,428473939.0,Aave,
6698,Polygon,tvl,2025-01-19 00:00:00,414944361.0,Aave,
6699,Polygon,tvl,2025-01-20 00:00:00,407636335.0,Aave,
6700,Polygon,tvl,2025-01-21 00:00:00,406243175.0,Aave,
6701,Polygon,tvl,2025-01-22 00:00:00,419142993.0,Aave,
6702,Polygon,tvl,2025-01-23 00:00:00,412810487.0,Aave,
6703,Polygon,tvl,2025-01-24 00:00:00,412658316.0,Aave,
6704,Polygon,tvl,2025-01-25 00:00:00,415859875.0,Aave,
6705,Polygon,tvl,2025-01-26 00:00:00,416123466.0,Aave,
6706,Polygon,tvl,2025-01-27 00:00:00,414617540.0,Aave,
6707,Polygon,tvl,2025-01-28 00:00:00,400255645.0,Aave,
6708,Polygon,tvl,2025-01-29 00:00:00,389948122.0,Aave,
6709,Polygon,tvl,2025-01-30 00:00:00,391905794.0,Aave,
6710,Polygon,tvl,2025-01-31 00:00:00,404260035.0,Aave,
6711,Polygon,tvl,2025-02-01 00:00:00,403190392.0,Aave,
6712,Polygon,tvl,2025-02-02 00:00:00,387671406.0,Aave,
6713,Polygon,tvl,2025-02-03 00:00:00,356904778.0,Aave,
6714,Polygon,tvl,2025-02-04 00:00:00,369178458.0,Aave,
6715,Polygon,tvl,2025-02-05 00:00:00,357129902.0,Aave,
6716,Polygon,tvl,2025-02-06 00:00:00,355642993.0,Aave,
6717,Polygon,tvl,2025-02-07 00:00:00,351087740.0,Aave,
6718,Polygon,tvl,2025-02-08 00:00:00,348872335.0,Aave,
6719,Polygon,tvl,2025-02-09 00:00:00,349201680.0,Aave,
6720,Polygon,tvl,2025-02-10 00:00:00,346576649.0,Aave,
6721,Polygon,tvl,2025-02-11 00:00:00,352201462.0,Aave,
6722,Polygon,tvl,2025-02-12 00:00:00,345642313.0,Aave,
6723,Polygon,tvl,2025-02-13 00:00:00,354433712.0,Aave,
6724,Polygon,tvl,2025-02-14 00:00:00,349360787.0,Aave,
6725,Polygon,tvl,2025-02-15 00:00:00,354309036.0,Aave,
6726,Polygon,tvl,2025-02-16 00:00:00,351867276.0,Aave,
6727,Polygon,tvl,2025-02-17 00:00:00,351470372.0,Aave,
6728,Polygon,tvl,2025-02-18 00:00:00,352131848.0,Aave,
6729,Polygon,tvl,2025-02-19 00:00:00,344158433.0,Aave,
6730,Polygon,tvl,2025-02-20 00:00:00,346699928.0,Aave,
6731,Polygon,tvl,2025-02-21 00:00:00,350867846.0,Aave,
6732,Polygon,tvl,2025-02-22 00:00:00,339277361.0,Aave,
6733,Polygon,tvl,2025-02-23 00:00:00,344329164.0,Aave,
6734,Polygon,tvl,2025-02-24 00:00:00,346035276.0,Aave,
6735,Polygon,tvl,2025-02-25 00:00:00,322177257.0,Aave,
6736,Polygon,tvl,2025-02-26 00:00:00,314288029.0,Aave,
6737,Polygon,tvl,2025-02-27 00:00:00,298513294.0,Aave,
6738,Polygon,tvl,2025-02-28 00:00:00,296586692.0,Aave,
6739,Polygon,tvl,2025-03-01 00:00:00,291815550.0,Aave,
6740,Polygon,tvl,2025-03-02 00:00:00,295559802.0,Aave,
6741,Polygon,tvl,2025-03-03 00:00:00,319692998.0,Aave,
6742,Polygon,tvl,2025-03-04 00:00:00,285446556.0,Aave,
6743,Polygon,tvl,2025-03-05 00:00:00,287702565.0,Aave,
6744,Polygon,tvl,2025-03-06 00:00:00,295851290.0,Aave,
6745,Polygon,tvl,2025-03-07 00:00:00,284768270.0,Aave,
6746,Polygon,tvl,2025-03-08 00:00:00,280953722.0,Aave,
6747,Polygon,tvl,2025-03-09 00:00:00,283342982.0,Aave,
6748,Polygon,tvl,2025-03-10 00:00:00,264385849.0,Aave,
6749,Polygon,tvl,2025-03-11 00:00:00,255633555.0,Aave,
6750,Polygon,tvl,2025-03-12 00:00:00,265041397.0,Aave,
6751,Polygon,tvl,2025-03-13 00:00:00,265320249.0,Aave,
6752,Polygon,tvl,2025-03-14 00:00:00,253332174.0,Aave,
6753,Polygon,tvl,2025-03-15 00:00:00,259533324.0,Aave,
6754,Polygon,tvl,2025-03-16 00:00:00,261450662.0,Aave,
6755,Polygon,tvl,2025-03-17 00:00:00,255006558.0,Aave,
6756,Polygon,tvl,2025-03-18 00:00:00,262261364.0,Aave,
6757,Polygon,tvl,2025-03-19 00:00:00,257270673.0,Aave,
6758,Polygon,tvl,2025-03-20 00:00:00,267751061.0,Aave,
6759,Polygon,tvl,2025-03-21 00:00:00,260630526.0,Aave,
6760,Polygon,tvl,2025-03-22 00:00:00,258940194.0,Aave,
6761,Polygon,tvl,2025-03-23 00:00:00,258980715.0,Aave,
6762,Polygon,tvl,2025-03-24 00:00:00,264002841.0,Aave,
6763,Polygon,tvl,2025-03-25 00:00:00,269245457.0,Aave,
6764,Polygon,tvl,2025-03-26 00:00:00,270935279.0,Aave,
6765,Polygon,tvl,2025-03-27 00:00:00,267969706.0,Aave,
6766,Polygon,tvl,2025-03-28 00:00:00,267635330.0,Aave,
6767,Polygon,tvl,2025-03-29 00:00:00,257113980.0,Aave,
6768,Polygon,tvl,2025-03-30 00:00:00,250339955.0,Aave,
6769,Polygon,tvl,2025-03-31 00:00:00,248580090.0,Aave,
6770,Polygon,tvl,2025-04-01 00:00:00,252801429.0,Aave,
6771,Polygon,tvl,2025-04-02 00:00:00,258991868.0,Aave,
6772,Polygon,tvl,2025-04-03 00:00:00,248536239.0,Aave,
6773,Polygon,tvl,2025-04-04 00:00:00,248815141.0,Aave,
6774,Polygon,tvl,2025-04-05 00:00:00,250550301.0,Aave,
6775,Polygon,tvl,2025-04-06 00:00:00,249129230.0,Aave,
6776,Polygon,tvl,2025-04-07 00:00:00,228097458.0,Aave,
6777,Polygon,tvl,2025-04-08 00:00:00,226665634.0,Aave,
6778,Polygon,tvl,2025-04-09 00:00:00,220648055.0,Aave,
6779,Polygon,tvl,2025-04-10 00:00:00,235938008.0,Aave,
6780,Polygon,tvl,2025-04-11 00:00:00,226269303.0,Aave,
6781,Polygon,tvl,2025-04-12 00:00:00,233659588.0,Aave,
6782,Polygon,tvl,2025-04-13 00:00:00,239383011.0,Aave,
6783,Polygon,tvl,2025-04-14 00:00:00,233851662.0,Aave,
6784,Polygon,tvl,2025-04-15 00:00:00,233858497.0,Aave,
6785,Polygon,tvl,2025-04-16 00:00:00,230420440.0,Aave,
6786,Polygon,tvl,2025-04-17 00:00:00,231296485.0,Aave,
6787,Polygon,tvl,2025-04-18 00:00:00,232765510.0,Aave,
6788,Polygon,tvl,2025-04-19 00:00:00,232595212.0,Aave,
6789,Polygon,tvl,2025-04-20 00:00:00,232513121.0,Aave,
6790,Polygon,tvl,2025-04-21 00:00:00,231908233.0,Aave,
6791,Polygon,tvl,2025-04-22 00:00:00,235680153.0,Aave,
6792,Polygon,tvl,2025-04-23 00:00:00,250878592.0,Aave,
6793,Polygon,tvl,2025-04-24 00:00:00,248302209.0,Aave,
6794,Polygon,tvl,2025-04-25 00:00:00,248518485.0,Aave,
6795,Polygon,tvl,2025-04-26 00:00:00,247725128.0,Aave,
6796,Polygon,tvl,2025-04-27 00:00:00,251641323.0,Aave,
6797,Polygon,tvl,2025-04-28 00:00:00,247802502.0,Aave,
6798,Polygon,tvl,2025-04-29 00:00:00,250100961.0,Aave,
6799,Polygon,tvl,2025-04-30 00:00:00,247537606.0,Aave,
6800,Polygon,tvl,2025-05-01 00:00:00,247631477.0,Aave,
6801,Polygon,tvl,2025-05-02 00:00:00,251102136.0,Aave,
6802,Polygon,tvl,2025-05-03 00:00:00,251891437.0,Aave,
6803,Polygon,tvl,2025-05-04 00:00:00,249408663.0,Aave,
6804,Polygon,tvl,2025-05-05 00:00:00,246917597.0,Aave,
6805,Polygon,tvl,2025-05-06 00:00:00,248641153.0,Aave,
6806,Polygon,tvl,2025-05-07 00:00:00,251896013.0,Aave,
6807,Polygon,tvl,2025-05-08 00:00:00,250986602.0,Aave,
6808,Polygon,tvl,2025-05-09 00:00:00,273739010.0,Aave,
6809,Polygon,tvl,2025-05-10 00:00:00,278833043.0,Aave,
6810,Polygon,tvl,2025-05-11 00:00:00,289947844.0,Aave,
6811,Polygon,tvl,2025-05-12 00:00:00,286132970.0,Aave,
6812,Polygon,tvl,2025-05-13 00:00:00,280273354.0,Aave,
6813,Polygon,tvl,2025-05-14 00:00:00,289306017.0,Aave,
6814,Polygon,tvl,2025-05-15 00:00:00,285508336.0,Aave,
6815,Polygon,tvl,2025-05-16 00:00:00,281868996.0,Aave,
6816,Polygon,tvl,2025-05-17 00:00:00,281380720.0,Aave,
6817,Polygon,tvl,2025-05-18 00:00:00,278090611.0,Aave,
6818,Polygon,tvl,2025-05-19 00:00:00,282211461.0,Aave,
6819,Polygon,tvl,2025-05-20 00:00:00,283107304.0,Aave,
6820,Polygon,tvl,2025-05-21 00:00:00,284268266.0,Aave,
6821,Polygon,tvl,2025-05-22 00:00:00,286422796.0,Aave,
6822,Polygon,tvl,2025-05-23 00:00:00,291853112.0,Aave,
6823,Polygon,tvl,2025-05-24 00:00:00,280204432.0,Aave,
6824,Polygon,tvl,2025-05-25 00:00:00,280010060.0,Aave,
6825,Polygon,tvl,2025-05-26 00:00:00,283917325.0,Aave,
6826,Polygon,tvl,2025-05-27 00:00:00,284492687.0,Aave,
6827,Polygon,tvl,2025-05-28 00:00:00,286624270.0,Aave,
6828,Polygon,tvl,2025-05-29 00:00:00,285838812.0,Aave,
6829,Polygon,tvl,2025-05-30 00:00:00,280481110.0,Aave,
6830,Polygon,tvl,2025-05-31 00:00:00,271672236.0,Aave,
6831,Polygon,tvl,2025-06-01 00:00:00,276845138.0,Aave,
6832,Polygon,tvl,2025-06-02 00:00:00,278861931.0,Aave,
6833,Polygon,tvl,2025-06-03 00:00:00,282307100.0,Aave,
6834,Polygon,tvl,2025-06-04 00:00:00,280435368.0,Aave,
6835,Polygon,tvl,2025-06-05 00:00:00,280374521.0,Aave,
6836,Polygon,tvl,2025-06-06 00:00:00,268020559.0,Aave,
6837,Polygon,tvl,2025-06-07 00:00:00,275652307.0,Aave,
6838,Polygon,tvl,2025-06-08 00:00:00,279632056.0,Aave,
6839,Polygon,tvl,2025-06-09 00:00:00,279183191.0,Aave,
6840,Polygon,tvl,2025-06-10 00:00:00,294798126.0,Aave,
6841,Polygon,tvl,2025-06-11 00:00:00,298511290.0,Aave,
6842,Polygon,tvl,2025-06-12 00:00:00,295553856.0,Aave,
6843,Polygon,tvl,2025-06-13 00:00:00,281887610.0,Aave,
6844,Polygon,tvl,2025-06-14 00:00:00,281879055.0,Aave,
6845,Polygon,tvl,2025-06-15 00:00:00,279612077.0,Aave,
6846,Polygon,tvl,2025-06-16 00:00:00,279933782.0,Aave,
6847,Polygon,tvl,2025-06-17 00:00:00,283029487.0,Aave,
6848,Polygon,tvl,2025-06-18 00:00:00,275613442.0,Aave,
6849,Polygon,tvl,2025-06-19 00:00:00,275562773.0,Aave,
6850,Polygon,tvl,2025-06-20 00:00:00,274463724.0,Aave,
6851,Polygon,tvl,2025-06-21 00:00:00,268338825.0,Aave,
6852,Polygon,tvl,2025-06-22 00:00:00,261505504.0,Aave,
6853,Polygon,tvl,2025-06-23 00:00:00,260770261.0,Aave,
6854,Polygon,tvl,2025-06-24 00:00:00,273454846.0,Aave,
6855,Polygon,tvl,2025-06-25 00:00:00,275311501.0,Aave,
6856,Polygon,tvl,2025-06-26 00:00:00,274107930.0,Aave,
6857,Polygon,tvl,2025-06-27 00:00:00,273328821.0,Aave,
6858,Polygon,tvl,2025-06-28 00:00:00,273979255.0,Aave,
6859,Polygon,tvl,2025-06-29 00:00:00,276388488.0,Aave,
6860,Polygon,tvl,2025-06-30 00:00:00,280997646.0,Aave,
6861,Polygon,tvl,2025-07-01 00:00:00,279069575.0,Aave,
6862,Polygon,tvl,2025-07-02 00:00:00,272912164.0,Aave,
6863,Polygon,tvl,2025-07-03 00:00:00,284193592.0,Aave,
6864,Polygon,tvl,2025-07-04 00:00:00,283817685.0,Aave,
6865,Polygon,tvl,2025-07-05 00:00:00,278559305.0,Aave,
6866,Polygon,tvl,2025-07-06 00:00:00,279249620.0,Aave,
6867,Polygon,tvl,2025-07-07 00:00:00,281767625.0,Aave,
6868,Polygon,tvl,2025-07-08 00:00:00,279816853.0,Aave,
6869,Polygon,tvl,2025-07-09 00:00:00,283219451.0,Aave,
6870,Polygon,tvl,2025-07-10 00:00:00,292541494.0,Aave,
6871,Polygon,tvl,2025-07-11 00:00:00,303176760.0,Aave,
6872,Polygon,tvl,2025-07-12 00:00:00,306214869.0,Aave,
6873,Polygon,tvl,2025-07-13 00:00:00,304977699.0,Aave,
6874,Polygon,tvl,2025-07-14 00:00:00,308010585.0,Aave,
6875,Polygon,tvl,2025-07-15 00:00:00,308808408.0,Aave,
6876,Polygon,tvl,2025-07-16 00:00:00,306460636.0,Aave,
6877,Polygon,tvl,2025-07-17 00:00:00,314730794.0,Aave,
6878,Polygon,tvl,2025-07-18 00:00:00,317913254.0,Aave,
6879,Polygon,tvl,2025-07-19 00:00:00,318572942.0,Aave,
6880,Polygon,tvl,2025-07-20 00:00:00,318876758.0,Aave,
6881,Polygon,tvl,2025-07-21 00:00:00,322817338.0,Aave,
6882,Polygon,tvl,2025-07-22 00:00:00,324885310.0,Aave,
6883,Polygon,tvl,2025-07-23 00:00:00,326930325.0,Aave,
6884,Polygon,tvl,2025-07-24 00:00:00,318814274.0,Aave,
6885,Polygon,tvl,2025-07-25 00:00:00,314358468.0,Aave,
6886,Polygon,tvl,2025-07-26 00:00:00,319407186.0,Aave,
6887,Polygon,tvl,2025-07-27 00:00:00,320661267.0,Aave,
6888,Polygon,tvl,2025-07-28 00:00:00,325849468.0,Aave,
6889,Polygon,tvl,2025-07-29 00:00:00,318213436.0,Aave,
6890,Polygon,tvl,2025-07-30 00:00:00,315789612.0,Aave,
6891,Polygon,tvl,2025-07-31 00:00:00,315471185.0,Aave,
6892,Polygon,tvl,2025-08-01 00:00:00,304495190.0,Aave,
6893,Polygon,tvl,2025-08-02 00:00:00,294906619.0,Aave,
6894,Polygon,tvl,2025-08-03 00:00:00,290513514.0,Aave,
6895,Polygon,tvl,2025-08-04 00:00:00,297038962.0,Aave,
6896,Polygon,tvl,2025-08-05 00:00:00,302530721.0,Aave,
6897,Polygon,tvl,2025-08-06 00:00:00,299616540.0,Aave,
6898,Polygon,tvl,2025-08-07 00:00:00,304565134.0,Aave,
6899,Polygon,tvl,2025-08-08 00:00:00,316237443.0,Aave,
6900,Polygon,tvl,2025-08-09 00:00:00,317366307.0,Aave,
6901,Polygon,tvl,2025-08-10 00:00:00,324787743.0,Aave,
6902,Polygon,tvl,2025-08-11 00:00:00,325569776.0,Aave,
6903,Polygon,tvl,2025-08-12 00:00:00,322203300.0,Aave,
6904,Polygon,tvl,2025-08-13 00:00:00,333812988.0,Aave,
6905,Polygon,tvl,2025-08-14 00:00:00,341823067.0,Aave,
6906,Polygon,tvl,2025-08-15 00:00:00,327882838.0,Aave,
6907,Polygon,tvl,2025-08-16 00:00:00,319257103.0,Aave,
6908,Polygon,tvl,2025-08-17 00:00:00,320343550.0,Aave,
6909,Polygon,tvl,2025-08-18 00:00:00,323036939.0,Aave,
6910,Polygon,tvl,2025-08-19 00:00:00,318342814.0,Aave,
6911,Polygon,tvl,2025-08-20 00:00:00,304071059.0,Aave,
6912,Polygon,tvl,2025-08-21 00:00:00,312355368.0,Aave,
6913,Polygon,tvl,2025-08-22 00:00:00,306983696.0,Aave,
6914,Polygon,tvl,2025-08-23 00:00:00,329197520.0,Aave,
6915,Polygon,tvl,2025-08-24 00:00:00,326787037.0,Aave,
6916,Polygon,tvl,2025-08-25 00:00:00,319847491.0,Aave,
6917,Polygon,tvl,2025-08-26 00:00:00,305463002.0,Aave,
6918,Polygon,tvl,2025-08-27 00:00:00,315866337.0,Aave,
6919,Polygon,tvl,2025-08-28 00:00:00,311685529.0,Aave,
6920,Polygon,tvl,2025-08-29 00:00:00,313028292.0,Aave,
6921,Polygon,tvl,2025-08-30 00:00:00,302927506.0,Aave,
6922,Polygon,tvl,2025-08-31 00:00:00,305214156.0,Aave,
6923,Polygon,tvl,2025-09-01 00:00:00,304364672.0,Aave,
6924,Polygon,tvl,2025-09-02 00:00:00,302494269.0,Aave,
6925,Polygon,tvl,2025-09-03 00:00:00,305486079.0,Aave,
6926,Polygon,tvl,2025-09-04 00:00:00,308829363.0,Aave,
6927,Polygon,tvl,2025-09-05 00:00:00,302437582.0,Aave,
6928,Polygon,tvl,2025-09-06 00:00:00,303221950.0,Aave,
6929,Polygon,tvl,2025-09-07 00:00:00,300804858.0,Aave,
6930,Polygon,tvl,2025-09-08 00:00:00,303352608.0,Aave,
6931,Polygon,tvl,2025-09-09 00:00:00,304302222.0,Aave,
6932,Polygon,tvl,2025-09-10 00:00:00,301701915.0,Aave,
6933,Polygon,tvl,2025-09-11 00:00:00,304508442.0,Aave,
6934,Polygon,tvl,2025-09-12 00:00:00,311363453.0,Aave,
6935,Polygon,tvl,2025-09-13 00:00:00,316915124.0,Aave,
6936,Polygon,tvl,2025-09-14 00:00:00,314768300.0,Aave,
6937,Polygon,tvl,2025-09-15 00:00:00,310989671.0,Aave,
6938,Polygon,tvl,2025-09-16 00:00:00,305786278.0,Aave,
6939,Polygon,tvl,2025-09-17 00:00:00,307532819.0,Aave,
6940,Polygon,tvl,2025-09-18 00:00:00,311021832.0,Aave,
6941,Polygon,tvl,2025-09-19 00:00:00,311576922.0,Aave,
6942,Polygon,tvl,2025-09-20 00:00:00,304049914.0,Aave,
6943,Polygon,tvl,2025-09-21 00:00:00,304101512.0,Aave,
6944,Polygon,tvl,2025-09-22 00:00:00,300035250.0,Aave,
6945,Polygon,tvl,2025-09-23 00:00:00,289160395.0,Aave,
6946,Polygon,tvl,2025-09-24 00:00:00,288597481.0,Aave,
6947,Polygon,tvl,2025-09-25 00:00:00,289763733.0,Aave,
6948,Polygon,tvl,2025-09-26 00:00:00,277317902.0,Aave,
6949,Polygon,tvl,2025-09-27 00:00:00,282856556.0,Aave,
6950,Polygon,tvl,2025-09-28 00:00:00,279798157.0,Aave,
6951,Polygon,tvl,2025-09-29 00:00:00,287740804.0,Aave,
6952,Polygon,tvl,2025-09-30 00:00:00,291634320.0,Aave,
6953,Polygon,tvl,2025-10-01 00:00:00,289756860.0,Aave,
6954,Polygon,tvl,2025-10-02 00:00:00,302651478.0,Aave,
6955,Polygon,tvl,2025-10-03 00:00:00,306620714.0,Aave,
6956,Polygon,tvl,2025-10-04 00:00:00,308931632.0,Aave,
6957,Polygon,tvl,2025-10-05 00:00:00,307023307.0,Aave,
6958,Polygon,tvl,2025-10-06 00:00:00,308783819.0,Aave,
6959,Polygon,tvl,2025-10-07 00:00:00,316945288.0,Aave,
6960,Polygon,tvl,2025-10-08 00:00:00,307579318.0,Aave,
6961,Polygon,tvl,2025-10-09 00:00:00,311502180.0,Aave,
6962,Polygon,tvl,2025-10-10 00:00:00,306126558.0,Aave,
6963,Polygon,tvl,2025-10-11 00:00:00,273792458.0,Aave,
6964,Polygon,tvl,2025-10-12 00:00:00,266214542.0,Aave,
6965,Polygon,tvl,2025-10-13 00:00:00,283475654.0,Aave,
6966,Polygon,tvl,2025-10-14 00:00:00,287063968.0,Aave,
6967,Polygon,tvl,2025-10-15 00:00:00,282768228.0,Aave,
6968,Polygon,tvl,2025-10-16 00:00:00,278253248.0,Aave,
6969,Polygon,tvl,2025-10-17 00:00:00,274212668.0,Aave,
6970,Polygon,tvl,2025-10-18 00:00:00,269033477.0,Aave,
6971,Polygon,tvl,2025-10-19 00:00:00,270588836.0,Aave,
6972,Polygon,tvl,2025-10-20 00:00:00,273698492.0,Aave,
6973,Polygon,tvl,2025-10-21 00:00:00,276597479.0,Aave,
6974,Polygon,tvl,2025-10-22 00:00:00,272304506.0,Aave,
6975,Polygon,tvl,2025-10-23 00:00:00,267689697.0,Aave,
6976,Polygon,tvl,2025-10-24 00:00:00,271203902.0,Aave,
6977,Polygon,tvl,2025-10-25 00:00:00,274132066.0,Aave,
6978,Polygon,tvl,2025-10-26 00:00:00,274309913.0,Aave,
6979,Polygon,tvl,2025-10-27 00:00:00,283692940.0,Aave,
6980,Polygon,tvl,2025-10-28 00:00:00,281680197.0,Aave,
6981,Polygon,tvl,2025-10-29 00:00:00,277094833.0,Aave,
6982,Polygon,tvl,2025-10-30 00:00:00,272141870.0,Aave,
6983,Polygon,tvl,2025-10-31 00:00:00,266004090.0,Aave,
6984,Polygon,tvl,2025-11-01 00:00:00,268704309.0,Aave,
6985,Polygon,tvl,2025-11-02 00:00:00,269587313.0,Aave,
6986,Polygon,tvl,2025-11-03 00:00:00,270949590.0,Aave,
6987,Polygon,tvl,2025-11-04 00:00:00,255339175.0,Aave,
6988,Polygon,tvl,2025-11-05 00:00:00,242959725.0,Aave,
6989,Polygon,tvl,2025-11-06 00:00:00,250058428.0,Aave,
6990,Polygon,tvl,2025-11-07 00:00:00,243955659.0,Aave,
6991,Polygon,tvl,2025-11-08 00:00:00,248851140.0,Aave,
6992,Polygon,tvl,2025-11-09 00:00:00,246409771.0,Aave,
6993,Polygon,tvl,2025-11-10 00:00:00,253982738.0,Aave,
6994,Polygon,tvl,2025-11-11 00:00:00,254824880.0,Aave,
6995,Polygon,tvl,2025-11-12 00:00:00,246017427.0,Aave,
6996,Polygon,tvl,2025-11-13 00:00:00,244171233.0,Aave,
6997,Polygon,tvl,2025-11-14 00:00:00,237144610.0,Aave,
6998,Polygon,tvl,2025-11-15 00:00:00,226142328.0,Aave,
6999,Polygon,tvl,2025-11-16 00:00:00,229609489.0,Aave,
7000,Polygon,tvl,2025-11-17 00:00:00,226631337.0,Aave,
7001,Polygon,tvl,2025-11-18 00:00:00,220680227.0,Aave,
7002,Polygon,tvl,2025-11-19 00:00:00,222606274.0,Aave,
7003,Polygon,tvl,2025-11-20 00:00:00,218792491.0,Aave,
7004,Polygon,tvl,2025-11-21 00:00:00,209317060.0,Aave,
7005,Polygon,tvl,2025-11-22 00:00:00,205945968.0,Aave,
7006,Polygon,tvl,2025-11-23 00:00:00,205504732.0,Aave,
7007,Polygon,tvl,2025-11-24 00:00:00,208760154.0,Aave,
7008,Polygon,tvl,2025-11-25 00:00:00,214583595.0,Aave,
7009,Polygon,tvl,2025-11-26 00:00:00,213530867.0,Aave,
7010,Polygon,tvl,2025-11-27 00:00:00,218235192.0,Aave,
7011,Polygon,tvl,2025-11-28 00:00:00,219010372.0,Aave,
7012,Polygon,tvl,2025-11-29 00:00:00,218819427.0,Aave,
7013,Polygon,tvl,2025-11-30 00:00:00,218161726.0,Aave,
7014,Polygon,tvl,2025-12-01 00:00:00,217656543.0,Aave,
7015,Polygon,tvl,2025-12-02 00:00:00,208639142.0,Aave,
7016,Polygon,tvl,2025-12-03 00:00:00,220099491.0,Aave,
7017,Polygon,tvl,2025-12-04 00:00:00,229129963.0,Aave,
7018,Polygon,tvl,2025-12-05 00:00:00,224287471.0,Aave,
7019,Polygon,tvl,2025-12-06 00:00:00,218227001.0,Aave,
7020,Polygon,tvl,2025-12-07 00:00:00,219296179.0,Aave,
7021,Polygon,tvl,2025-12-08 00:00:00,220529756.0,Aave,
7022,Polygon,tvl,2025-12-09 00:00:00,223114853.0,Aave,
7023,Polygon,tvl,2025-12-10 00:00:00,229404790.0,Aave,
7024,Polygon,tvl,2025-12-11 00:00:00,228553942.0,Aave,
7025,Polygon,tvl,2025-12-12 00:00:00,225769748.0,Aave,
7026,Polygon,tvl,2025-12-13 00:00:00,220431087.0,Aave,
7027,Polygon,tvl,2025-12-14 00:00:00,220399876.0,Aave,
7028,Polygon,tvl,2025-12-15 00:00:00,217178254.0,Aave,
7029,Polygon,tvl,2025-12-16 00:00:00,210895382.0,Aave,
7030,Polygon,tvl,2025-12-17 00:00:00,211658433.0,Aave,
7031,Polygon,tvl,2025-12-18 00:00:00,207243458.0,Aave,
7032,Polygon,tvl,2025-12-19 00:00:00,207550798.0,Aave,
7033,Polygon,tvl,2025-12-20 00:00:00,213905979.0,Aave,
7034,Polygon,tvl,2025-12-21 00:00:00,214046464.0,Aave,
7035,Polygon,tvl,2025-12-22 00:00:00,214885760.0,Aave,
7036,Polygon,tvl,2025-12-23 00:00:00,214453605.0,Aave,
7037,Polygon,tvl,2025-12-24 00:00:00,211496411.0,Aave,
7038,Polygon,tvl,2025-12-25 00:00:00,210809301.0,Aave,
7039,Polygon,tvl,2025-12-26 00:00:00,208742667.0,Aave,
7040,Polygon,tvl,2025-12-27 00:00:00,210284396.0,Aave,
7041,Polygon,tvl,2025-12-28 00:00:00,210165893.0,Aave,
7042,Polygon,tvl,2025-12-29 00:00:00,210530321.0,Aave,
7043,Polygon,tvl,2025-12-30 00:00:00,209454437.0,Aave,
7044,Polygon,tvl,2025-12-31 00:00:00,211664982.0,Aave,
7045,Polygon,tvl,2026-01-01 00:00:00,210545076.0,Aave,
7046,Polygon,tvl,2026-01-02 00:00:00,212479266.0,Aave,
7047,Polygon,tvl,2026-01-03 00:00:00,217636544.0,Aave,
7048,Polygon,tvl,2026-01-04 00:00:00,219169919.0,Aave,
7049,Polygon,tvl,2026-01-05 00:00:00,220596176.0,Aave,
7050,Polygon,tvl,2026-01-06 00:00:00,225137640.0,Aave,
7051,Polygon,tvl,2026-01-07 00:00:00,225045732.0,Aave,
7052,Polygon,tvl,2026-01-08 00:00:00,219296437.0,Aave,
7053,Polygon,tvl,2026-01-09 00:00:00,218529384.0,Aave,
7054,Polygon,tvl,2026-01-10 00:00:00,218262703.0,Aave,
7055,Polygon,tvl,2026-01-11 00:00:00,219686674.0,Aave,
7056,Polygon,tvl,2026-01-11 12:54:23,220652226.0,Aave,
8744,Ethereum,tvl,2025-01-01 00:00:00,17644399434.0,Aave,
8745,Ethereum,tvl,2025-01-02 00:00:00,18004246322.0,Aave,
8746,Ethereum,tvl,2025-01-03 00:00:00,18259385558.0,Aave,
8747,Ethereum,tvl,2025-01-04 00:00:00,18553444286.0,Aave,
8748,Ethereum,tvl,2025-01-05 00:00:00,18744374669.0,Aave,
8749,Ethereum,tvl,2025-01-06 00:00:00,18817015257.0,Aave,
8750,Ethereum,tvl,2025-01-07 00:00:00,19042734080.0,Aave,
8751,Ethereum,tvl,2025-01-08 00:00:00,17391976227.0,Aave,
8752,Ethereum,tvl,2025-01-09 00:00:00,17308389224.0,Aave,
8753,Ethereum,tvl,2025-01-10 00:00:00,17000427582.0,Aave,
8754,Ethereum,tvl,2025-01-11 00:00:00,17533353237.0,Aave,
8755,Ethereum,tvl,2025-01-12 00:00:00,17707983879.0,Aave,
8756,Ethereum,tvl,2025-01-13 00:00:00,17896393715.0,Aave,
8757,Ethereum,tvl,2025-01-14 00:00:00,17561614505.0,Aave,
8758,Ethereum,tvl,2025-01-15 00:00:00,18064727954.0,Aave,
8759,Ethereum,tvl,2025-01-16 00:00:00,18933968901.0,Aave,
8760,Ethereum,tvl,2025-01-17 00:00:00,18383659231.0,Aave,
8761,Ethereum,tvl,2025-01-18 00:00:00,19097112246.0,Aave,
8762,Ethereum,tvl,2025-01-19 00:00:00,18558965182.0,Aave,
8763,Ethereum,tvl,2025-01-20 00:00:00,18172593440.0,Aave,
8764,Ethereum,tvl,2025-01-21 00:00:00,18480772508.0,Aave,
8765,Ethereum,tvl,2025-01-22 00:00:00,18709256098.0,Aave,
8766,Ethereum,tvl,2025-01-23 00:00:00,18429705417.0,Aave,
8767,Ethereum,tvl,2025-01-24 00:00:00,18620737508.0,Aave,
8768,Ethereum,tvl,2025-01-25 00:00:00,18814501058.0,Aave,
8769,Ethereum,tvl,2025-01-26 00:00:00,18932925140.0,Aave,
8770,Ethereum,tvl,2025-01-27 00:00:00,18730072362.0,Aave,
8771,Ethereum,tvl,2025-01-28 00:00:00,17983176085.0,Aave,
8772,Ethereum,tvl,2025-01-29 00:00:00,18044203897.0,Aave,
8773,Ethereum,tvl,2025-01-30 00:00:00,18289328400.0,Aave,
8774,Ethereum,tvl,2025-01-31 00:00:00,18867552011.0,Aave,
8775,Ethereum,tvl,2025-02-01 00:00:00,19021244902.0,Aave,
8776,Ethereum,tvl,2025-02-02 00:00:00,18256304186.0,Aave,
8777,Ethereum,tvl,2025-02-03 00:00:00,16907839029.0,Aave,
8778,Ethereum,tvl,2025-02-04 00:00:00,17547837414.0,Aave,
8779,Ethereum,tvl,2025-02-05 00:00:00,16979777352.0,Aave,
8780,Ethereum,tvl,2025-02-06 00:00:00,16912073488.0,Aave,
8781,Ethereum,tvl,2025-02-07 00:00:00,16826409885.0,Aave,
8782,Ethereum,tvl,2025-02-08 00:00:00,16614668915.0,Aave,
8783,Ethereum,tvl,2025-02-09 00:00:00,16770929455.0,Aave,
8784,Ethereum,tvl,2025-02-10 00:00:00,16660577659.0,Aave,
8785,Ethereum,tvl,2025-02-11 00:00:00,16998956840.0,Aave,
8786,Ethereum,tvl,2025-02-12 00:00:00,16584055291.0,Aave,
8787,Ethereum,tvl,2025-02-13 00:00:00,17119759073.0,Aave,
8788,Ethereum,tvl,2025-02-14 00:00:00,17008481589.0,Aave,
8789,Ethereum,tvl,2025-02-15 00:00:00,17248185863.0,Aave,
8790,Ethereum,tvl,2025-02-16 00:00:00,17121636720.0,Aave,
8791,Ethereum,tvl,2025-02-17 00:00:00,16847167283.0,Aave,
8792,Ethereum,tvl,2025-02-18 00:00:00,17236685748.0,Aave,
8793,Ethereum,tvl,2025-02-19 00:00:00,16915837256.0,Aave,
8794,Ethereum,tvl,2025-02-20 00:00:00,17204717956.0,Aave,
8795,Ethereum,tvl,2025-02-21 00:00:00,17438290725.0,Aave,
8796,Ethereum,tvl,2025-02-22 00:00:00,17017806302.0,Aave,
8797,Ethereum,tvl,2025-02-23 00:00:00,16979664985.0,Aave,
8798,Ethereum,tvl,2025-02-24 00:00:00,17780452126.0,Aave,
8799,Ethereum,tvl,2025-02-25 00:00:00,16725011999.0,Aave,
8800,Ethereum,tvl,2025-02-26 00:00:00,16654735729.0,Aave,
8801,Ethereum,tvl,2025-02-27 00:00:00,15702584560.0,Aave,
8802,Ethereum,tvl,2025-02-28 00:00:00,15758882432.0,Aave,
8803,Ethereum,tvl,2025-03-01 00:00:00,15756081049.0,Aave,
8804,Ethereum,tvl,2025-03-02 00:00:00,15827820018.0,Aave,
8805,Ethereum,tvl,2025-03-03 00:00:00,17393115729.0,Aave,
8806,Ethereum,tvl,2025-03-04 00:00:00,15720917989.0,Aave,
8807,Ethereum,tvl,2025-03-05 00:00:00,15789257790.0,Aave,
8808,Ethereum,tvl,2025-03-06 00:00:00,16281759968.0,Aave,
8809,Ethereum,tvl,2025-03-07 00:00:00,15700579600.0,Aave,
8810,Ethereum,tvl,2025-03-08 00:00:00,15658750344.0,Aave,
8811,Ethereum,tvl,2025-03-09 00:00:00,15751443586.0,Aave,
8812,Ethereum,tvl,2025-03-10 00:00:00,14874984921.0,Aave,
8813,Ethereum,tvl,2025-03-11 00:00:00,14329212446.0,Aave,
8814,Ethereum,tvl,2025-03-12 00:00:00,14757468221.0,Aave,
8815,Ethereum,tvl,2025-03-13 00:00:00,14845744214.0,Aave,
8816,Ethereum,tvl,2025-03-14 00:00:00,14663592012.0,Aave,
8817,Ethereum,tvl,2025-03-15 00:00:00,15192719614.0,Aave,
8818,Ethereum,tvl,2025-03-16 00:00:00,15355837074.0,Aave,
8819,Ethereum,tvl,2025-03-17 00:00:00,15204475677.0,Aave,
8820,Ethereum,tvl,2025-03-18 00:00:00,15326851608.0,Aave,
8821,Ethereum,tvl,2025-03-19 00:00:00,15351567780.0,Aave,
8822,Ethereum,tvl,2025-03-20 00:00:00,15310206697.0,Aave,
8823,Ethereum,tvl,2025-03-21 00:00:00,14987033920.0,Aave,
8824,Ethereum,tvl,2025-03-22 00:00:00,15182285307.0,Aave,
8825,Ethereum,tvl,2025-03-23 00:00:00,15462861402.0,Aave,
8826,Ethereum,tvl,2025-03-24 00:00:00,15957522130.0,Aave,
8827,Ethereum,tvl,2025-03-25 00:00:00,16514101632.0,Aave,
8828,Ethereum,tvl,2025-03-26 00:00:00,16718236852.0,Aave,
8829,Ethereum,tvl,2025-03-27 00:00:00,16307180563.0,Aave,
8830,Ethereum,tvl,2025-03-28 00:00:00,16457633696.0,Aave,
8831,Ethereum,tvl,2025-03-29 00:00:00,15778834320.0,Aave,
8832,Ethereum,tvl,2025-03-30 00:00:00,15327294725.0,Aave,
8833,Ethereum,tvl,2025-03-31 00:00:00,14349322679.0,Aave,
8834,Ethereum,tvl,2025-04-01 00:00:00,14706021802.0,Aave,
8835,Ethereum,tvl,2025-04-02 00:00:00,15241277656.0,Aave,
8836,Ethereum,tvl,2025-04-03 00:00:00,14690305411.0,Aave,
8837,Ethereum,tvl,2025-04-04 00:00:00,14940454960.0,Aave,
8838,Ethereum,tvl,2025-04-05 00:00:00,15015933071.0,Aave,
8839,Ethereum,tvl,2025-04-06 00:00:00,15092369256.0,Aave,
8840,Ethereum,tvl,2025-04-07 00:00:00,13994101407.0,Aave,
8841,Ethereum,tvl,2025-04-08 00:00:00,14278304483.0,Aave,
8842,Ethereum,tvl,2025-04-09 00:00:00,14016439916.0,Aave,
8843,Ethereum,tvl,2025-04-10 00:00:00,15265652387.0,Aave,
8844,Ethereum,tvl,2025-04-11 00:00:00,14562170821.0,Aave,
8845,Ethereum,tvl,2025-04-12 00:00:00,14909268364.0,Aave,
8846,Ethereum,tvl,2025-04-13 00:00:00,15027549769.0,Aave,
8847,Ethereum,tvl,2025-04-14 00:00:00,15117167733.0,Aave,
8848,Ethereum,tvl,2025-04-15 00:00:00,15366030399.0,Aave,
8849,Ethereum,tvl,2025-04-16 00:00:00,15325677153.0,Aave,
8850,Ethereum,tvl,2025-04-17 00:00:00,15433185751.0,Aave,
8851,Ethereum,tvl,2025-04-18 00:00:00,15408159070.0,Aave,
8852,Ethereum,tvl,2025-04-19 00:00:00,15362034108.0,Aave,
8853,Ethereum,tvl,2025-04-20 00:00:00,15544120543.0,Aave,
8854,Ethereum,tvl,2025-04-21 00:00:00,15361411223.0,Aave,
8855,Ethereum,tvl,2025-04-22 00:00:00,14685982556.0,Aave,
8856,Ethereum,tvl,2025-04-23 00:00:00,16162930206.0,Aave,
8857,Ethereum,tvl,2025-04-24 00:00:00,16706519604.0,Aave,
8858,Ethereum,tvl,2025-04-25 00:00:00,16822962200.0,Aave,
8859,Ethereum,tvl,2025-04-26 00:00:00,17208391127.0,Aave,
8860,Ethereum,tvl,2025-04-27 00:00:00,16973983357.0,Aave,
8861,Ethereum,tvl,2025-04-28 00:00:00,17112828605.0,Aave,
8862,Ethereum,tvl,2025-04-29 00:00:00,17105790444.0,Aave,
8863,Ethereum,tvl,2025-04-30 00:00:00,16988216698.0,Aave,
8864,Ethereum,tvl,2025-05-01 00:00:00,16989020679.0,Aave,
8865,Ethereum,tvl,2025-05-02 00:00:00,17481228282.0,Aave,
8866,Ethereum,tvl,2025-05-03 00:00:00,17823481593.0,Aave,
8867,Ethereum,tvl,2025-05-04 00:00:00,17740442179.0,Aave,
8868,Ethereum,tvl,2025-05-05 00:00:00,17528749607.0,Aave,
8869,Ethereum,tvl,2025-05-06 00:00:00,17392484807.0,Aave,
8870,Ethereum,tvl,2025-05-07 00:00:00,17652799118.0,Aave,
8871,Ethereum,tvl,2025-05-08 00:00:00,16700813459.0,Aave,
8872,Ethereum,tvl,2025-05-09 00:00:00,19140243552.0,Aave,
8873,Ethereum,tvl,2025-05-10 00:00:00,20268790994.0,Aave,
8874,Ethereum,tvl,2025-05-11 00:00:00,21547195450.0,Aave,
8875,Ethereum,tvl,2025-05-12 00:00:00,21176480293.0,Aave,
8876,Ethereum,tvl,2025-05-13 00:00:00,20795775613.0,Aave,
8877,Ethereum,tvl,2025-05-14 00:00:00,21895863343.0,Aave,
8878,Ethereum,tvl,2025-05-15 00:00:00,20662156396.0,Aave,
8879,Ethereum,tvl,2025-05-16 00:00:00,20123781716.0,Aave,
8880,Ethereum,tvl,2025-05-17 00:00:00,20398737098.0,Aave,
8881,Ethereum,tvl,2025-05-18 00:00:00,20214019023.0,Aave,
8882,Ethereum,tvl,2025-05-19 00:00:00,20733345857.0,Aave,
8883,Ethereum,tvl,2025-05-20 00:00:00,20927572634.0,Aave,
8884,Ethereum,tvl,2025-05-21 00:00:00,21125250140.0,Aave,
8885,Ethereum,tvl,2025-05-22 00:00:00,21408959058.0,Aave,
8886,Ethereum,tvl,2025-05-23 00:00:00,22245788428.0,Aave,
8887,Ethereum,tvl,2025-05-24 00:00:00,21509438324.0,Aave,
8888,Ethereum,tvl,2025-05-25 00:00:00,21531097635.0,Aave,
8889,Ethereum,tvl,2025-05-26 00:00:00,21600470842.0,Aave,
8890,Ethereum,tvl,2025-05-27 00:00:00,21771407499.0,Aave,
8891,Ethereum,tvl,2025-05-28 00:00:00,22162371241.0,Aave,
8892,Ethereum,tvl,2025-05-29 00:00:00,22105057524.0,Aave,
8893,Ethereum,tvl,2025-05-30 00:00:00,21699548963.0,Aave,
8894,Ethereum,tvl,2025-05-31 00:00:00,21182856887.0,Aave,
8895,Ethereum,tvl,2025-06-01 00:00:00,21324696108.0,Aave,
8896,Ethereum,tvl,2025-06-02 00:00:00,21560124862.0,Aave,
8897,Ethereum,tvl,2025-06-03 00:00:00,21894523487.0,Aave,
8898,Ethereum,tvl,2025-06-04 00:00:00,21905755406.0,Aave,
8899,Ethereum,tvl,2025-06-05 00:00:00,21982160576.0,Aave,
8900,Ethereum,tvl,2025-06-06 00:00:00,20832810849.0,Aave,
8901,Ethereum,tvl,2025-06-07 00:00:00,21358606434.0,Aave,
8902,Ethereum,tvl,2025-06-08 00:00:00,21708640275.0,Aave,
8903,Ethereum,tvl,2025-06-09 00:00:00,21632888534.0,Aave,
8904,Ethereum,tvl,2025-06-10 00:00:00,22136530396.0,Aave,
8905,Ethereum,tvl,2025-06-11 00:00:00,23080130822.0,Aave,
8906,Ethereum,tvl,2025-06-12 00:00:00,22956333197.0,Aave,
8907,Ethereum,tvl,2025-06-13 00:00:00,22087992397.0,Aave,
8908,Ethereum,tvl,2025-06-14 00:00:00,21948141156.0,Aave,
8909,Ethereum,tvl,2025-06-15 00:00:00,21752731712.0,Aave,
8910,Ethereum,tvl,2025-06-16 00:00:00,21799115759.0,Aave,
8911,Ethereum,tvl,2025-06-17 00:00:00,23044654737.0,Aave,
8912,Ethereum,tvl,2025-06-18 00:00:00,22500632156.0,Aave,
8913,Ethereum,tvl,2025-06-19 00:00:00,22538439324.0,Aave,
8914,Ethereum,tvl,2025-06-20 00:00:00,22490596132.0,Aave,
8915,Ethereum,tvl,2025-06-21 00:00:00,21620210454.0,Aave,
8916,Ethereum,tvl,2025-06-22 00:00:00,20884203212.0,Aave,
8917,Ethereum,tvl,2025-06-23 00:00:00,19910788829.0,Aave,
8918,Ethereum,tvl,2025-06-24 00:00:00,21397730344.0,Aave,
8919,Ethereum,tvl,2025-06-25 00:00:00,21651162674.0,Aave,
8920,Ethereum,tvl,2025-06-26 00:00:00,21897090098.0,Aave,
8921,Ethereum,tvl,2025-06-27 00:00:00,21395378832.0,Aave,
8922,Ethereum,tvl,2025-06-28 00:00:00,21714899422.0,Aave,
8923,Ethereum,tvl,2025-06-29 00:00:00,21864756825.0,Aave,
8924,Ethereum,tvl,2025-06-30 00:00:00,22348514941.0,Aave,
8925,Ethereum,tvl,2025-07-01 00:00:00,21964765252.0,Aave,
8926,Ethereum,tvl,2025-07-02 00:00:00,21492746991.0,Aave,
8927,Ethereum,tvl,2025-07-03 00:00:00,22553377550.0,Aave,
8928,Ethereum,tvl,2025-07-04 00:00:00,23010806911.0,Aave,
8929,Ethereum,tvl,2025-07-05 00:00:00,22502909685.0,Aave,
8930,Ethereum,tvl,2025-07-06 00:00:00,22799025168.0,Aave,
8931,Ethereum,tvl,2025-07-07 00:00:00,23143878202.0,Aave,
8932,Ethereum,tvl,2025-07-08 00:00:00,22921130662.0,Aave,
8933,Ethereum,tvl,2025-07-09 00:00:00,23390232097.0,Aave,
8934,Ethereum,tvl,2025-07-10 00:00:00,24510960982.0,Aave,
8935,Ethereum,tvl,2025-07-11 00:00:00,25384615091.0,Aave,
8936,Ethereum,tvl,2025-07-12 00:00:00,25409387687.0,Aave,
8937,Ethereum,tvl,2025-07-13 00:00:00,25444650303.0,Aave,
8938,Ethereum,tvl,2025-07-14 00:00:00,25920501967.0,Aave,
8939,Ethereum,tvl,2025-07-15 00:00:00,26283863981.0,Aave,
8940,Ethereum,tvl,2025-07-16 00:00:00,26863665274.0,Aave,
8941,Ethereum,tvl,2025-07-17 00:00:00,26762910902.0,Aave,
8942,Ethereum,tvl,2025-07-18 00:00:00,27296373601.0,Aave,
8943,Ethereum,tvl,2025-07-19 00:00:00,28103471252.0,Aave,
8944,Ethereum,tvl,2025-07-20 00:00:00,28539935131.0,Aave,
8945,Ethereum,tvl,2025-07-21 00:00:00,29750188573.0,Aave,
8946,Ethereum,tvl,2025-07-22 00:00:00,29650503486.0,Aave,
8947,Ethereum,tvl,2025-07-23 00:00:00,29567246737.0,Aave,
8948,Ethereum,tvl,2025-07-24 00:00:00,29254198661.0,Aave,
8949,Ethereum,tvl,2025-07-25 00:00:00,29264920244.0,Aave,
8950,Ethereum,tvl,2025-07-26 00:00:00,29759700275.0,Aave,
8951,Ethereum,tvl,2025-07-27 00:00:00,29932110484.0,Aave,
8952,Ethereum,tvl,2025-07-28 00:00:00,31274381307.0,Aave,
8953,Ethereum,tvl,2025-07-29 00:00:00,30381154789.0,Aave,
8954,Ethereum,tvl,2025-07-30 00:00:00,30402797760.0,Aave,
8955,Ethereum,tvl,2025-07-31 00:00:00,30648082394.0,Aave,
8956,Ethereum,tvl,2025-08-01 00:00:00,30328346715.0,Aave,
8957,Ethereum,tvl,2025-08-02 00:00:00,28902630152.0,Aave,
8958,Ethereum,tvl,2025-08-03 00:00:00,28539982427.0,Aave,
8959,Ethereum,tvl,2025-08-04 00:00:00,29328580852.0,Aave,
8960,Ethereum,tvl,2025-08-05 00:00:00,30782003640.0,Aave,
8961,Ethereum,tvl,2025-08-06 00:00:00,30863714277.0,Aave,
8962,Ethereum,tvl,2025-08-07 00:00:00,31347335054.0,Aave,
8963,Ethereum,tvl,2025-08-08 00:00:00,33220098429.0,Aave,
8964,Ethereum,tvl,2025-08-09 00:00:00,33459029012.0,Aave,
8965,Ethereum,tvl,2025-08-10 00:00:00,34602755833.0,Aave,
8966,Ethereum,tvl,2025-08-11 00:00:00,34741438470.0,Aave,
8967,Ethereum,tvl,2025-08-12 00:00:00,34621609411.0,Aave,
8968,Ethereum,tvl,2025-08-13 00:00:00,36089632202.0,Aave,
8969,Ethereum,tvl,2025-08-14 00:00:00,35989428398.0,Aave,
8970,Ethereum,tvl,2025-08-15 00:00:00,34783752579.0,Aave,
8971,Ethereum,tvl,2025-08-16 00:00:00,33711208370.0,Aave,
8972,Ethereum,tvl,2025-08-17 00:00:00,33535988665.0,Aave,
8973,Ethereum,tvl,2025-08-18 00:00:00,33482070774.0,Aave,
8974,Ethereum,tvl,2025-08-19 00:00:00,32983794631.0,Aave,
8975,Ethereum,tvl,2025-08-20 00:00:00,31598808711.0,Aave,
8976,Ethereum,tvl,2025-08-21 00:00:00,32802822041.0,Aave,
8977,Ethereum,tvl,2025-08-22 00:00:00,32648500890.0,Aave,
8978,Ethereum,tvl,2025-08-23 00:00:00,35364112745.0,Aave,
8979,Ethereum,tvl,2025-08-24 00:00:00,36533820074.0,Aave,
8980,Ethereum,tvl,2025-08-25 00:00:00,35354917211.0,Aave,
8981,Ethereum,tvl,2025-08-26 00:00:00,34367536150.0,Aave,
8982,Ethereum,tvl,2025-08-27 00:00:00,35315028252.0,Aave,
8983,Ethereum,tvl,2025-08-28 00:00:00,35097363495.0,Aave,
8984,Ethereum,tvl,2025-08-29 00:00:00,35498078481.0,Aave,
8985,Ethereum,tvl,2025-08-30 00:00:00,35001325027.0,Aave,
8986,Ethereum,tvl,2025-08-31 00:00:00,34775654780.0,Aave,
8987,Ethereum,tvl,2025-09-01 00:00:00,34629598600.0,Aave,
8988,Ethereum,tvl,2025-09-02 00:00:00,34367373099.0,Aave,
8989,Ethereum,tvl,2025-09-03 00:00:00,33887734040.0,Aave,
8990,Ethereum,tvl,2025-09-04 00:00:00,35355733102.0,Aave,
8991,Ethereum,tvl,2025-09-05 00:00:00,34342216135.0,Aave,
8992,Ethereum,tvl,2025-09-06 00:00:00,34610867015.0,Aave,
8993,Ethereum,tvl,2025-09-07 00:00:00,34338124464.0,Aave,
8994,Ethereum,tvl,2025-09-08 00:00:00,35268571300.0,Aave,
8995,Ethereum,tvl,2025-09-09 00:00:00,34974322996.0,Aave,
8996,Ethereum,tvl,2025-09-10 00:00:00,34704928807.0,Aave,
8997,Ethereum,tvl,2025-09-11 00:00:00,35197768416.0,Aave,
8998,Ethereum,tvl,2025-09-12 00:00:00,35617287245.0,Aave,
8999,Ethereum,tvl,2025-09-13 00:00:00,37051246720.0,Aave,
9000,Ethereum,tvl,2025-09-14 00:00:00,36914299147.0,Aave,
9001,Ethereum,tvl,2025-09-15 00:00:00,36545396021.0,Aave,
9002,Ethereum,tvl,2025-09-16 00:00:00,36207264063.0,Aave,
9003,Ethereum,tvl,2025-09-17 00:00:00,35388885894.0,Aave,
9004,Ethereum,tvl,2025-09-18 00:00:00,36163150798.0,Aave,
9005,Ethereum,tvl,2025-09-19 00:00:00,36993307175.0,Aave,
9006,Ethereum,tvl,2025-09-20 00:00:00,36277684132.0,Aave,
9007,Ethereum,tvl,2025-09-21 00:00:00,37402697632.0,Aave,
9008,Ethereum,tvl,2025-09-22 00:00:00,36859950179.0,Aave,
9009,Ethereum,tvl,2025-09-23 00:00:00,35155116359.0,Aave,
9010,Ethereum,tvl,2025-09-24 00:00:00,34489725590.0,Aave,
9011,Ethereum,tvl,2025-09-25 00:00:00,34662474034.0,Aave,
9012,Ethereum,tvl,2025-09-26 00:00:00,32827534305.0,Aave,
9013,Ethereum,tvl,2025-09-27 00:00:00,32764830059.0,Aave,
9014,Ethereum,tvl,2025-09-28 00:00:00,32501658703.0,Aave,
9015,Ethereum,tvl,2025-09-29 00:00:00,33250408819.0,Aave,
9016,Ethereum,tvl,2025-09-30 00:00:00,33810521551.0,Aave,
9017,Ethereum,tvl,2025-10-01 00:00:00,33648968628.0,Aave,
9018,Ethereum,tvl,2025-10-02 00:00:00,34710071732.0,Aave,
9019,Ethereum,tvl,2025-10-03 00:00:00,35173392970.0,Aave,
9020,Ethereum,tvl,2025-10-04 00:00:00,35415262516.0,Aave,
9021,Ethereum,tvl,2025-10-05 00:00:00,35432813372.0,Aave,
9022,Ethereum,tvl,2025-10-06 00:00:00,35558310333.0,Aave,
9023,Ethereum,tvl,2025-10-07 00:00:00,36656291275.0,Aave,
9024,Ethereum,tvl,2025-10-08 00:00:00,35611656057.0,Aave,
9025,Ethereum,tvl,2025-10-09 00:00:00,35157459639.0,Aave,
9026,Ethereum,tvl,2025-10-10 00:00:00,34269347096.0,Aave,
9027,Ethereum,tvl,2025-10-11 00:00:00,29753089779.0,Aave,
9028,Ethereum,tvl,2025-10-12 00:00:00,30241372474.0,Aave,
9029,Ethereum,tvl,2025-10-13 00:00:00,32405097849.0,Aave,
9030,Ethereum,tvl,2025-10-14 00:00:00,32891489038.0,Aave,
9031,Ethereum,tvl,2025-10-15 00:00:00,32277871173.0,Aave,
9032,Ethereum,tvl,2025-10-16 00:00:00,31598594443.0,Aave,
9033,Ethereum,tvl,2025-10-17 00:00:00,31073951308.0,Aave,
9034,Ethereum,tvl,2025-10-18 00:00:00,30484787546.0,Aave,
9035,Ethereum,tvl,2025-10-19 00:00:00,30834078452.0,Aave,
9036,Ethereum,tvl,2025-10-20 00:00:00,30723035561.0,Aave,
9037,Ethereum,tvl,2025-10-21 00:00:00,31279050251.0,Aave,
9038,Ethereum,tvl,2025-10-22 00:00:00,30806609474.0,Aave,
9039,Ethereum,tvl,2025-10-23 00:00:00,29095595609.0,Aave,
9040,Ethereum,tvl,2025-10-24 00:00:00,29796027780.0,Aave,
9041,Ethereum,tvl,2025-10-25 00:00:00,30645285815.0,Aave,
9042,Ethereum,tvl,2025-10-26 00:00:00,30831090358.0,Aave,
9043,Ethereum,tvl,2025-10-27 00:00:00,32280839010.0,Aave,
9044,Ethereum,tvl,2025-10-28 00:00:00,31927579114.0,Aave,
9045,Ethereum,tvl,2025-10-29 00:00:00,31263051565.0,Aave,
9046,Ethereum,tvl,2025-10-30 00:00:00,30877212266.0,Aave,
9047,Ethereum,tvl,2025-10-31 00:00:00,30130093326.0,Aave,
9048,Ethereum,tvl,2025-11-01 00:00:00,30447693587.0,Aave,
9049,Ethereum,tvl,2025-11-02 00:00:00,30131903449.0,Aave,
9050,Ethereum,tvl,2025-11-03 00:00:00,30277100379.0,Aave,
9051,Ethereum,tvl,2025-11-04 00:00:00,28364186224.0,Aave,
9052,Ethereum,tvl,2025-11-05 00:00:00,25969314065.0,Aave,
9053,Ethereum,tvl,2025-11-06 00:00:00,25772370052.0,Aave,
9054,Ethereum,tvl,2025-11-07 00:00:00,25167385313.0,Aave,
9055,Ethereum,tvl,2025-11-08 00:00:00,25861783614.0,Aave,
9056,Ethereum,tvl,2025-11-09 00:00:00,25515956492.0,Aave,
9057,Ethereum,tvl,2025-11-10 00:00:00,26503578902.0,Aave,
9058,Ethereum,tvl,2025-11-11 00:00:00,27022395243.0,Aave,
9059,Ethereum,tvl,2025-11-12 00:00:00,26543279375.0,Aave,
9060,Ethereum,tvl,2025-11-13 00:00:00,26883767657.0,Aave,
9061,Ethereum,tvl,2025-11-14 00:00:00,27353005155.0,Aave,
9062,Ethereum,tvl,2025-11-15 00:00:00,26922354150.0,Aave,
9063,Ethereum,tvl,2025-11-16 00:00:00,26628292564.0,Aave,
9064,Ethereum,tvl,2025-11-17 00:00:00,25113334311.0,Aave,
9065,Ethereum,tvl,2025-11-18 00:00:00,24982826581.0,Aave,
9066,Ethereum,tvl,2025-11-19 00:00:00,26092335027.0,Aave,
9067,Ethereum,tvl,2025-11-20 00:00:00,25598058815.0,Aave,
9068,Ethereum,tvl,2025-11-21 00:00:00,25128243509.0,Aave,
9069,Ethereum,tvl,2025-11-22 00:00:00,24649382201.0,Aave,
9070,Ethereum,tvl,2025-11-23 00:00:00,24332544819.0,Aave,
9071,Ethereum,tvl,2025-11-24 00:00:00,24659725080.0,Aave,
9072,Ethereum,tvl,2025-11-25 00:00:00,25663841584.0,Aave,
9073,Ethereum,tvl,2025-11-26 00:00:00,25855380019.0,Aave,
9074,Ethereum,tvl,2025-11-27 00:00:00,26323801144.0,Aave,
9075,Ethereum,tvl,2025-11-28 00:00:00,26403076080.0,Aave,
9076,Ethereum,tvl,2025-11-29 00:00:00,26476491795.0,Aave,
9077,Ethereum,tvl,2025-11-30 00:00:00,26004024515.0,Aave,
9078,Ethereum,tvl,2025-12-01 00:00:00,25964080310.0,Aave,
9079,Ethereum,tvl,2025-12-02 00:00:00,25064825695.0,Aave,
9080,Ethereum,tvl,2025-12-03 00:00:00,25422533209.0,Aave,
9081,Ethereum,tvl,2025-12-04 00:00:00,26700216301.0,Aave,
9082,Ethereum,tvl,2025-12-05 00:00:00,26317871629.0,Aave,
9083,Ethereum,tvl,2025-12-06 00:00:00,26710954939.0,Aave,
9084,Ethereum,tvl,2025-12-07 00:00:00,26745783215.0,Aave,
9085,Ethereum,tvl,2025-12-08 00:00:00,26860195312.0,Aave,
9086,Ethereum,tvl,2025-12-09 00:00:00,26805196637.0,Aave,
9087,Ethereum,tvl,2025-12-10 00:00:00,27871507567.0,Aave,
9088,Ethereum,tvl,2025-12-11 00:00:00,27585629923.0,Aave,
9089,Ethereum,tvl,2025-12-12 00:00:00,27383778806.0,Aave,
9090,Ethereum,tvl,2025-12-13 00:00:00,26569227283.0,Aave,
9091,Ethereum,tvl,2025-12-14 00:00:00,26814269570.0,Aave,
9092,Ethereum,tvl,2025-12-15 00:00:00,27574163996.0,Aave,
9093,Ethereum,tvl,2025-12-16 00:00:00,26805961597.0,Aave,
9094,Ethereum,tvl,2025-12-17 00:00:00,27305288410.0,Aave,
9095,Ethereum,tvl,2025-12-18 00:00:00,26602658553.0,Aave,
9096,Ethereum,tvl,2025-12-19 00:00:00,26698004282.0,Aave,
9097,Ethereum,tvl,2025-12-20 00:00:00,27538221580.0,Aave,
9098,Ethereum,tvl,2025-12-21 00:00:00,27641410680.0,Aave,
9099,Ethereum,tvl,2025-12-22 00:00:00,27955730924.0,Aave,
9100,Ethereum,tvl,2025-12-23 00:00:00,27657702663.0,Aave,
9101,Ethereum,tvl,2025-12-24 00:00:00,27480370324.0,Aave,
9102,Ethereum,tvl,2025-12-25 00:00:00,27502994896.0,Aave,
9103,Ethereum,tvl,2025-12-26 00:00:00,27235530699.0,Aave,
9104,Ethereum,tvl,2025-12-27 00:00:00,27328428201.0,Aave,
9105,Ethereum,tvl,2025-12-28 00:00:00,27492520054.0,Aave,
9106,Ethereum,tvl,2025-12-29 00:00:00,27550996021.0,Aave,
9107,Ethereum,tvl,2025-12-30 00:00:00,27382502734.0,Aave,
9108,Ethereum,tvl,2025-12-31 00:00:00,26411416202.0,Aave,
9109,Ethereum,tvl,2026-01-01 00:00:00,26940531686.0,Aave,
9110,Ethereum,tvl,2026-01-02 00:00:00,27617679846.0,Aave,
9111,Ethereum,tvl,2026-01-03 00:00:00,28333139853.0,Aave,
9112,Ethereum,tvl,2026-01-04 00:00:00,28831639422.0,Aave,
9113,Ethereum,tvl,2026-01-05 00:00:00,28933773722.0,Aave,
9114,Ethereum,tvl,2026-01-06 00:00:00,29449608991.0,Aave,
9115,Ethereum,tvl,2026-01-07 00:00:00,29661215963.0,Aave,
9116,Ethereum,tvl,2026-01-08 00:00:00,28766875581.0,Aave,
9117,Ethereum,tvl,2026-01-09 00:00:00,27611659548.0,Aave,
9118,Ethereum,tvl,2026-01-10 00:00:00,28124073832.0,Aave,
9119,Ethereum,tvl,2026-01-11 00:00:00,28084862091.0,Aave,
9120,Ethereum,tvl,2026-01-11 12:54:23,28212307533.0,Aave,
22011,Base,tvl,2025-01-01 00:00:00,336288216.0,Aave,
22012,Base,tvl,2025-01-02 00:00:00,341324164.0,Aave,
22013,Base,tvl,2025-01-03 00:00:00,357560318.0,Aave,
22014,Base,tvl,2025-01-04 00:00:00,367178395.0,Aave,
22015,Base,tvl,2025-01-05 00:00:00,375795212.0,Aave,
22016,Base,tvl,2025-01-06 00:00:00,374796789.0,Aave,
22017,Base,tvl,2025-01-07 00:00:00,379811918.0,Aave,
22018,Base,tvl,2025-01-08 00:00:00,355728623.0,Aave,
22019,Base,tvl,2025-01-09 00:00:00,349916164.0,Aave,
22020,Base,tvl,2025-01-10 00:00:00,346724930.0,Aave,
22021,Base,tvl,2025-01-11 00:00:00,348530106.0,Aave,
22022,Base,tvl,2025-01-12 00:00:00,355473696.0,Aave,
22023,Base,tvl,2025-01-13 00:00:00,355578879.0,Aave,
22024,Base,tvl,2025-01-14 00:00:00,361978428.0,Aave,
22025,Base,tvl,2025-01-15 00:00:00,376137273.0,Aave,
22026,Base,tvl,2025-01-16 00:00:00,394203877.0,Aave,
22027,Base,tvl,2025-01-17 00:00:00,383101095.0,Aave,
22028,Base,tvl,2025-01-18 00:00:00,399925654.0,Aave,
22029,Base,tvl,2025-01-19 00:00:00,377118590.0,Aave,
22030,Base,tvl,2025-01-20 00:00:00,381443614.0,Aave,
22031,Base,tvl,2025-01-21 00:00:00,369372979.0,Aave,
22032,Base,tvl,2025-01-22 00:00:00,376157297.0,Aave,
22033,Base,tvl,2025-01-23 00:00:00,419425996.0,Aave,
22034,Base,tvl,2025-01-24 00:00:00,429351025.0,Aave,
22035,Base,tvl,2025-01-25 00:00:00,430645613.0,Aave,
22036,Base,tvl,2025-01-26 00:00:00,429558214.0,Aave,
22037,Base,tvl,2025-01-27 00:00:00,428180436.0,Aave,
22038,Base,tvl,2025-01-28 00:00:00,432207240.0,Aave,
22039,Base,tvl,2025-01-29 00:00:00,429990894.0,Aave,
22040,Base,tvl,2025-01-30 00:00:00,437630088.0,Aave,
22041,Base,tvl,2025-01-31 00:00:00,449303745.0,Aave,
22042,Base,tvl,2025-02-01 00:00:00,482022532.0,Aave,
22043,Base,tvl,2025-02-02 00:00:00,465233069.0,Aave,
22044,Base,tvl,2025-02-03 00:00:00,435539833.0,Aave,
22045,Base,tvl,2025-02-04 00:00:00,455157414.0,Aave,
22046,Base,tvl,2025-02-05 00:00:00,436717734.0,Aave,
22047,Base,tvl,2025-02-06 00:00:00,440868554.0,Aave,
22048,Base,tvl,2025-02-07 00:00:00,435524726.0,Aave,
22049,Base,tvl,2025-02-08 00:00:00,431635145.0,Aave,
22050,Base,tvl,2025-02-09 00:00:00,432486774.0,Aave,
22051,Base,tvl,2025-02-10 00:00:00,433607466.0,Aave,
22052,Base,tvl,2025-02-11 00:00:00,438830297.0,Aave,
22053,Base,tvl,2025-02-12 00:00:00,425544788.0,Aave,
22054,Base,tvl,2025-02-13 00:00:00,396211505.0,Aave,
22055,Base,tvl,2025-02-14 00:00:00,429357411.0,Aave,
22056,Base,tvl,2025-02-15 00:00:00,433381197.0,Aave,
22057,Base,tvl,2025-02-16 00:00:00,430302015.0,Aave,
22058,Base,tvl,2025-02-17 00:00:00,436913421.0,Aave,
22059,Base,tvl,2025-02-18 00:00:00,446217636.0,Aave,
22060,Base,tvl,2025-02-19 00:00:00,440533463.0,Aave,
22061,Base,tvl,2025-02-20 00:00:00,447348073.0,Aave,
22062,Base,tvl,2025-02-21 00:00:00,455666751.0,Aave,
22063,Base,tvl,2025-02-22 00:00:00,442866185.0,Aave,
22064,Base,tvl,2025-02-23 00:00:00,453738847.0,Aave,
22065,Base,tvl,2025-02-24 00:00:00,461605463.0,Aave,
22066,Base,tvl,2025-02-25 00:00:00,430849447.0,Aave,
22067,Base,tvl,2025-02-26 00:00:00,428133444.0,Aave,
22068,Base,tvl,2025-02-27 00:00:00,404870965.0,Aave,
22069,Base,tvl,2025-02-28 00:00:00,402043103.0,Aave,
22070,Base,tvl,2025-03-01 00:00:00,398218802.0,Aave,
22071,Base,tvl,2025-03-02 00:00:00,405614131.0,Aave,
22072,Base,tvl,2025-03-03 00:00:00,445590881.0,Aave,
22073,Base,tvl,2025-03-04 00:00:00,396533555.0,Aave,
22074,Base,tvl,2025-03-05 00:00:00,401840918.0,Aave,
22075,Base,tvl,2025-03-06 00:00:00,411908552.0,Aave,
22076,Base,tvl,2025-03-07 00:00:00,399539871.0,Aave,
22077,Base,tvl,2025-03-08 00:00:00,404809222.0,Aave,
22078,Base,tvl,2025-03-09 00:00:00,412031984.0,Aave,
22079,Base,tvl,2025-03-10 00:00:00,382904313.0,Aave,
22080,Base,tvl,2025-03-11 00:00:00,341676731.0,Aave,
22081,Base,tvl,2025-03-12 00:00:00,327851443.0,Aave,
22082,Base,tvl,2025-03-13 00:00:00,332913506.0,Aave,
22083,Base,tvl,2025-03-14 00:00:00,327993001.0,Aave,
22084,Base,tvl,2025-03-15 00:00:00,338868782.0,Aave,
22085,Base,tvl,2025-03-16 00:00:00,343864721.0,Aave,
22086,Base,tvl,2025-03-17 00:00:00,337367686.0,Aave,
22087,Base,tvl,2025-03-18 00:00:00,339838739.0,Aave,
22088,Base,tvl,2025-03-19 00:00:00,340900305.0,Aave,
22089,Base,tvl,2025-03-20 00:00:00,353976047.0,Aave,
22090,Base,tvl,2025-03-21 00:00:00,341553704.0,Aave,
22091,Base,tvl,2025-03-22 00:00:00,337791216.0,Aave,
22092,Base,tvl,2025-03-23 00:00:00,336889174.0,Aave,
22093,Base,tvl,2025-03-24 00:00:00,339446112.0,Aave,
22094,Base,tvl,2025-03-25 00:00:00,351686356.0,Aave,
22095,Base,tvl,2025-03-26 00:00:00,352946784.0,Aave,
22096,Base,tvl,2025-03-27 00:00:00,351080933.0,Aave,
22097,Base,tvl,2025-03-28 00:00:00,351196813.0,Aave,
22098,Base,tvl,2025-03-29 00:00:00,337246454.0,Aave,
22099,Base,tvl,2025-03-30 00:00:00,331081527.0,Aave,
22100,Base,tvl,2025-03-31 00:00:00,329536884.0,Aave,
22101,Base,tvl,2025-04-01 00:00:00,336873254.0,Aave,
22102,Base,tvl,2025-04-02 00:00:00,347772907.0,Aave,
22103,Base,tvl,2025-04-03 00:00:00,335799633.0,Aave,
22104,Base,tvl,2025-04-04 00:00:00,338178278.0,Aave,
22105,Base,tvl,2025-04-05 00:00:00,343934364.0,Aave,
22106,Base,tvl,2025-04-06 00:00:00,342374684.0,Aave,
22107,Base,tvl,2025-04-07 00:00:00,316015839.0,Aave,
22108,Base,tvl,2025-04-08 00:00:00,321792782.0,Aave,
22109,Base,tvl,2025-04-09 00:00:00,309452173.0,Aave,
22110,Base,tvl,2025-04-10 00:00:00,333688073.0,Aave,
22111,Base,tvl,2025-04-11 00:00:00,311090433.0,Aave,
22112,Base,tvl,2025-04-12 00:00:00,326660173.0,Aave,
22113,Base,tvl,2025-04-13 00:00:00,335332871.0,Aave,
22114,Base,tvl,2025-04-14 00:00:00,332753057.0,Aave,
22115,Base,tvl,2025-04-15 00:00:00,337304916.0,Aave,
22116,Base,tvl,2025-04-16 00:00:00,334500111.0,Aave,
22117,Base,tvl,2025-04-17 00:00:00,332920757.0,Aave,
22118,Base,tvl,2025-04-18 00:00:00,333250562.0,Aave,
22119,Base,tvl,2025-04-19 00:00:00,336344586.0,Aave,
22120,Base,tvl,2025-04-20 00:00:00,340226348.0,Aave,
22121,Base,tvl,2025-04-21 00:00:00,341127008.0,Aave,
22122,Base,tvl,2025-04-22 00:00:00,344206779.0,Aave,
22123,Base,tvl,2025-04-23 00:00:00,362651915.0,Aave,
22124,Base,tvl,2025-04-24 00:00:00,368905570.0,Aave,
22125,Base,tvl,2025-04-25 00:00:00,367906393.0,Aave,
22126,Base,tvl,2025-04-26 00:00:00,373505882.0,Aave,
22127,Base,tvl,2025-04-27 00:00:00,378838691.0,Aave,
22128,Base,tvl,2025-04-28 00:00:00,374996289.0,Aave,
22129,Base,tvl,2025-04-29 00:00:00,379353047.0,Aave,
22130,Base,tvl,2025-04-30 00:00:00,378188759.0,Aave,
22131,Base,tvl,2025-05-01 00:00:00,376612553.0,Aave,
22132,Base,tvl,2025-05-02 00:00:00,385210421.0,Aave,
22133,Base,tvl,2025-05-03 00:00:00,386996134.0,Aave,
22134,Base,tvl,2025-05-04 00:00:00,383921331.0,Aave,
22135,Base,tvl,2025-05-05 00:00:00,380316827.0,Aave,
22136,Base,tvl,2025-05-06 00:00:00,384894592.0,Aave,
22137,Base,tvl,2025-05-07 00:00:00,385968717.0,Aave,
22138,Base,tvl,2025-05-08 00:00:00,403166724.0,Aave,
22139,Base,tvl,2025-05-09 00:00:00,464662511.0,Aave,
22140,Base,tvl,2025-05-10 00:00:00,477370614.0,Aave,
22141,Base,tvl,2025-05-11 00:00:00,511144428.0,Aave,
22142,Base,tvl,2025-05-12 00:00:00,500830862.0,Aave,
22143,Base,tvl,2025-05-13 00:00:00,493754042.0,Aave,
22144,Base,tvl,2025-05-14 00:00:00,513805166.0,Aave,
22145,Base,tvl,2025-05-15 00:00:00,507740161.0,Aave,
22146,Base,tvl,2025-05-16 00:00:00,502510887.0,Aave,
22147,Base,tvl,2025-05-17 00:00:00,503166665.0,Aave,
22148,Base,tvl,2025-05-18 00:00:00,494483582.0,Aave,
22149,Base,tvl,2025-05-19 00:00:00,494127106.0,Aave,
22150,Base,tvl,2025-05-20 00:00:00,507034757.0,Aave,
22151,Base,tvl,2025-05-21 00:00:00,505031781.0,Aave,
22152,Base,tvl,2025-05-22 00:00:00,515159487.0,Aave,
22153,Base,tvl,2025-05-23 00:00:00,522458100.0,Aave,
22154,Base,tvl,2025-05-24 00:00:00,507901748.0,Aave,
22155,Base,tvl,2025-05-25 00:00:00,504317272.0,Aave,
22156,Base,tvl,2025-05-26 00:00:00,516338429.0,Aave,
22157,Base,tvl,2025-05-27 00:00:00,522163760.0,Aave,
22158,Base,tvl,2025-05-28 00:00:00,533410519.0,Aave,
22159,Base,tvl,2025-05-29 00:00:00,533888083.0,Aave,
22160,Base,tvl,2025-05-30 00:00:00,523381303.0,Aave,
22161,Base,tvl,2025-05-31 00:00:00,510787328.0,Aave,
22162,Base,tvl,2025-06-01 00:00:00,512862244.0,Aave,
22163,Base,tvl,2025-06-02 00:00:00,521940725.0,Aave,
22164,Base,tvl,2025-06-03 00:00:00,565387949.0,Aave,
22165,Base,tvl,2025-06-04 00:00:00,565082828.0,Aave,
22166,Base,tvl,2025-06-05 00:00:00,565060333.0,Aave,
22167,Base,tvl,2025-06-06 00:00:00,552609780.0,Aave,
22168,Base,tvl,2025-06-07 00:00:00,568705344.0,Aave,
22169,Base,tvl,2025-06-08 00:00:00,577125927.0,Aave,
22170,Base,tvl,2025-06-09 00:00:00,574926021.0,Aave,
22171,Base,tvl,2025-06-10 00:00:00,601372101.0,Aave,
22172,Base,tvl,2025-06-11 00:00:00,612729041.0,Aave,
22173,Base,tvl,2025-06-12 00:00:00,607762748.0,Aave,
22174,Base,tvl,2025-06-13 00:00:00,585342217.0,Aave,
22175,Base,tvl,2025-06-14 00:00:00,583558683.0,Aave,
22176,Base,tvl,2025-06-15 00:00:00,575267456.0,Aave,
22177,Base,tvl,2025-06-16 00:00:00,572462102.0,Aave,
22178,Base,tvl,2025-06-17 00:00:00,581319391.0,Aave,
22179,Base,tvl,2025-06-18 00:00:00,568581723.0,Aave,
22180,Base,tvl,2025-06-19 00:00:00,564264503.0,Aave,
22181,Base,tvl,2025-06-20 00:00:00,564566688.0,Aave,
22182,Base,tvl,2025-06-21 00:00:00,548680843.0,Aave,
22183,Base,tvl,2025-06-22 00:00:00,543191995.0,Aave,
22184,Base,tvl,2025-06-23 00:00:00,535617182.0,Aave,
22185,Base,tvl,2025-06-24 00:00:00,565579934.0,Aave,
22186,Base,tvl,2025-06-25 00:00:00,572981696.0,Aave,
22187,Base,tvl,2025-06-26 00:00:00,572373714.0,Aave,
22188,Base,tvl,2025-06-27 00:00:00,569316193.0,Aave,
22189,Base,tvl,2025-06-28 00:00:00,524958080.0,Aave,
22190,Base,tvl,2025-06-29 00:00:00,524007014.0,Aave,
22191,Base,tvl,2025-06-30 00:00:00,533026116.0,Aave,
22192,Base,tvl,2025-07-01 00:00:00,526659380.0,Aave,
22193,Base,tvl,2025-07-02 00:00:00,514327842.0,Aave,
22194,Base,tvl,2025-07-03 00:00:00,540825318.0,Aave,
22195,Base,tvl,2025-07-04 00:00:00,540422457.0,Aave,
22196,Base,tvl,2025-07-05 00:00:00,526333394.0,Aave,
22197,Base,tvl,2025-07-06 00:00:00,528723122.0,Aave,
22198,Base,tvl,2025-07-07 00:00:00,536496326.0,Aave,
22199,Base,tvl,2025-07-08 00:00:00,531954266.0,Aave,
22200,Base,tvl,2025-07-09 00:00:00,541377278.0,Aave,
22201,Base,tvl,2025-07-10 00:00:00,563421504.0,Aave,
22202,Base,tvl,2025-07-11 00:00:00,589944866.0,Aave,
22203,Base,tvl,2025-07-12 00:00:00,600476459.0,Aave,
22204,Base,tvl,2025-07-13 00:00:00,603595256.0,Aave,
22205,Base,tvl,2025-07-14 00:00:00,606787055.0,Aave,
22206,Base,tvl,2025-07-15 00:00:00,613783734.0,Aave,
22207,Base,tvl,2025-07-16 00:00:00,621158118.0,Aave,
22208,Base,tvl,2025-07-17 00:00:00,653739314.0,Aave,
22209,Base,tvl,2025-07-18 00:00:00,664635287.0,Aave,
22210,Base,tvl,2025-07-19 00:00:00,667902434.0,Aave,
22211,Base,tvl,2025-07-20 00:00:00,675752082.0,Aave,
22212,Base,tvl,2025-07-21 00:00:00,710254244.0,Aave,
22213,Base,tvl,2025-07-22 00:00:00,710406969.0,Aave,
22214,Base,tvl,2025-07-23 00:00:00,687144911.0,Aave,
22215,Base,tvl,2025-07-24 00:00:00,667564014.0,Aave,
22216,Base,tvl,2025-07-25 00:00:00,674458702.0,Aave,
22217,Base,tvl,2025-07-26 00:00:00,692657210.0,Aave,
22218,Base,tvl,2025-07-27 00:00:00,698881306.0,Aave,
22219,Base,tvl,2025-07-28 00:00:00,723094008.0,Aave,
22220,Base,tvl,2025-07-29 00:00:00,711758099.0,Aave,
22221,Base,tvl,2025-07-30 00:00:00,713478314.0,Aave,
22222,Base,tvl,2025-07-31 00:00:00,720776131.0,Aave,
22223,Base,tvl,2025-08-01 00:00:00,703418159.0,Aave,
22224,Base,tvl,2025-08-02 00:00:00,679072634.0,Aave,
22225,Base,tvl,2025-08-03 00:00:00,673088806.0,Aave,
22226,Base,tvl,2025-08-04 00:00:00,692834813.0,Aave,
22227,Base,tvl,2025-08-05 00:00:00,717699222.0,Aave,
22228,Base,tvl,2025-08-06 00:00:00,712549739.0,Aave,
22229,Base,tvl,2025-08-07 00:00:00,727959773.0,Aave,
22230,Base,tvl,2025-08-08 00:00:00,779121724.0,Aave,
22231,Base,tvl,2025-08-09 00:00:00,792398373.0,Aave,
22232,Base,tvl,2025-08-10 00:00:00,820143679.0,Aave,
22233,Base,tvl,2025-08-11 00:00:00,830293013.0,Aave,
22234,Base,tvl,2025-08-12 00:00:00,823374420.0,Aave,
22235,Base,tvl,2025-08-13 00:00:00,877607707.0,Aave,
22236,Base,tvl,2025-08-14 00:00:00,904657913.0,Aave,
22237,Base,tvl,2025-08-15 00:00:00,956455174.0,Aave,
22238,Base,tvl,2025-08-16 00:00:00,937718552.0,Aave,
22239,Base,tvl,2025-08-17 00:00:00,938215961.0,Aave,
22240,Base,tvl,2025-08-18 00:00:00,948375144.0,Aave,
22241,Base,tvl,2025-08-19 00:00:00,940828844.0,Aave,
22242,Base,tvl,2025-08-20 00:00:00,961930610.0,Aave,
22243,Base,tvl,2025-08-21 00:00:00,1003804785.0,Aave,
22244,Base,tvl,2025-08-22 00:00:00,969451947.0,Aave,
22245,Base,tvl,2025-08-23 00:00:00,1072556699.0,Aave,
22246,Base,tvl,2025-08-24 00:00:00,1071343547.0,Aave,
22247,Base,tvl,2025-08-25 00:00:00,1053331709.0,Aave,
22248,Base,tvl,2025-08-26 00:00:00,1005172905.0,Aave,
22249,Base,tvl,2025-08-27 00:00:00,1046291068.0,Aave,
22250,Base,tvl,2025-08-28 00:00:00,1032795239.0,Aave,
22251,Base,tvl,2025-08-29 00:00:00,1027914979.0,Aave,
22252,Base,tvl,2025-08-30 00:00:00,999924203.0,Aave,
22253,Base,tvl,2025-08-31 00:00:00,1006411837.0,Aave,
22254,Base,tvl,2025-09-01 00:00:00,1015920728.0,Aave,
22255,Base,tvl,2025-09-02 00:00:00,1013454361.0,Aave,
22256,Base,tvl,2025-09-03 00:00:00,1027542581.0,Aave,
22257,Base,tvl,2025-09-04 00:00:00,1051896326.0,Aave,
22258,Base,tvl,2025-09-05 00:00:00,1030315144.0,Aave,
22259,Base,tvl,2025-09-06 00:00:00,1037108138.0,Aave,
22260,Base,tvl,2025-09-07 00:00:00,1032711405.0,Aave,
22261,Base,tvl,2025-09-08 00:00:00,1033540021.0,Aave,
22262,Base,tvl,2025-09-09 00:00:00,1033296836.0,Aave,
22263,Base,tvl,2025-09-10 00:00:00,1044040308.0,Aave,
22264,Base,tvl,2025-09-11 00:00:00,1053139885.0,Aave,
22265,Base,tvl,2025-09-12 00:00:00,1074263209.0,Aave,
22266,Base,tvl,2025-09-13 00:00:00,1122924986.0,Aave,
22267,Base,tvl,2025-09-14 00:00:00,1115108599.0,Aave,
22268,Base,tvl,2025-09-15 00:00:00,1104751953.0,Aave,
22269,Base,tvl,2025-09-16 00:00:00,1087479479.0,Aave,
22270,Base,tvl,2025-09-17 00:00:00,1074510829.0,Aave,
22271,Base,tvl,2025-09-18 00:00:00,1089606339.0,Aave,
22272,Base,tvl,2025-09-19 00:00:00,1093790511.0,Aave,
22273,Base,tvl,2025-09-20 00:00:00,1075567108.0,Aave,
22274,Base,tvl,2025-09-21 00:00:00,1081973115.0,Aave,
22275,Base,tvl,2025-09-22 00:00:00,1073502442.0,Aave,
22276,Base,tvl,2025-09-23 00:00:00,1047377091.0,Aave,
22277,Base,tvl,2025-09-24 00:00:00,1054402809.0,Aave,
22278,Base,tvl,2025-09-25 00:00:00,1050373926.0,Aave,
22279,Base,tvl,2025-09-26 00:00:00,1019683690.0,Aave,
22280,Base,tvl,2025-09-27 00:00:00,1048976735.0,Aave,
22281,Base,tvl,2025-09-28 00:00:00,1050549019.0,Aave,
22282,Base,tvl,2025-09-29 00:00:00,1080870560.0,Aave,
22283,Base,tvl,2025-09-30 00:00:00,1101646046.0,Aave,
22284,Base,tvl,2025-10-01 00:00:00,1090595935.0,Aave,
22285,Base,tvl,2025-10-02 00:00:00,1142667706.0,Aave,
22286,Base,tvl,2025-10-03 00:00:00,1183592342.0,Aave,
22287,Base,tvl,2025-10-04 00:00:00,1194401280.0,Aave,
22288,Base,tvl,2025-10-05 00:00:00,1191612104.0,Aave,
22289,Base,tvl,2025-10-06 00:00:00,1190701566.0,Aave,
22290,Base,tvl,2025-10-07 00:00:00,1234652233.0,Aave,
22291,Base,tvl,2025-10-08 00:00:00,1188217605.0,Aave,
22292,Base,tvl,2025-10-09 00:00:00,1200074959.0,Aave,
22293,Base,tvl,2025-10-10 00:00:00,1166689054.0,Aave,
22294,Base,tvl,2025-10-11 00:00:00,1051564706.0,Aave,
22295,Base,tvl,2025-10-12 00:00:00,1024711177.0,Aave,
22296,Base,tvl,2025-10-13 00:00:00,1123316556.0,Aave,
22297,Base,tvl,2025-10-14 00:00:00,1143726486.0,Aave,
22298,Base,tvl,2025-10-15 00:00:00,1111597425.0,Aave,
22299,Base,tvl,2025-10-16 00:00:00,1086139793.0,Aave,
22300,Base,tvl,2025-10-17 00:00:00,1073700838.0,Aave,
22301,Base,tvl,2025-10-18 00:00:00,1053625563.0,Aave,
22302,Base,tvl,2025-10-19 00:00:00,1064429582.0,Aave,
22303,Base,tvl,2025-10-20 00:00:00,1091593013.0,Aave,
22304,Base,tvl,2025-10-21 00:00:00,1095738152.0,Aave,
22305,Base,tvl,2025-10-22 00:00:00,1076638296.0,Aave,
22306,Base,tvl,2025-10-23 00:00:00,1080894833.0,Aave,
22307,Base,tvl,2025-10-24 00:00:00,1098141241.0,Aave,
22308,Base,tvl,2025-10-25 00:00:00,1110388090.0,Aave,
22309,Base,tvl,2025-10-26 00:00:00,1111901296.0,Aave,
22310,Base,tvl,2025-10-27 00:00:00,1160479274.0,Aave,
22311,Base,tvl,2025-10-28 00:00:00,1144698187.0,Aave,
22312,Base,tvl,2025-10-29 00:00:00,1118221782.0,Aave,
22313,Base,tvl,2025-10-30 00:00:00,1101581542.0,Aave,
22314,Base,tvl,2025-10-31 00:00:00,1094017321.0,Aave,
22315,Base,tvl,2025-11-01 00:00:00,1080399137.0,Aave,
22316,Base,tvl,2025-11-02 00:00:00,1090054946.0,Aave,
22317,Base,tvl,2025-11-03 00:00:00,1103690425.0,Aave,
22318,Base,tvl,2025-11-04 00:00:00,1050444540.0,Aave,
22319,Base,tvl,2025-11-05 00:00:00,977165660.0,Aave,
22320,Base,tvl,2025-11-06 00:00:00,996028812.0,Aave,
22321,Base,tvl,2025-11-07 00:00:00,967448461.0,Aave,
22322,Base,tvl,2025-11-08 00:00:00,984428451.0,Aave,
22323,Base,tvl,2025-11-09 00:00:00,977439600.0,Aave,
22324,Base,tvl,2025-11-10 00:00:00,1008849004.0,Aave,
22325,Base,tvl,2025-11-11 00:00:00,1008991631.0,Aave,
22326,Base,tvl,2025-11-12 00:00:00,970416174.0,Aave,
22327,Base,tvl,2025-11-13 00:00:00,982197687.0,Aave,
22328,Base,tvl,2025-11-14 00:00:00,951266778.0,Aave,
22329,Base,tvl,2025-11-15 00:00:00,906145205.0,Aave,
22330,Base,tvl,2025-11-16 00:00:00,916337409.0,Aave,
22331,Base,tvl,2025-11-17 00:00:00,897712876.0,Aave,
22332,Base,tvl,2025-11-18 00:00:00,877062538.0,Aave,
22333,Base,tvl,2025-11-19 00:00:00,882158542.0,Aave,
22334,Base,tvl,2025-11-20 00:00:00,866080159.0,Aave,
22335,Base,tvl,2025-11-21 00:00:00,825547118.0,Aave,
22336,Base,tvl,2025-11-22 00:00:00,809870174.0,Aave,
22337,Base,tvl,2025-11-23 00:00:00,808960936.0,Aave,
22338,Base,tvl,2025-11-24 00:00:00,817674227.0,Aave,
22339,Base,tvl,2025-11-25 00:00:00,844603091.0,Aave,
22340,Base,tvl,2025-11-26 00:00:00,822599755.0,Aave,
22341,Base,tvl,2025-11-27 00:00:00,832464090.0,Aave,
22342,Base,tvl,2025-11-28 00:00:00,828850380.0,Aave,
22343,Base,tvl,2025-11-29 00:00:00,814772096.0,Aave,
22344,Base,tvl,2025-11-30 00:00:00,809332692.0,Aave,
22345,Base,tvl,2025-12-01 00:00:00,809576886.0,Aave,
22346,Base,tvl,2025-12-02 00:00:00,772605519.0,Aave,
22347,Base,tvl,2025-12-03 00:00:00,824573777.0,Aave,
22348,Base,tvl,2025-12-04 00:00:00,858992747.0,Aave,
22349,Base,tvl,2025-12-05 00:00:00,846234492.0,Aave,
22350,Base,tvl,2025-12-06 00:00:00,827033882.0,Aave,
22351,Base,tvl,2025-12-07 00:00:00,831763005.0,Aave,
22352,Base,tvl,2025-12-08 00:00:00,838207426.0,Aave,
22353,Base,tvl,2025-12-09 00:00:00,845260032.0,Aave,
22354,Base,tvl,2025-12-10 00:00:00,866049800.0,Aave,
22355,Base,tvl,2025-12-11 00:00:00,861175712.0,Aave,
22356,Base,tvl,2025-12-12 00:00:00,862109555.0,Aave,
22357,Base,tvl,2025-12-13 00:00:00,840152213.0,Aave,
22358,Base,tvl,2025-12-14 00:00:00,842900782.0,Aave,
22359,Base,tvl,2025-12-15 00:00:00,830733535.0,Aave,
22360,Base,tvl,2025-12-16 00:00:00,797749741.0,Aave,
22361,Base,tvl,2025-12-17 00:00:00,805323186.0,Aave,
22362,Base,tvl,2025-12-18 00:00:00,780887201.0,Aave,
22363,Base,tvl,2025-12-19 00:00:00,775776580.0,Aave,
22364,Base,tvl,2025-12-20 00:00:00,817954584.0,Aave,
22365,Base,tvl,2025-12-21 00:00:00,823959626.0,Aave,
22366,Base,tvl,2025-12-22 00:00:00,831440309.0,Aave,
22367,Base,tvl,2025-12-23 00:00:00,827341525.0,Aave,
22368,Base,tvl,2025-12-24 00:00:00,806378825.0,Aave,
22369,Base,tvl,2025-12-25 00:00:00,802731784.0,Aave,
22370,Base,tvl,2025-12-26 00:00:00,798272696.0,Aave,
22371,Base,tvl,2025-12-27 00:00:00,801305804.0,Aave,
22372,Base,tvl,2025-12-28 00:00:00,833979062.0,Aave,
22373,Base,tvl,2025-12-29 00:00:00,837906229.0,Aave,
22374,Base,tvl,2025-12-30 00:00:00,861066052.0,Aave,
22375,Base,tvl,2025-12-31 00:00:00,871993813.0,Aave,
22376,Base,tvl,2026-01-01 00:00:00,839809378.0,Aave,
22377,Base,tvl,2026-01-02 00:00:00,846787426.0,Aave,
22378,Base,tvl,2026-01-03 00:00:00,871598645.0,Aave,
22379,Base,tvl,2026-01-04 00:00:00,880136716.0,Aave,
22380,Base,tvl,2026-01-05 00:00:00,890633267.0,Aave,
22381,Base,tvl,2026-01-06 00:00:00,899715053.0,Aave,
22382,Base,tvl,2026-01-07 00:00:00,904195684.0,Aave,
22383,Base,tvl,2026-01-08 00:00:00,874339580.0,Aave,
22384,Base,tvl,2026-01-09 00:00:00,882721264.0,Aave,
22385,Base,tvl,2026-01-10 00:00:00,881198291.0,Aave,
22386,Base,tvl,2026-01-11 00:00:00,880402424.0,Aave,
22387,Base,tvl,2026-01-11 12:54:23,883083273.0,Aave,
25350,Plasma,tvl,2025-09-26 00:00:00,1898853398.0,Aave,
25351,Plasma,tvl,2025-09-27 00:00:00,2820613133.0,Aave,
25352,Plasma,tvl,2025-09-28 00:00:00,4029461775.0,Aave,
25353,Plasma,tvl,2025-09-29 00:00:00,4497188209.0,Aave,
25354,Plasma,tvl,2025-09-30 00:00:00,4434711556.0,Aave,
25355,Plasma,tvl,2025-10-01 00:00:00,4359369988.0,Aave,
25356,Plasma,tvl,2025-10-02 00:00:00,4272132011.0,Aave,
25357,Plasma,tvl,2025-10-03 00:00:00,4128743224.0,Aave,
25358,Plasma,tvl,2025-10-04 00:00:00,3822199690.0,Aave,
25359,Plasma,tvl,2025-10-05 00:00:00,3574112494.0,Aave,
25360,Plasma,tvl,2025-10-06 00:00:00,3309962541.0,Aave,
25361,Plasma,tvl,2025-10-07 00:00:00,3207435502.0,Aave,
25362,Plasma,tvl,2025-10-08 00:00:00,3632653542.0,Aave,
25363,Plasma,tvl,2025-10-09 00:00:00,4480481044.0,Aave,
25364,Plasma,tvl,2025-10-10 00:00:00,3546604016.0,Aave,
25365,Plasma,tvl,2025-10-11 00:00:00,2832119246.0,Aave,
25366,Plasma,tvl,2025-10-12 00:00:00,3847385271.0,Aave,
25367,Plasma,tvl,2025-10-13 00:00:00,3816897252.0,Aave,
25368,Plasma,tvl,2025-10-14 00:00:00,3886202715.0,Aave,
25369,Plasma,tvl,2025-10-15 00:00:00,3777279348.0,Aave,
25370,Plasma,tvl,2025-10-16 00:00:00,3667146404.0,Aave,
25371,Plasma,tvl,2025-10-17 00:00:00,3618183701.0,Aave,
25372,Plasma,tvl,2025-10-18 00:00:00,3472999688.0,Aave,
25373,Plasma,tvl,2025-10-19 00:00:00,3494810101.0,Aave,
25374,Plasma,tvl,2025-10-20 00:00:00,3523776624.0,Aave,
25375,Plasma,tvl,2025-10-21 00:00:00,3560003282.0,Aave,
25376,Plasma,tvl,2025-10-22 00:00:00,2724647630.0,Aave,
25377,Plasma,tvl,2025-10-23 00:00:00,2467301814.0,Aave,
25378,Plasma,tvl,2025-10-24 00:00:00,2576101796.0,Aave,
25379,Plasma,tvl,2025-10-25 00:00:00,2541221365.0,Aave,
25380,Plasma,tvl,2025-10-26 00:00:00,2607357987.0,Aave,
25381,Plasma,tvl,2025-10-27 00:00:00,2723583727.0,Aave,
25382,Plasma,tvl,2025-10-28 00:00:00,2841012868.0,Aave,
25383,Plasma,tvl,2025-10-29 00:00:00,2760499320.0,Aave,
25384,Plasma,tvl,2025-10-30 00:00:00,2847287972.0,Aave,
25385,Plasma,tvl,2025-10-31 00:00:00,2760658851.0,Aave,
25386,Plasma,tvl,2025-11-01 00:00:00,2645066067.0,Aave,
25387,Plasma,tvl,2025-11-02 00:00:00,2665441647.0,Aave,
25388,Plasma,tvl,2025-11-03 00:00:00,2704243418.0,Aave,
25389,Plasma,tvl,2025-11-04 00:00:00,2691124180.0,Aave,
25390,Plasma,tvl,2025-11-05 00:00:00,2424258231.0,Aave,
25391,Plasma,tvl,2025-11-06 00:00:00,2077910295.0,Aave,
25392,Plasma,tvl,2025-11-07 00:00:00,1970513053.0,Aave,
25393,Plasma,tvl,2025-11-08 00:00:00,1759435720.0,Aave,
25394,Plasma,tvl,2025-11-09 00:00:00,1788245710.0,Aave,
25395,Plasma,tvl,2025-11-10 00:00:00,1783435245.0,Aave,
25396,Plasma,tvl,2025-11-11 00:00:00,1935146400.0,Aave,
25397,Plasma,tvl,2025-11-12 00:00:00,2057556148.0,Aave,
25398,Plasma,tvl,2025-11-13 00:00:00,2118222050.0,Aave,
25399,Plasma,tvl,2025-11-14 00:00:00,2181081836.0,Aave,
25400,Plasma,tvl,2025-11-15 00:00:00,2168052099.0,Aave,
25401,Plasma,tvl,2025-11-16 00:00:00,2155594096.0,Aave,
25402,Plasma,tvl,2025-11-17 00:00:00,2103158339.0,Aave,
25403,Plasma,tvl,2025-11-18 00:00:00,2204908627.0,Aave,
25404,Plasma,tvl,2025-11-19 00:00:00,2221120723.0,Aave,
25405,Plasma,tvl,2025-11-20 00:00:00,2092260161.0,Aave,
25406,Plasma,tvl,2025-11-21 00:00:00,2116730513.0,Aave,
25407,Plasma,tvl,2025-11-22 00:00:00,2130041145.0,Aave,
25408,Plasma,tvl,2025-11-23 00:00:00,2131494149.0,Aave,
25409,Plasma,tvl,2025-11-24 00:00:00,2102875049.0,Aave,
25410,Plasma,tvl,2025-11-25 00:00:00,2084240472.0,Aave,
25411,Plasma,tvl,2025-11-26 00:00:00,2095484032.0,Aave,
25412,Plasma,tvl,2025-11-27 00:00:00,2113380977.0,Aave,
25413,Plasma,tvl,2025-11-28 00:00:00,2089537226.0,Aave,
25414,Plasma,tvl,2025-11-29 00:00:00,2198008754.0,Aave,
25415,Plasma,tvl,2025-11-30 00:00:00,2155280328.0,Aave,
25416,Plasma,tvl,2025-12-01 00:00:00,2368539289.0,Aave,
25417,Plasma,tvl,2025-12-02 00:00:00,2349349155.0,Aave,
25418,Plasma,tvl,2025-12-03 00:00:00,2391638844.0,Aave,
25419,Plasma,tvl,2025-12-04 00:00:00,2412285440.0,Aave,
25420,Plasma,tvl,2025-12-05 00:00:00,2500973287.0,Aave,
25421,Plasma,tvl,2025-12-06 00:00:00,2493165549.0,Aave,
25422,Plasma,tvl,2025-12-07 00:00:00,2498325211.0,Aave,
25423,Plasma,tvl,2025-12-08 00:00:00,2516893657.0,Aave,
25424,Plasma,tvl,2025-12-09 00:00:00,2532301633.0,Aave,
25425,Plasma,tvl,2025-12-10 00:00:00,2528875188.0,Aave,
25426,Plasma,tvl,2025-12-11 00:00:00,2491471010.0,Aave,
25427,Plasma,tvl,2025-12-12 00:00:00,2511871285.0,Aave,
25428,Plasma,tvl,2025-12-13 00:00:00,2524915944.0,Aave,
25429,Plasma,tvl,2025-12-14 00:00:00,2539122051.0,Aave,
25430,Plasma,tvl,2025-12-15 00:00:00,2530280641.0,Aave,
25431,Plasma,tvl,2025-12-16 00:00:00,2512219162.0,Aave,
25432,Plasma,tvl,2025-12-17 00:00:00,2556695401.0,Aave,
25433,Plasma,tvl,2025-12-18 00:00:00,2535344972.0,Aave,
25434,Plasma,tvl,2025-12-19 00:00:00,2524045572.0,Aave,
25435,Plasma,tvl,2025-12-20 00:00:00,2499728365.0,Aave,
25436,Plasma,tvl,2025-12-21 00:00:00,2516106564.0,Aave,
25437,Plasma,tvl,2025-12-22 00:00:00,2518452582.0,Aave,
25438,Plasma,tvl,2025-12-23 00:00:00,2507644138.0,Aave,
25439,Plasma,tvl,2025-12-24 00:00:00,2455694936.0,Aave,
25440,Plasma,tvl,2025-12-25 00:00:00,2375467520.0,Aave,
25441,Plasma,tvl,2025-12-26 00:00:00,2374644362.0,Aave,
25442,Plasma,tvl,2025-12-27 00:00:00,2365080388.0,Aave,
25443,Plasma,tvl,2025-12-28 00:00:00,2375245614.0,Aave,
25444,Plasma,tvl,2025-12-29 00:00:00,2421352428.0,Aave,
25445,Plasma,tvl,2025-12-30 00:00:00,2436330205.0,Aave,
25446,Plasma,tvl,2025-12-31 00:00:00,2442604099.0,Aave,
25447,Plasma,tvl,2026-01-01 00:00:00,2521286191.0,Aave,
25448,Plasma,tvl,2026-01-02 00:00:00,2526184442.0,Aave,
25449,Plasma,tvl,2026-01-03 00:00:00,2518308397.0,Aave,
25450,Plasma,tvl,2026-01-04 00:00:00,2519073207.0,Aave,
25451,Plasma,tvl,2026-01-05 00:00:00,2520653402.0,Aave,
25452,Plasma,tvl,2026-01-06 00:00:00,2513084141.0,Aave,
25453,Plasma,tvl,2026-01-07 00:00:00,2615976873.0,Aave,
25454,Plasma,tvl,2026-01-08 00:00:00,2643045712.0,Aave,
25455,Plasma,tvl,2026-01-09 00:00:00,2628412782.0,Aave,
25456,Plasma,tvl,2026-01-10 00:00:00,2791396560.0,Aave,
25457,Plasma,tvl,2026-01-11 00:00:00,2809245104.0,Aave,
25458,Plasma,tvl,2026-01-11 12:54:23,2816525245.0,Aave,
32031,Arbitrum,tvl,2025-01-01 00:00:00,1059004171.0,Aave,
32032,Arbitrum,tvl,2025-01-02 00:00:00,1069333507.0,Aave,
32033,Arbitrum,tvl,2025-01-03 00:00:00,1082449736.0,Aave,
32034,Arbitrum,tvl,2025-01-04 00:00:00,1130079001.0,Aave,
32035,Arbitrum,tvl,2025-01-05 00:00:00,1152075453.0,Aave,
32036,Arbitrum,tvl,2025-01-06 00:00:00,1144831951.0,Aave,
32037,Arbitrum,tvl,2025-01-07 00:00:00,1163631999.0,Aave,
32038,Arbitrum,tvl,2025-01-08 00:00:00,1086089621.0,Aave,
32039,Arbitrum,tvl,2025-01-09 00:00:00,1048359865.0,Aave,
32040,Arbitrum,tvl,2025-01-10 00:00:00,1022848929.0,Aave,
32041,Arbitrum,tvl,2025-01-11 00:00:00,1036493541.0,Aave,
32042,Arbitrum,tvl,2025-01-12 00:00:00,1065814266.0,Aave,
32043,Arbitrum,tvl,2025-01-13 00:00:00,1050159741.0,Aave,
32044,Arbitrum,tvl,2025-01-14 00:00:00,1017820729.0,Aave,
32045,Arbitrum,tvl,2025-01-15 00:00:00,1043125300.0,Aave,
32046,Arbitrum,tvl,2025-01-16 00:00:00,1092595173.0,Aave,
32047,Arbitrum,tvl,2025-01-17 00:00:00,1057209545.0,Aave,
32048,Arbitrum,tvl,2025-01-18 00:00:00,1115296481.0,Aave,
32049,Arbitrum,tvl,2025-01-19 00:00:00,1064991965.0,Aave,
32050,Arbitrum,tvl,2025-01-20 00:00:00,1041203678.0,Aave,
32051,Arbitrum,tvl,2025-01-21 00:00:00,1064655818.0,Aave,
32052,Arbitrum,tvl,2025-01-22 00:00:00,1096002122.0,Aave,
32053,Arbitrum,tvl,2025-01-23 00:00:00,1077926874.0,Aave,
32054,Arbitrum,tvl,2025-01-24 00:00:00,1090097775.0,Aave,
32055,Arbitrum,tvl,2025-01-25 00:00:00,1106170108.0,Aave,
32056,Arbitrum,tvl,2025-01-26 00:00:00,1106428045.0,Aave,
32057,Arbitrum,tvl,2025-01-27 00:00:00,1100137228.0,Aave,
32058,Arbitrum,tvl,2025-01-28 00:00:00,1072113366.0,Aave,
32059,Arbitrum,tvl,2025-01-29 00:00:00,1071522642.0,Aave,
32060,Arbitrum,tvl,2025-01-30 00:00:00,1081838327.0,Aave,
32061,Arbitrum,tvl,2025-01-31 00:00:00,1087596541.0,Aave,
32062,Arbitrum,tvl,2025-02-01 00:00:00,1093949199.0,Aave,
32063,Arbitrum,tvl,2025-02-02 00:00:00,1060887052.0,Aave,
32064,Arbitrum,tvl,2025-02-03 00:00:00,976252850.0,Aave,
32065,Arbitrum,tvl,2025-02-04 00:00:00,993216510.0,Aave,
32066,Arbitrum,tvl,2025-02-05 00:00:00,959703049.0,Aave,
32067,Arbitrum,tvl,2025-02-06 00:00:00,968158613.0,Aave,
32068,Arbitrum,tvl,2025-02-07 00:00:00,969095141.0,Aave,
32069,Arbitrum,tvl,2025-02-08 00:00:00,958067363.0,Aave,
32070,Arbitrum,tvl,2025-02-09 00:00:00,952348305.0,Aave,
32071,Arbitrum,tvl,2025-02-10 00:00:00,943276138.0,Aave,
32072,Arbitrum,tvl,2025-02-11 00:00:00,950996712.0,Aave,
32073,Arbitrum,tvl,2025-02-12 00:00:00,929091202.0,Aave,
32074,Arbitrum,tvl,2025-02-13 00:00:00,955383303.0,Aave,
32075,Arbitrum,tvl,2025-02-14 00:00:00,937261569.0,Aave,
32076,Arbitrum,tvl,2025-02-15 00:00:00,936568425.0,Aave,
32077,Arbitrum,tvl,2025-02-16 00:00:00,941332896.0,Aave,
32078,Arbitrum,tvl,2025-02-17 00:00:00,935978490.0,Aave,
32079,Arbitrum,tvl,2025-02-18 00:00:00,940876875.0,Aave,
32080,Arbitrum,tvl,2025-02-19 00:00:00,920152578.0,Aave,
32081,Arbitrum,tvl,2025-02-20 00:00:00,928001118.0,Aave,
32082,Arbitrum,tvl,2025-02-21 00:00:00,935883388.0,Aave,
32083,Arbitrum,tvl,2025-02-22 00:00:00,912834290.0,Aave,
32084,Arbitrum,tvl,2025-02-23 00:00:00,938360708.0,Aave,
32085,Arbitrum,tvl,2025-02-24 00:00:00,948413989.0,Aave,
32086,Arbitrum,tvl,2025-02-25 00:00:00,867617881.0,Aave,
32087,Arbitrum,tvl,2025-02-26 00:00:00,849487008.0,Aave,
32088,Arbitrum,tvl,2025-02-27 00:00:00,794078368.0,Aave,
32089,Arbitrum,tvl,2025-02-28 00:00:00,798019576.0,Aave,
32090,Arbitrum,tvl,2025-03-01 00:00:00,788778480.0,Aave,
32091,Arbitrum,tvl,2025-03-02 00:00:00,793758272.0,Aave,
32092,Arbitrum,tvl,2025-03-03 00:00:00,857457541.0,Aave,
32093,Arbitrum,tvl,2025-03-04 00:00:00,778703464.0,Aave,
32094,Arbitrum,tvl,2025-03-05 00:00:00,789278603.0,Aave,
32095,Arbitrum,tvl,2025-03-06 00:00:00,812115270.0,Aave,
32096,Arbitrum,tvl,2025-03-07 00:00:00,787741885.0,Aave,
32097,Arbitrum,tvl,2025-03-08 00:00:00,780643414.0,Aave,
32098,Arbitrum,tvl,2025-03-09 00:00:00,798674783.0,Aave,
32099,Arbitrum,tvl,2025-03-10 00:00:00,740900713.0,Aave,
32100,Arbitrum,tvl,2025-03-11 00:00:00,713887262.0,Aave,
32101,Arbitrum,tvl,2025-03-12 00:00:00,730865915.0,Aave,
32102,Arbitrum,tvl,2025-03-13 00:00:00,739325568.0,Aave,
32103,Arbitrum,tvl,2025-03-14 00:00:00,733408350.0,Aave,
32104,Arbitrum,tvl,2025-03-15 00:00:00,742391665.0,Aave,
32105,Arbitrum,tvl,2025-03-16 00:00:00,746063125.0,Aave,
32106,Arbitrum,tvl,2025-03-17 00:00:00,736284839.0,Aave,
32107,Arbitrum,tvl,2025-03-18 00:00:00,744204807.0,Aave,
32108,Arbitrum,tvl,2025-03-19 00:00:00,742328254.0,Aave,
32109,Arbitrum,tvl,2025-03-20 00:00:00,763916136.0,Aave,
32110,Arbitrum,tvl,2025-03-21 00:00:00,739856393.0,Aave,
32111,Arbitrum,tvl,2025-03-22 00:00:00,731832572.0,Aave,
32112,Arbitrum,tvl,2025-03-23 00:00:00,731705149.0,Aave,
32113,Arbitrum,tvl,2025-03-24 00:00:00,740885820.0,Aave,
32114,Arbitrum,tvl,2025-03-25 00:00:00,750988628.0,Aave,
32115,Arbitrum,tvl,2025-03-26 00:00:00,751379357.0,Aave,
32116,Arbitrum,tvl,2025-03-27 00:00:00,738834408.0,Aave,
32117,Arbitrum,tvl,2025-03-28 00:00:00,734929608.0,Aave,
32118,Arbitrum,tvl,2025-03-29 00:00:00,699181853.0,Aave,
32119,Arbitrum,tvl,2025-03-30 00:00:00,680901334.0,Aave,
32120,Arbitrum,tvl,2025-03-31 00:00:00,678774811.0,Aave,
32121,Arbitrum,tvl,2025-04-01 00:00:00,682897325.0,Aave,
32122,Arbitrum,tvl,2025-04-02 00:00:00,708608948.0,Aave,
32123,Arbitrum,tvl,2025-04-03 00:00:00,682913371.0,Aave,
32124,Arbitrum,tvl,2025-04-04 00:00:00,685303415.0,Aave,
32125,Arbitrum,tvl,2025-04-05 00:00:00,686327074.0,Aave,
32126,Arbitrum,tvl,2025-04-06 00:00:00,683609576.0,Aave,
32127,Arbitrum,tvl,2025-04-07 00:00:00,628429195.0,Aave,
32128,Arbitrum,tvl,2025-04-08 00:00:00,634535977.0,Aave,
32129,Arbitrum,tvl,2025-04-09 00:00:00,611606442.0,Aave,
32130,Arbitrum,tvl,2025-04-10 00:00:00,651206537.0,Aave,
32131,Arbitrum,tvl,2025-04-11 00:00:00,623475769.0,Aave,
32132,Arbitrum,tvl,2025-04-12 00:00:00,643184467.0,Aave,
32133,Arbitrum,tvl,2025-04-13 00:00:00,661865257.0,Aave,
32134,Arbitrum,tvl,2025-04-14 00:00:00,655502391.0,Aave,
32135,Arbitrum,tvl,2025-04-15 00:00:00,657156636.0,Aave,
32136,Arbitrum,tvl,2025-04-16 00:00:00,653589782.0,Aave,
32137,Arbitrum,tvl,2025-04-17 00:00:00,648942528.0,Aave,
32138,Arbitrum,tvl,2025-04-18 00:00:00,653743941.0,Aave,
32139,Arbitrum,tvl,2025-04-19 00:00:00,650927920.0,Aave,
32140,Arbitrum,tvl,2025-04-20 00:00:00,662220014.0,Aave,
32141,Arbitrum,tvl,2025-04-21 00:00:00,654945197.0,Aave,
32142,Arbitrum,tvl,2025-04-22 00:00:00,664290647.0,Aave,
32143,Arbitrum,tvl,2025-04-23 00:00:00,703380957.0,Aave,
32144,Arbitrum,tvl,2025-04-24 00:00:00,712438528.0,Aave,
32145,Arbitrum,tvl,2025-04-25 00:00:00,702031387.0,Aave,
32146,Arbitrum,tvl,2025-04-26 00:00:00,707720693.0,Aave,
32147,Arbitrum,tvl,2025-04-27 00:00:00,711809870.0,Aave,
32148,Arbitrum,tvl,2025-04-28 00:00:00,693808931.0,Aave,
32149,Arbitrum,tvl,2025-04-29 00:00:00,699395785.0,Aave,
32150,Arbitrum,tvl,2025-04-30 00:00:00,686339128.0,Aave,
32151,Arbitrum,tvl,2025-05-01 00:00:00,688452124.0,Aave,
32152,Arbitrum,tvl,2025-05-02 00:00:00,703992335.0,Aave,
32153,Arbitrum,tvl,2025-05-03 00:00:00,708101671.0,Aave,
32154,Arbitrum,tvl,2025-05-04 00:00:00,703126292.0,Aave,
32155,Arbitrum,tvl,2025-05-05 00:00:00,697871489.0,Aave,
32156,Arbitrum,tvl,2025-05-06 00:00:00,689148247.0,Aave,
32157,Arbitrum,tvl,2025-05-07 00:00:00,698693158.0,Aave,
32158,Arbitrum,tvl,2025-05-08 00:00:00,688874620.0,Aave,
32159,Arbitrum,tvl,2025-05-09 00:00:00,765777427.0,Aave,
32160,Arbitrum,tvl,2025-05-10 00:00:00,795467942.0,Aave,
32161,Arbitrum,tvl,2025-05-11 00:00:00,861819322.0,Aave,
32162,Arbitrum,tvl,2025-05-12 00:00:00,846223032.0,Aave,
32163,Arbitrum,tvl,2025-05-13 00:00:00,818977623.0,Aave,
32164,Arbitrum,tvl,2025-05-14 00:00:00,863479921.0,Aave,
32165,Arbitrum,tvl,2025-05-15 00:00:00,845239342.0,Aave,
32166,Arbitrum,tvl,2025-05-16 00:00:00,845166063.0,Aave,
32167,Arbitrum,tvl,2025-05-17 00:00:00,847919521.0,Aave,
32168,Arbitrum,tvl,2025-05-18 00:00:00,835586532.0,Aave,
32169,Arbitrum,tvl,2025-05-19 00:00:00,832117401.0,Aave,
32170,Arbitrum,tvl,2025-05-20 00:00:00,840567716.0,Aave,
32171,Arbitrum,tvl,2025-05-21 00:00:00,849118066.0,Aave,
32172,Arbitrum,tvl,2025-05-22 00:00:00,858010089.0,Aave,
32173,Arbitrum,tvl,2025-05-23 00:00:00,876531067.0,Aave,
32174,Arbitrum,tvl,2025-05-24 00:00:00,848668156.0,Aave,
32175,Arbitrum,tvl,2025-05-25 00:00:00,872752755.0,Aave,
32176,Arbitrum,tvl,2025-05-26 00:00:00,870740979.0,Aave,
32177,Arbitrum,tvl,2025-05-27 00:00:00,889124015.0,Aave,
32178,Arbitrum,tvl,2025-05-28 00:00:00,888877136.0,Aave,
32179,Arbitrum,tvl,2025-05-29 00:00:00,884552656.0,Aave,
32180,Arbitrum,tvl,2025-05-30 00:00:00,864651004.0,Aave,
32181,Arbitrum,tvl,2025-05-31 00:00:00,843068464.0,Aave,
32182,Arbitrum,tvl,2025-06-01 00:00:00,841402259.0,Aave,
32183,Arbitrum,tvl,2025-06-02 00:00:00,857058864.0,Aave,
32184,Arbitrum,tvl,2025-06-03 00:00:00,867110842.0,Aave,
32185,Arbitrum,tvl,2025-06-04 00:00:00,866736534.0,Aave,
32186,Arbitrum,tvl,2025-06-05 00:00:00,860337149.0,Aave,
32187,Arbitrum,tvl,2025-06-06 00:00:00,812124328.0,Aave,
32188,Arbitrum,tvl,2025-06-07 00:00:00,833340838.0,Aave,
32189,Arbitrum,tvl,2025-06-08 00:00:00,848588308.0,Aave,
32190,Arbitrum,tvl,2025-06-09 00:00:00,844435275.0,Aave,
32191,Arbitrum,tvl,2025-06-10 00:00:00,890896407.0,Aave,
32192,Arbitrum,tvl,2025-06-11 00:00:00,897836054.0,Aave,
32193,Arbitrum,tvl,2025-06-12 00:00:00,897918544.0,Aave,
32194,Arbitrum,tvl,2025-06-13 00:00:00,849934874.0,Aave,
32195,Arbitrum,tvl,2025-06-14 00:00:00,852322532.0,Aave,
32196,Arbitrum,tvl,2025-06-15 00:00:00,846776652.0,Aave,
32197,Arbitrum,tvl,2025-06-16 00:00:00,838696803.0,Aave,
32198,Arbitrum,tvl,2025-06-17 00:00:00,840020376.0,Aave,
32199,Arbitrum,tvl,2025-06-18 00:00:00,822129207.0,Aave,
32200,Arbitrum,tvl,2025-06-19 00:00:00,829629686.0,Aave,
32201,Arbitrum,tvl,2025-06-20 00:00:00,832212920.0,Aave,
32202,Arbitrum,tvl,2025-06-21 00:00:00,797897095.0,Aave,
32203,Arbitrum,tvl,2025-06-22 00:00:00,783156820.0,Aave,
32204,Arbitrum,tvl,2025-06-23 00:00:00,779768319.0,Aave,
32205,Arbitrum,tvl,2025-06-24 00:00:00,815713393.0,Aave,
32206,Arbitrum,tvl,2025-06-25 00:00:00,831910022.0,Aave,
32207,Arbitrum,tvl,2025-06-26 00:00:00,831276926.0,Aave,
32208,Arbitrum,tvl,2025-06-27 00:00:00,826896254.0,Aave,
32209,Arbitrum,tvl,2025-06-28 00:00:00,822334313.0,Aave,
32210,Arbitrum,tvl,2025-06-29 00:00:00,835586316.0,Aave,
32211,Arbitrum,tvl,2025-06-30 00:00:00,848318398.0,Aave,
32212,Arbitrum,tvl,2025-07-01 00:00:00,839417434.0,Aave,
32213,Arbitrum,tvl,2025-07-02 00:00:00,817750999.0,Aave,
32214,Arbitrum,tvl,2025-07-03 00:00:00,854540395.0,Aave,
32215,Arbitrum,tvl,2025-07-04 00:00:00,863856082.0,Aave,
32216,Arbitrum,tvl,2025-07-05 00:00:00,847973160.0,Aave,
32217,Arbitrum,tvl,2025-07-06 00:00:00,855486644.0,Aave,
32218,Arbitrum,tvl,2025-07-07 00:00:00,871177073.0,Aave,
32219,Arbitrum,tvl,2025-07-08 00:00:00,866565847.0,Aave,
32220,Arbitrum,tvl,2025-07-09 00:00:00,883532427.0,Aave,
32221,Arbitrum,tvl,2025-07-10 00:00:00,930749684.0,Aave,
32222,Arbitrum,tvl,2025-07-11 00:00:00,962535477.0,Aave,
32223,Arbitrum,tvl,2025-07-12 00:00:00,966706058.0,Aave,
32224,Arbitrum,tvl,2025-07-13 00:00:00,958726238.0,Aave,
32225,Arbitrum,tvl,2025-07-14 00:00:00,968160864.0,Aave,
32226,Arbitrum,tvl,2025-07-15 00:00:00,971359342.0,Aave,
32227,Arbitrum,tvl,2025-07-16 00:00:00,989390259.0,Aave,
32228,Arbitrum,tvl,2025-07-17 00:00:00,1046668088.0,Aave,
32229,Arbitrum,tvl,2025-07-18 00:00:00,1052250844.0,Aave,
32230,Arbitrum,tvl,2025-07-19 00:00:00,1069206929.0,Aave,
32231,Arbitrum,tvl,2025-07-20 00:00:00,1079516078.0,Aave,
32232,Arbitrum,tvl,2025-07-21 00:00:00,1107572414.0,Aave,
32233,Arbitrum,tvl,2025-07-22 00:00:00,1106250988.0,Aave,
32234,Arbitrum,tvl,2025-07-23 00:00:00,1107676908.0,Aave,
32235,Arbitrum,tvl,2025-07-24 00:00:00,1085247179.0,Aave,
32236,Arbitrum,tvl,2025-07-25 00:00:00,1075473675.0,Aave,
32237,Arbitrum,tvl,2025-07-26 00:00:00,1097419041.0,Aave,
32238,Arbitrum,tvl,2025-07-27 00:00:00,1102395786.0,Aave,
32239,Arbitrum,tvl,2025-07-28 00:00:00,1140105356.0,Aave,
32240,Arbitrum,tvl,2025-07-29 00:00:00,1126370173.0,Aave,
32241,Arbitrum,tvl,2025-07-30 00:00:00,1119834994.0,Aave,
32242,Arbitrum,tvl,2025-07-31 00:00:00,1120728699.0,Aave,
32243,Arbitrum,tvl,2025-08-01 00:00:00,1108937094.0,Aave,
32244,Arbitrum,tvl,2025-08-02 00:00:00,1064482491.0,Aave,
32245,Arbitrum,tvl,2025-08-03 00:00:00,1048387027.0,Aave,
32246,Arbitrum,tvl,2025-08-04 00:00:00,1081670216.0,Aave,
32247,Arbitrum,tvl,2025-08-05 00:00:00,1113012496.0,Aave,
32248,Arbitrum,tvl,2025-08-06 00:00:00,1099306574.0,Aave,
32249,Arbitrum,tvl,2025-08-07 00:00:00,1107710416.0,Aave,
32250,Arbitrum,tvl,2025-08-08 00:00:00,1155657087.0,Aave,
32251,Arbitrum,tvl,2025-08-09 00:00:00,1177097597.0,Aave,
32252,Arbitrum,tvl,2025-08-10 00:00:00,1213115824.0,Aave,
32253,Arbitrum,tvl,2025-08-11 00:00:00,1211596014.0,Aave,
32254,Arbitrum,tvl,2025-08-12 00:00:00,1205207936.0,Aave,
32255,Arbitrum,tvl,2025-08-13 00:00:00,1262617654.0,Aave,
32256,Arbitrum,tvl,2025-08-14 00:00:00,1292442440.0,Aave,
32257,Arbitrum,tvl,2025-08-15 00:00:00,1260565891.0,Aave,
32258,Arbitrum,tvl,2025-08-16 00:00:00,1224929848.0,Aave,
32259,Arbitrum,tvl,2025-08-17 00:00:00,1232998763.0,Aave,
32260,Arbitrum,tvl,2025-08-18 00:00:00,1245477577.0,Aave,
32261,Arbitrum,tvl,2025-08-19 00:00:00,1224347158.0,Aave,
32262,Arbitrum,tvl,2025-08-20 00:00:00,1177270138.0,Aave,
32263,Arbitrum,tvl,2025-08-21 00:00:00,1219582553.0,Aave,
32264,Arbitrum,tvl,2025-08-22 00:00:00,1206859889.0,Aave,
32265,Arbitrum,tvl,2025-08-23 00:00:00,1313492370.0,Aave,
32266,Arbitrum,tvl,2025-08-24 00:00:00,1298772931.0,Aave,
32267,Arbitrum,tvl,2025-08-25 00:00:00,1275403557.0,Aave,
32268,Arbitrum,tvl,2025-08-26 00:00:00,1220136086.0,Aave,
32269,Arbitrum,tvl,2025-08-27 00:00:00,1237947244.0,Aave,
32270,Arbitrum,tvl,2025-08-28 00:00:00,1207413886.0,Aave,
32271,Arbitrum,tvl,2025-08-29 00:00:00,1212015498.0,Aave,
32272,Arbitrum,tvl,2025-08-30 00:00:00,1186875700.0,Aave,
32273,Arbitrum,tvl,2025-08-31 00:00:00,1203490831.0,Aave,
32274,Arbitrum,tvl,2025-09-01 00:00:00,1198683743.0,Aave,
32275,Arbitrum,tvl,2025-09-02 00:00:00,1176281334.0,Aave,
32276,Arbitrum,tvl,2025-09-03 00:00:00,1200469665.0,Aave,
32277,Arbitrum,tvl,2025-09-04 00:00:00,1217240687.0,Aave,
32278,Arbitrum,tvl,2025-09-05 00:00:00,1180383306.0,Aave,
32279,Arbitrum,tvl,2025-09-06 00:00:00,1194027402.0,Aave,
32280,Arbitrum,tvl,2025-09-07 00:00:00,1193647135.0,Aave,
32281,Arbitrum,tvl,2025-09-08 00:00:00,1203950624.0,Aave,
32282,Arbitrum,tvl,2025-09-09 00:00:00,1202726468.0,Aave,
32283,Arbitrum,tvl,2025-09-10 00:00:00,1186951173.0,Aave,
32284,Arbitrum,tvl,2025-09-11 00:00:00,1210559821.0,Aave,
32285,Arbitrum,tvl,2025-09-12 00:00:00,1255852679.0,Aave,
32286,Arbitrum,tvl,2025-09-13 00:00:00,1280210086.0,Aave,
32287,Arbitrum,tvl,2025-09-14 00:00:00,1277315233.0,Aave,
32288,Arbitrum,tvl,2025-09-15 00:00:00,1281407772.0,Aave,
32289,Arbitrum,tvl,2025-09-16 00:00:00,1264350436.0,Aave,
32290,Arbitrum,tvl,2025-09-17 00:00:00,1297917127.0,Aave,
32291,Arbitrum,tvl,2025-09-18 00:00:00,1283773049.0,Aave,
32292,Arbitrum,tvl,2025-09-19 00:00:00,1294522829.0,Aave,
32293,Arbitrum,tvl,2025-09-20 00:00:00,1256777000.0,Aave,
32294,Arbitrum,tvl,2025-09-21 00:00:00,1260768797.0,Aave,
32295,Arbitrum,tvl,2025-09-22 00:00:00,1245654720.0,Aave,
32296,Arbitrum,tvl,2025-09-23 00:00:00,1212115296.0,Aave,
32297,Arbitrum,tvl,2025-09-24 00:00:00,1205975007.0,Aave,
32298,Arbitrum,tvl,2025-09-25 00:00:00,1213443087.0,Aave,
32299,Arbitrum,tvl,2025-09-26 00:00:00,1146433046.0,Aave,
32300,Arbitrum,tvl,2025-09-27 00:00:00,1174485004.0,Aave,
32301,Arbitrum,tvl,2025-09-28 00:00:00,1123301238.0,Aave,
32302,Arbitrum,tvl,2025-09-29 00:00:00,1179470226.0,Aave,
32303,Arbitrum,tvl,2025-09-30 00:00:00,1200122088.0,Aave,
32304,Arbitrum,tvl,2025-10-01 00:00:00,1187640932.0,Aave,
32305,Arbitrum,tvl,2025-10-02 00:00:00,1244036781.0,Aave,
32306,Arbitrum,tvl,2025-10-03 00:00:00,1263245887.0,Aave,
32307,Arbitrum,tvl,2025-10-04 00:00:00,1276166974.0,Aave,
32308,Arbitrum,tvl,2025-10-05 00:00:00,1268313359.0,Aave,
32309,Arbitrum,tvl,2025-10-06 00:00:00,1266833338.0,Aave,
32310,Arbitrum,tvl,2025-10-07 00:00:00,1306903448.0,Aave,
32311,Arbitrum,tvl,2025-10-08 00:00:00,1248339832.0,Aave,
32312,Arbitrum,tvl,2025-10-09 00:00:00,1281892666.0,Aave,
32313,Arbitrum,tvl,2025-10-10 00:00:00,1249976888.0,Aave,
32314,Arbitrum,tvl,2025-10-11 00:00:00,1138506067.0,Aave,
32315,Arbitrum,tvl,2025-10-12 00:00:00,1128943355.0,Aave,
32316,Arbitrum,tvl,2025-10-13 00:00:00,1209426875.0,Aave,
32317,Arbitrum,tvl,2025-10-14 00:00:00,1237186382.0,Aave,
32318,Arbitrum,tvl,2025-10-15 00:00:00,1224811353.0,Aave,
32319,Arbitrum,tvl,2025-10-16 00:00:00,1194211399.0,Aave,
32320,Arbitrum,tvl,2025-10-17 00:00:00,1154271555.0,Aave,
32321,Arbitrum,tvl,2025-10-18 00:00:00,1165511419.0,Aave,
32322,Arbitrum,tvl,2025-10-19 00:00:00,1171377793.0,Aave,
32323,Arbitrum,tvl,2025-10-20 00:00:00,1205675464.0,Aave,
32324,Arbitrum,tvl,2025-10-21 00:00:00,1196178631.0,Aave,
32325,Arbitrum,tvl,2025-10-22 00:00:00,1163498128.0,Aave,
32326,Arbitrum,tvl,2025-10-23 00:00:00,1173576653.0,Aave,
32327,Arbitrum,tvl,2025-10-24 00:00:00,1181351482.0,Aave,
32328,Arbitrum,tvl,2025-10-25 00:00:00,1202877848.0,Aave,
32329,Arbitrum,tvl,2025-10-26 00:00:00,1210197313.0,Aave,
32330,Arbitrum,tvl,2025-10-27 00:00:00,1264033914.0,Aave,
32331,Arbitrum,tvl,2025-10-28 00:00:00,1264423974.0,Aave,
32332,Arbitrum,tvl,2025-10-29 00:00:00,1212203577.0,Aave,
32333,Arbitrum,tvl,2025-10-30 00:00:00,1197361675.0,Aave,
32334,Arbitrum,tvl,2025-10-31 00:00:00,1166567621.0,Aave,
32335,Arbitrum,tvl,2025-11-01 00:00:00,1182593485.0,Aave,
32336,Arbitrum,tvl,2025-11-02 00:00:00,1193286094.0,Aave,
32337,Arbitrum,tvl,2025-11-03 00:00:00,1205792430.0,Aave,
32338,Arbitrum,tvl,2025-11-04 00:00:00,1118614869.0,Aave,
32339,Arbitrum,tvl,2025-11-05 00:00:00,1038302164.0,Aave,
32340,Arbitrum,tvl,2025-11-06 00:00:00,1091394047.0,Aave,
32341,Arbitrum,tvl,2025-11-07 00:00:00,1041730805.0,Aave,
32342,Arbitrum,tvl,2025-11-08 00:00:00,1054522547.0,Aave,
32343,Arbitrum,tvl,2025-11-09 00:00:00,1039399818.0,Aave,
32344,Arbitrum,tvl,2025-11-10 00:00:00,1080553321.0,Aave,
32345,Arbitrum,tvl,2025-11-11 00:00:00,1087064799.0,Aave,
32346,Arbitrum,tvl,2025-11-12 00:00:00,1058776879.0,Aave,
32347,Arbitrum,tvl,2025-11-13 00:00:00,1056021299.0,Aave,
32348,Arbitrum,tvl,2025-11-14 00:00:00,1031171284.0,Aave,
32349,Arbitrum,tvl,2025-11-15 00:00:00,1021266779.0,Aave,
32350,Arbitrum,tvl,2025-11-16 00:00:00,1035160637.0,Aave,
32351,Arbitrum,tvl,2025-11-17 00:00:00,1018992332.0,Aave,
32352,Arbitrum,tvl,2025-11-18 00:00:00,1010549839.0,Aave,
32353,Arbitrum,tvl,2025-11-19 00:00:00,1064987054.0,Aave,
32354,Arbitrum,tvl,2025-11-20 00:00:00,1041263877.0,Aave,
32355,Arbitrum,tvl,2025-11-21 00:00:00,1019097870.0,Aave,
32356,Arbitrum,tvl,2025-11-22 00:00:00,1032598762.0,Aave,
32357,Arbitrum,tvl,2025-11-23 00:00:00,1023343247.0,Aave,
32358,Arbitrum,tvl,2025-11-24 00:00:00,1034376267.0,Aave,
32359,Arbitrum,tvl,2025-11-25 00:00:00,1066239412.0,Aave,
32360,Arbitrum,tvl,2025-11-26 00:00:00,1040471527.0,Aave,
32361,Arbitrum,tvl,2025-11-27 00:00:00,1089286237.0,Aave,
32362,Arbitrum,tvl,2025-11-28 00:00:00,1113045602.0,Aave,
32363,Arbitrum,tvl,2025-11-29 00:00:00,1132972649.0,Aave,
32364,Arbitrum,tvl,2025-11-30 00:00:00,1121367028.0,Aave,
32365,Arbitrum,tvl,2025-12-01 00:00:00,1102418888.0,Aave,
32366,Arbitrum,tvl,2025-12-02 00:00:00,1045962077.0,Aave,
32367,Arbitrum,tvl,2025-12-03 00:00:00,1202344888.0,Aave,
32368,Arbitrum,tvl,2025-12-04 00:00:00,1258410360.0,Aave,
32369,Arbitrum,tvl,2025-12-05 00:00:00,1231086922.0,Aave,
32370,Arbitrum,tvl,2025-12-06 00:00:00,1187357731.0,Aave,
32371,Arbitrum,tvl,2025-12-07 00:00:00,1188043976.0,Aave,
32372,Arbitrum,tvl,2025-12-08 00:00:00,1193576434.0,Aave,
32373,Arbitrum,tvl,2025-12-09 00:00:00,1214915766.0,Aave,
32374,Arbitrum,tvl,2025-12-10 00:00:00,1267084094.0,Aave,
32375,Arbitrum,tvl,2025-12-11 00:00:00,1250516462.0,Aave,
32376,Arbitrum,tvl,2025-12-12 00:00:00,1227642454.0,Aave,
32377,Arbitrum,tvl,2025-12-13 00:00:00,1201451315.0,Aave,
32378,Arbitrum,tvl,2025-12-14 00:00:00,1211567597.0,Aave,
32379,Arbitrum,tvl,2025-12-15 00:00:00,1194945342.0,Aave,
32380,Arbitrum,tvl,2025-12-16 00:00:00,1162079059.0,Aave,
32381,Arbitrum,tvl,2025-12-17 00:00:00,1159083568.0,Aave,
32382,Arbitrum,tvl,2025-12-18 00:00:00,1090003821.0,Aave,
32383,Arbitrum,tvl,2025-12-19 00:00:00,1094705790.0,Aave,
32384,Arbitrum,tvl,2025-12-20 00:00:00,1156594469.0,Aave,
32385,Arbitrum,tvl,2025-12-21 00:00:00,1149154560.0,Aave,
32386,Arbitrum,tvl,2025-12-22 00:00:00,1159120644.0,Aave,
32387,Arbitrum,tvl,2025-12-23 00:00:00,1160033138.0,Aave,
32388,Arbitrum,tvl,2025-12-24 00:00:00,1144185717.0,Aave,
32389,Arbitrum,tvl,2025-12-25 00:00:00,1137025587.0,Aave,
32390,Arbitrum,tvl,2025-12-26 00:00:00,1124797282.0,Aave,
32391,Arbitrum,tvl,2025-12-27 00:00:00,1127570205.0,Aave,
32392,Arbitrum,tvl,2025-12-28 00:00:00,1135372444.0,Aave,
32393,Arbitrum,tvl,2025-12-29 00:00:00,1135733250.0,Aave,
32394,Arbitrum,tvl,2025-12-30 00:00:00,1127215318.0,Aave,
32395,Arbitrum,tvl,2025-12-31 00:00:00,1138336693.0,Aave,
32396,Arbitrum,tvl,2026-01-01 00:00:00,1149800411.0,Aave,
32397,Arbitrum,tvl,2026-01-02 00:00:00,1157692975.0,Aave,
32398,Arbitrum,tvl,2026-01-03 00:00:00,1199849694.0,Aave,
32399,Arbitrum,tvl,2026-01-04 00:00:00,1204701957.0,Aave,
32400,Arbitrum,tvl,2026-01-05 00:00:00,1205716805.0,Aave,
32401,Arbitrum,tvl,2026-01-06 00:00:00,1228900015.0,Aave,
32402,Arbitrum,tvl,2026-01-07 00:00:00,1210509962.0,Aave,
32403,Arbitrum,tvl,2026-01-08 00:00:00,1186311226.0,Aave,
32404,Arbitrum,tvl,2026-01-09 00:00:00,1159090832.0,Aave,
32405,Arbitrum,tvl,2026-01-10 00:00:00,1176169574.0,Aave,
32406,Arbitrum,tvl,2026-01-11 00:00:00,1181630795.0,Aave,
32407,Arbitrum,tvl,2026-01-11 12:54:23,1178537248.0,Aave,
46660,Base,tvl,2025-01-01 00:00:00,64994366.0,Compound,
46661,Base,tvl,2025-01-02 00:00:00,65699701.0,Compound,
46662,Base,tvl,2025-01-03 00:00:00,68264759.0,Compound,
46663,Base,tvl,2025-01-04 00:00:00,71584673.0,Compound,
46664,Base,tvl,2025-01-05 00:00:00,72584926.0,Compound,
46665,Base,tvl,2025-01-06 00:00:00,72325961.0,Compound,
46666,Base,tvl,2025-01-07 00:00:00,73031153.0,Compound,
46667,Base,tvl,2025-01-08 00:00:00,70104448.0,Compound,
46668,Base,tvl,2025-01-09 00:00:00,69297353.0,Compound,
46669,Base,tvl,2025-01-10 00:00:00,67044264.0,Compound,
46670,Base,tvl,2025-01-11 00:00:00,67832948.0,Compound,
46671,Base,tvl,2025-01-12 00:00:00,68186889.0,Compound,
46672,Base,tvl,2025-01-13 00:00:00,68159782.0,Compound,
46673,Base,tvl,2025-01-14 00:00:00,65149385.0,Compound,
46674,Base,tvl,2025-01-15 00:00:00,68059872.0,Compound,
46675,Base,tvl,2025-01-16 00:00:00,71288319.0,Compound,
46676,Base,tvl,2025-01-17 00:00:00,68667499.0,Compound,
46677,Base,tvl,2025-01-18 00:00:00,71554873.0,Compound,
46678,Base,tvl,2025-01-19 00:00:00,68012619.0,Compound,
46679,Base,tvl,2025-01-20 00:00:00,68082303.0,Compound,
46680,Base,tvl,2025-01-21 00:00:00,66986886.0,Compound,
46681,Base,tvl,2025-01-22 00:00:00,68093150.0,Compound,
46682,Base,tvl,2025-01-23 00:00:00,69459991.0,Compound,
46683,Base,tvl,2025-01-24 00:00:00,70835505.0,Compound,
46684,Base,tvl,2025-01-25 00:00:00,70626843.0,Compound,
46685,Base,tvl,2025-01-26 00:00:00,71229424.0,Compound,
46686,Base,tvl,2025-01-27 00:00:00,69937315.0,Compound,
46687,Base,tvl,2025-01-28 00:00:00,68349821.0,Compound,
46688,Base,tvl,2025-01-29 00:00:00,67042508.0,Compound,
46689,Base,tvl,2025-01-30 00:00:00,68585745.0,Compound,
46690,Base,tvl,2025-01-31 00:00:00,70362822.0,Compound,
46691,Base,tvl,2025-02-01 00:00:00,71080394.0,Compound,
46692,Base,tvl,2025-02-02 00:00:00,68199634.0,Compound,
46693,Base,tvl,2025-02-03 00:00:00,62837482.0,Compound,
46694,Base,tvl,2025-02-04 00:00:00,67591427.0,Compound,
46695,Base,tvl,2025-02-05 00:00:00,66297871.0,Compound,
46696,Base,tvl,2025-02-06 00:00:00,66924027.0,Compound,
46697,Base,tvl,2025-02-07 00:00:00,65052067.0,Compound,
46698,Base,tvl,2025-02-08 00:00:00,63916140.0,Compound,
46699,Base,tvl,2025-02-09 00:00:00,64056208.0,Compound,
46700,Base,tvl,2025-02-10 00:00:00,64128636.0,Compound,
46701,Base,tvl,2025-02-11 00:00:00,64439869.0,Compound,
46702,Base,tvl,2025-02-12 00:00:00,62721112.0,Compound,
46703,Base,tvl,2025-02-13 00:00:00,65929174.0,Compound,
46704,Base,tvl,2025-02-14 00:00:00,65708073.0,Compound,
46705,Base,tvl,2025-02-15 00:00:00,67015086.0,Compound,
46706,Base,tvl,2025-02-16 00:00:00,66753133.0,Compound,
46707,Base,tvl,2025-02-17 00:00:00,66215100.0,Compound,
46708,Base,tvl,2025-02-18 00:00:00,67433211.0,Compound,
46709,Base,tvl,2025-02-19 00:00:00,65828089.0,Compound,
46710,Base,tvl,2025-02-20 00:00:00,66991676.0,Compound,
46711,Base,tvl,2025-02-21 00:00:00,68632454.0,Compound,
46712,Base,tvl,2025-02-22 00:00:00,67083721.0,Compound,
46713,Base,tvl,2025-02-23 00:00:00,69481391.0,Compound,
46714,Base,tvl,2025-02-24 00:00:00,70020688.0,Compound,
46715,Base,tvl,2025-02-25 00:00:00,63617056.0,Compound,
46716,Base,tvl,2025-02-26 00:00:00,62229443.0,Compound,
46717,Base,tvl,2025-02-27 00:00:00,56975837.0,Compound,
46718,Base,tvl,2025-02-28 00:00:00,56901285.0,Compound,
46719,Base,tvl,2025-03-01 00:00:00,56191504.0,Compound,
46720,Base,tvl,2025-03-02 00:00:00,55569721.0,Compound,
46721,Base,tvl,2025-03-03 00:00:00,62125963.0,Compound,
46722,Base,tvl,2025-03-04 00:00:00,56423863.0,Compound,
46723,Base,tvl,2025-03-05 00:00:00,56213097.0,Compound,
46724,Base,tvl,2025-03-06 00:00:00,57703479.0,Compound,
46725,Base,tvl,2025-03-07 00:00:00,56912308.0,Compound,
46726,Base,tvl,2025-03-08 00:00:00,55498798.0,Compound,
46727,Base,tvl,2025-03-09 00:00:00,57483371.0,Compound,
46728,Base,tvl,2025-03-10 00:00:00,53504275.0,Compound,
46729,Base,tvl,2025-03-11 00:00:00,49763506.0,Compound,
46730,Base,tvl,2025-03-12 00:00:00,54883072.0,Compound,
46731,Base,tvl,2025-03-13 00:00:00,54526459.0,Compound,
46732,Base,tvl,2025-03-14 00:00:00,52768746.0,Compound,
46733,Base,tvl,2025-03-15 00:00:00,55002842.0,Compound,
46734,Base,tvl,2025-03-16 00:00:00,55249347.0,Compound,
46735,Base,tvl,2025-03-17 00:00:00,54343365.0,Compound,
46736,Base,tvl,2025-03-18 00:00:00,55174958.0,Compound,
46737,Base,tvl,2025-03-19 00:00:00,54322220.0,Compound,
46738,Base,tvl,2025-03-20 00:00:00,57361610.0,Compound,
46739,Base,tvl,2025-03-21 00:00:00,55571493.0,Compound,
46740,Base,tvl,2025-03-22 00:00:00,55599458.0,Compound,
46741,Base,tvl,2025-03-23 00:00:00,57506692.0,Compound,
46742,Base,tvl,2025-03-24 00:00:00,59461987.0,Compound,
46743,Base,tvl,2025-03-25 00:00:00,60320587.0,Compound,
46744,Base,tvl,2025-03-26 00:00:00,60430846.0,Compound,
46745,Base,tvl,2025-03-27 00:00:00,59571147.0,Compound,
46746,Base,tvl,2025-03-28 00:00:00,60720972.0,Compound,
46747,Base,tvl,2025-03-29 00:00:00,56717797.0,Compound,
46748,Base,tvl,2025-03-30 00:00:00,55834953.0,Compound,
46749,Base,tvl,2025-03-31 00:00:00,56775427.0,Compound,
46750,Base,tvl,2025-04-01 00:00:00,58344681.0,Compound,
46751,Base,tvl,2025-04-02 00:00:00,60729755.0,Compound,
46752,Base,tvl,2025-04-03 00:00:00,57635868.0,Compound,
46753,Base,tvl,2025-04-04 00:00:00,55733350.0,Compound,
46754,Base,tvl,2025-04-05 00:00:00,55057417.0,Compound,
46755,Base,tvl,2025-04-06 00:00:00,56025662.0,Compound,
46756,Base,tvl,2025-04-07 00:00:00,51776108.0,Compound,
46757,Base,tvl,2025-04-08 00:00:00,50982551.0,Compound,
46758,Base,tvl,2025-04-09 00:00:00,48287930.0,Compound,
46759,Base,tvl,2025-04-10 00:00:00,53484531.0,Compound,
46760,Base,tvl,2025-04-11 00:00:00,51312325.0,Compound,
46761,Base,tvl,2025-04-12 00:00:00,52708908.0,Compound,
46762,Base,tvl,2025-04-13 00:00:00,54781202.0,Compound,
46763,Base,tvl,2025-04-14 00:00:00,54089724.0,Compound,
46764,Base,tvl,2025-04-15 00:00:00,56830447.0,Compound,
46765,Base,tvl,2025-04-16 00:00:00,55953192.0,Compound,
46766,Base,tvl,2025-04-17 00:00:00,55540056.0,Compound,
46767,Base,tvl,2025-04-18 00:00:00,55825759.0,Compound,
46768,Base,tvl,2025-04-19 00:00:00,54791084.0,Compound,
46769,Base,tvl,2025-04-20 00:00:00,55628442.0,Compound,
46770,Base,tvl,2025-04-21 00:00:00,54979835.0,Compound,
46771,Base,tvl,2025-04-22 00:00:00,54869460.0,Compound,
46772,Base,tvl,2025-04-23 00:00:00,59575941.0,Compound,
46773,Base,tvl,2025-04-24 00:00:00,59230605.0,Compound,
46774,Base,tvl,2025-04-25 00:00:00,63382051.0,Compound,
46775,Base,tvl,2025-04-26 00:00:00,62843184.0,Compound,
46776,Base,tvl,2025-04-27 00:00:00,62799981.0,Compound,
46777,Base,tvl,2025-04-28 00:00:00,61668477.0,Compound,
46778,Base,tvl,2025-04-29 00:00:00,62463042.0,Compound,
46779,Base,tvl,2025-04-30 00:00:00,61289745.0,Compound,
46780,Base,tvl,2025-05-01 00:00:00,60314603.0,Compound,
46781,Base,tvl,2025-05-02 00:00:00,62145665.0,Compound,
46782,Base,tvl,2025-05-03 00:00:00,60227379.0,Compound,
46783,Base,tvl,2025-05-04 00:00:00,59527629.0,Compound,
46784,Base,tvl,2025-05-05 00:00:00,58538233.0,Compound,
46785,Base,tvl,2025-05-06 00:00:00,60397465.0,Compound,
46786,Base,tvl,2025-05-07 00:00:00,59650226.0,Compound,
46787,Base,tvl,2025-05-08 00:00:00,60817458.0,Compound,
46788,Base,tvl,2025-05-09 00:00:00,67460555.0,Compound,
46789,Base,tvl,2025-05-10 00:00:00,67995096.0,Compound,
46790,Base,tvl,2025-05-11 00:00:00,68151799.0,Compound,
46791,Base,tvl,2025-05-12 00:00:00,69390566.0,Compound,
46792,Base,tvl,2025-05-13 00:00:00,68467293.0,Compound,
46793,Base,tvl,2025-05-14 00:00:00,70311177.0,Compound,
46794,Base,tvl,2025-05-15 00:00:00,68919108.0,Compound,
46795,Base,tvl,2025-05-16 00:00:00,67476316.0,Compound,
46796,Base,tvl,2025-05-17 00:00:00,67209935.0,Compound,
46797,Base,tvl,2025-05-18 00:00:00,63015589.0,Compound,
46798,Base,tvl,2025-05-19 00:00:00,63723454.0,Compound,
46799,Base,tvl,2025-05-20 00:00:00,64569109.0,Compound,
46800,Base,tvl,2025-05-21 00:00:00,64806141.0,Compound,
46801,Base,tvl,2025-05-22 00:00:00,66655970.0,Compound,
46802,Base,tvl,2025-05-23 00:00:00,65532153.0,Compound,
46803,Base,tvl,2025-05-24 00:00:00,64483258.0,Compound,
46804,Base,tvl,2025-05-25 00:00:00,64051480.0,Compound,
46805,Base,tvl,2025-05-26 00:00:00,66237915.0,Compound,
46806,Base,tvl,2025-05-27 00:00:00,65446521.0,Compound,
46807,Base,tvl,2025-05-28 00:00:00,66117708.0,Compound,
46808,Base,tvl,2025-05-29 00:00:00,66048025.0,Compound,
46809,Base,tvl,2025-05-30 00:00:00,64342001.0,Compound,
46810,Base,tvl,2025-05-31 00:00:00,62185837.0,Compound,
46811,Base,tvl,2025-06-01 00:00:00,61918438.0,Compound,
46812,Base,tvl,2025-06-02 00:00:00,61883001.0,Compound,
46813,Base,tvl,2025-06-03 00:00:00,63241520.0,Compound,
46814,Base,tvl,2025-06-04 00:00:00,62543003.0,Compound,
46815,Base,tvl,2025-06-05 00:00:00,62204229.0,Compound,
46816,Base,tvl,2025-06-06 00:00:00,59753551.0,Compound,
46817,Base,tvl,2025-06-07 00:00:00,61103498.0,Compound,
46818,Base,tvl,2025-06-08 00:00:00,61714068.0,Compound,
46819,Base,tvl,2025-06-09 00:00:00,61260506.0,Compound,
46820,Base,tvl,2025-06-10 00:00:00,63918377.0,Compound,
46821,Base,tvl,2025-06-11 00:00:00,65499679.0,Compound,
46822,Base,tvl,2025-06-12 00:00:00,64587820.0,Compound,
46823,Base,tvl,2025-06-13 00:00:00,62839931.0,Compound,
46824,Base,tvl,2025-06-14 00:00:00,64766055.0,Compound,
46825,Base,tvl,2025-06-15 00:00:00,63552961.0,Compound,
46826,Base,tvl,2025-06-16 00:00:00,64194280.0,Compound,
46827,Base,tvl,2025-06-17 00:00:00,65388630.0,Compound,
46828,Base,tvl,2025-06-18 00:00:00,64003080.0,Compound,
46829,Base,tvl,2025-06-19 00:00:00,65603835.0,Compound,
46830,Base,tvl,2025-06-20 00:00:00,65871005.0,Compound,
46831,Base,tvl,2025-06-21 00:00:00,63784533.0,Compound,
46832,Base,tvl,2025-06-22 00:00:00,61117578.0,Compound,
46833,Base,tvl,2025-06-23 00:00:00,61226247.0,Compound,
46834,Base,tvl,2025-06-24 00:00:00,64649205.0,Compound,
46835,Base,tvl,2025-06-25 00:00:00,65709337.0,Compound,
46836,Base,tvl,2025-06-26 00:00:00,65469997.0,Compound,
46837,Base,tvl,2025-06-27 00:00:00,65531410.0,Compound,
46838,Base,tvl,2025-06-28 00:00:00,65254900.0,Compound,
46839,Base,tvl,2025-06-29 00:00:00,65546200.0,Compound,
46840,Base,tvl,2025-06-30 00:00:00,66912213.0,Compound,
46841,Base,tvl,2025-07-01 00:00:00,66685020.0,Compound,
46842,Base,tvl,2025-07-02 00:00:00,64292907.0,Compound,
46843,Base,tvl,2025-07-03 00:00:00,65701766.0,Compound,
46844,Base,tvl,2025-07-04 00:00:00,66888213.0,Compound,
46845,Base,tvl,2025-07-05 00:00:00,65177192.0,Compound,
46846,Base,tvl,2025-07-06 00:00:00,64985592.0,Compound,
46847,Base,tvl,2025-07-07 00:00:00,65801677.0,Compound,
46848,Base,tvl,2025-07-08 00:00:00,63271425.0,Compound,
46849,Base,tvl,2025-07-09 00:00:00,63235030.0,Compound,
46850,Base,tvl,2025-07-10 00:00:00,64663597.0,Compound,
46851,Base,tvl,2025-07-11 00:00:00,68560673.0,Compound,
46852,Base,tvl,2025-07-12 00:00:00,69353519.0,Compound,
46853,Base,tvl,2025-07-13 00:00:00,68911186.0,Compound,
46854,Base,tvl,2025-07-14 00:00:00,69622087.0,Compound,
46855,Base,tvl,2025-07-15 00:00:00,69742895.0,Compound,
46856,Base,tvl,2025-07-16 00:00:00,70137669.0,Compound,
46857,Base,tvl,2025-07-17 00:00:00,72388295.0,Compound,
46858,Base,tvl,2025-07-18 00:00:00,73457812.0,Compound,
46859,Base,tvl,2025-07-19 00:00:00,73886934.0,Compound,
46860,Base,tvl,2025-07-20 00:00:00,73994422.0,Compound,
46861,Base,tvl,2025-07-21 00:00:00,74927930.0,Compound,
46862,Base,tvl,2025-07-22 00:00:00,75136751.0,Compound,
46863,Base,tvl,2025-07-23 00:00:00,75017632.0,Compound,
46864,Base,tvl,2025-07-24 00:00:00,72690946.0,Compound,
46865,Base,tvl,2025-07-25 00:00:00,71966051.0,Compound,
46866,Base,tvl,2025-07-26 00:00:00,73057641.0,Compound,
46867,Base,tvl,2025-07-27 00:00:00,73144455.0,Compound,
46868,Base,tvl,2025-07-28 00:00:00,75530936.0,Compound,
46869,Base,tvl,2025-07-29 00:00:00,73679836.0,Compound,
46870,Base,tvl,2025-07-30 00:00:00,74785611.0,Compound,
46871,Base,tvl,2025-07-31 00:00:00,74663007.0,Compound,
46872,Base,tvl,2025-08-01 00:00:00,73125033.0,Compound,
46873,Base,tvl,2025-08-02 00:00:00,70742351.0,Compound,
46874,Base,tvl,2025-08-03 00:00:00,69089581.0,Compound,
46875,Base,tvl,2025-08-04 00:00:00,70364073.0,Compound,
46876,Base,tvl,2025-08-05 00:00:00,72639966.0,Compound,
46877,Base,tvl,2025-08-06 00:00:00,70909044.0,Compound,
46878,Base,tvl,2025-08-07 00:00:00,71598190.0,Compound,
46879,Base,tvl,2025-08-08 00:00:00,74400434.0,Compound,
46880,Base,tvl,2025-08-09 00:00:00,76102697.0,Compound,
46881,Base,tvl,2025-08-10 00:00:00,79261084.0,Compound,
46882,Base,tvl,2025-08-11 00:00:00,79764980.0,Compound,
46883,Base,tvl,2025-08-12 00:00:00,78710777.0,Compound,
46884,Base,tvl,2025-08-13 00:00:00,81636129.0,Compound,
46885,Base,tvl,2025-08-14 00:00:00,81304969.0,Compound,
46886,Base,tvl,2025-08-15 00:00:00,78463474.0,Compound,
46887,Base,tvl,2025-08-16 00:00:00,76770754.0,Compound,
46888,Base,tvl,2025-08-17 00:00:00,77219280.0,Compound,
46889,Base,tvl,2025-08-18 00:00:00,76643878.0,Compound,
46890,Base,tvl,2025-08-19 00:00:00,77369685.0,Compound,
46891,Base,tvl,2025-08-20 00:00:00,73267459.0,Compound,
46892,Base,tvl,2025-08-21 00:00:00,75461553.0,Compound,
46893,Base,tvl,2025-08-22 00:00:00,73230190.0,Compound,
46894,Base,tvl,2025-08-23 00:00:00,79454935.0,Compound,
46895,Base,tvl,2025-08-24 00:00:00,76857865.0,Compound,
46896,Base,tvl,2025-08-25 00:00:00,73874779.0,Compound,
46897,Base,tvl,2025-08-26 00:00:00,71138809.0,Compound,
46898,Base,tvl,2025-08-27 00:00:00,74334681.0,Compound,
46899,Base,tvl,2025-08-28 00:00:00,73408004.0,Compound,
46900,Base,tvl,2025-08-29 00:00:00,73246013.0,Compound,
46901,Base,tvl,2025-08-30 00:00:00,70806768.0,Compound,
46902,Base,tvl,2025-08-31 00:00:00,71122184.0,Compound,
46903,Base,tvl,2025-09-01 00:00:00,66880698.0,Compound,
46904,Base,tvl,2025-09-02 00:00:00,66859420.0,Compound,
46905,Base,tvl,2025-09-03 00:00:00,66888085.0,Compound,
46906,Base,tvl,2025-09-04 00:00:00,68197233.0,Compound,
46907,Base,tvl,2025-09-05 00:00:00,66837235.0,Compound,
46908,Base,tvl,2025-09-06 00:00:00,66544800.0,Compound,
46909,Base,tvl,2025-09-07 00:00:00,66622394.0,Compound,
46910,Base,tvl,2025-09-08 00:00:00,66672588.0,Compound,
46911,Base,tvl,2025-09-09 00:00:00,67141349.0,Compound,
46912,Base,tvl,2025-09-10 00:00:00,66725539.0,Compound,
46913,Base,tvl,2025-09-11 00:00:00,67425113.0,Compound,
46914,Base,tvl,2025-09-12 00:00:00,70919232.0,Compound,
46915,Base,tvl,2025-09-13 00:00:00,71333372.0,Compound,
46916,Base,tvl,2025-09-14 00:00:00,70616493.0,Compound,
46917,Base,tvl,2025-09-15 00:00:00,69949059.0,Compound,
46918,Base,tvl,2025-09-16 00:00:00,70314489.0,Compound,
46919,Base,tvl,2025-09-17 00:00:00,70560601.0,Compound,
46920,Base,tvl,2025-09-18 00:00:00,71631781.0,Compound,
46921,Base,tvl,2025-09-19 00:00:00,70847956.0,Compound,
46922,Base,tvl,2025-09-20 00:00:00,69149650.0,Compound,
46923,Base,tvl,2025-09-21 00:00:00,69374892.0,Compound,
46924,Base,tvl,2025-09-22 00:00:00,68168771.0,Compound,
46925,Base,tvl,2025-09-23 00:00:00,65743986.0,Compound,
46926,Base,tvl,2025-09-24 00:00:00,64817146.0,Compound,
46927,Base,tvl,2025-09-25 00:00:00,64648464.0,Compound,
46928,Base,tvl,2025-09-26 00:00:00,60728908.0,Compound,
46929,Base,tvl,2025-09-27 00:00:00,61943912.0,Compound,
46930,Base,tvl,2025-09-28 00:00:00,61567167.0,Compound,
46931,Base,tvl,2025-09-29 00:00:00,63135631.0,Compound,
46932,Base,tvl,2025-09-30 00:00:00,64190581.0,Compound,
46933,Base,tvl,2025-10-01 00:00:00,62826834.0,Compound,
46934,Base,tvl,2025-10-02 00:00:00,65665750.0,Compound,
46935,Base,tvl,2025-10-03 00:00:00,67273089.0,Compound,
46936,Base,tvl,2025-10-04 00:00:00,67085535.0,Compound,
46937,Base,tvl,2025-10-05 00:00:00,66142552.0,Compound,
46938,Base,tvl,2025-10-06 00:00:00,66452002.0,Compound,
46939,Base,tvl,2025-10-07 00:00:00,69513512.0,Compound,
46940,Base,tvl,2025-10-08 00:00:00,66581636.0,Compound,
46941,Base,tvl,2025-10-09 00:00:00,66900065.0,Compound,
46942,Base,tvl,2025-10-10 00:00:00,65504957.0,Compound,
46943,Base,tvl,2025-10-11 00:00:00,58108918.0,Compound,
46944,Base,tvl,2025-10-12 00:00:00,56866907.0,Compound,
46945,Base,tvl,2025-10-13 00:00:00,60918042.0,Compound,
46946,Base,tvl,2025-10-14 00:00:00,61608799.0,Compound,
46947,Base,tvl,2025-10-15 00:00:00,59947027.0,Compound,
46948,Base,tvl,2025-10-16 00:00:00,58741658.0,Compound,
46949,Base,tvl,2025-10-17 00:00:00,57335534.0,Compound,
46950,Base,tvl,2025-10-18 00:00:00,56564432.0,Compound,
46951,Base,tvl,2025-10-19 00:00:00,57481693.0,Compound,
46952,Base,tvl,2025-10-20 00:00:00,61906918.0,Compound,
46953,Base,tvl,2025-10-21 00:00:00,61487506.0,Compound,
46954,Base,tvl,2025-10-22 00:00:00,59862119.0,Compound,
46955,Base,tvl,2025-10-23 00:00:00,58226476.0,Compound,
46956,Base,tvl,2025-10-24 00:00:00,60126079.0,Compound,
46957,Base,tvl,2025-10-25 00:00:00,60201065.0,Compound,
46958,Base,tvl,2025-10-26 00:00:00,59914224.0,Compound,
46959,Base,tvl,2025-10-27 00:00:00,62735495.0,Compound,
46960,Base,tvl,2025-10-28 00:00:00,62250707.0,Compound,
46961,Base,tvl,2025-10-29 00:00:00,60021492.0,Compound,
46962,Base,tvl,2025-10-30 00:00:00,58476658.0,Compound,
46963,Base,tvl,2025-10-31 00:00:00,57497941.0,Compound,
46964,Base,tvl,2025-11-01 00:00:00,57801112.0,Compound,
46965,Base,tvl,2025-11-02 00:00:00,57530697.0,Compound,
46966,Base,tvl,2025-11-03 00:00:00,57656418.0,Compound,
46967,Base,tvl,2025-11-04 00:00:00,54613670.0,Compound,
46968,Base,tvl,2025-11-05 00:00:00,51267817.0,Compound,
46969,Base,tvl,2025-11-06 00:00:00,52932396.0,Compound,
46970,Base,tvl,2025-11-07 00:00:00,50988758.0,Compound,
46971,Base,tvl,2025-11-08 00:00:00,51522528.0,Compound,
46972,Base,tvl,2025-11-09 00:00:00,50352092.0,Compound,
46973,Base,tvl,2025-11-10 00:00:00,54527227.0,Compound,
46974,Base,tvl,2025-11-11 00:00:00,52754018.0,Compound,
46975,Base,tvl,2025-11-12 00:00:00,50554547.0,Compound,
46976,Base,tvl,2025-11-13 00:00:00,50533528.0,Compound,
46977,Base,tvl,2025-11-14 00:00:00,48611479.0,Compound,
46978,Base,tvl,2025-11-15 00:00:00,47017326.0,Compound,
46979,Base,tvl,2025-11-16 00:00:00,47964366.0,Compound,
46980,Base,tvl,2025-11-17 00:00:00,47323681.0,Compound,
46981,Base,tvl,2025-11-18 00:00:00,46197282.0,Compound,
46982,Base,tvl,2025-11-19 00:00:00,46768153.0,Compound,
46983,Base,tvl,2025-11-20 00:00:00,46248855.0,Compound,
46984,Base,tvl,2025-11-21 00:00:00,44096002.0,Compound,
46985,Base,tvl,2025-11-22 00:00:00,43591798.0,Compound,
46986,Base,tvl,2025-11-23 00:00:00,44046201.0,Compound,
46987,Base,tvl,2025-11-24 00:00:00,44203387.0,Compound,
46988,Base,tvl,2025-11-25 00:00:00,46116856.0,Compound,
46989,Base,tvl,2025-11-26 00:00:00,45424280.0,Compound,
46990,Base,tvl,2025-11-27 00:00:00,47512173.0,Compound,
46991,Base,tvl,2025-11-28 00:00:00,47596027.0,Compound,
46992,Base,tvl,2025-11-29 00:00:00,47491909.0,Compound,
46993,Base,tvl,2025-11-30 00:00:00,47151247.0,Compound,
46994,Base,tvl,2025-12-01 00:00:00,46567836.0,Compound,
46995,Base,tvl,2025-12-02 00:00:00,45871562.0,Compound,
46996,Base,tvl,2025-12-03 00:00:00,49019278.0,Compound,
46997,Base,tvl,2025-12-04 00:00:00,50469444.0,Compound,
46998,Base,tvl,2025-12-05 00:00:00,50861953.0,Compound,
46999,Base,tvl,2025-12-06 00:00:00,49079077.0,Compound,
47000,Base,tvl,2025-12-07 00:00:00,49496503.0,Compound,
47001,Base,tvl,2025-12-08 00:00:00,50254754.0,Compound,
47002,Base,tvl,2025-12-09 00:00:00,50005574.0,Compound,
47003,Base,tvl,2025-12-10 00:00:00,52495071.0,Compound,
47004,Base,tvl,2025-12-11 00:00:00,51922023.0,Compound,
47005,Base,tvl,2025-12-12 00:00:00,52941682.0,Compound,
47006,Base,tvl,2025-12-13 00:00:00,51818059.0,Compound,
47007,Base,tvl,2025-12-14 00:00:00,51811510.0,Compound,
47008,Base,tvl,2025-12-15 00:00:00,50641298.0,Compound,
47009,Base,tvl,2025-12-16 00:00:00,48991079.0,Compound,
47010,Base,tvl,2025-12-17 00:00:00,50243901.0,Compound,
47011,Base,tvl,2025-12-18 00:00:00,48517303.0,Compound,
47012,Base,tvl,2025-12-19 00:00:00,47669683.0,Compound,
47013,Base,tvl,2025-12-20 00:00:00,50027277.0,Compound,
47014,Base,tvl,2025-12-21 00:00:00,49567309.0,Compound,
47015,Base,tvl,2025-12-22 00:00:00,50129881.0,Compound,
47016,Base,tvl,2025-12-23 00:00:00,49817495.0,Compound,
47017,Base,tvl,2025-12-24 00:00:00,49829511.0,Compound,
47018,Base,tvl,2025-12-25 00:00:00,48622707.0,Compound,
47019,Base,tvl,2025-12-26 00:00:00,49302442.0,Compound,
47020,Base,tvl,2025-12-27 00:00:00,49136812.0,Compound,
47021,Base,tvl,2025-12-28 00:00:00,49241374.0,Compound,
47022,Base,tvl,2025-12-29 00:00:00,49747606.0,Compound,
47023,Base,tvl,2025-12-30 00:00:00,49368767.0,Compound,
47024,Base,tvl,2025-12-31 00:00:00,48474597.0,Compound,
47025,Base,tvl,2026-01-01 00:00:00,48588987.0,Compound,
47026,Base,tvl,2026-01-02 00:00:00,49161017.0,Compound,
47027,Base,tvl,2026-01-03 00:00:00,49962239.0,Compound,
47028,Base,tvl,2026-01-04 00:00:00,51932227.0,Compound,
47029,Base,tvl,2026-01-05 00:00:00,51737104.0,Compound,
47030,Base,tvl,2026-01-06 00:00:00,52722020.0,Compound,
47031,Base,tvl,2026-01-07 00:00:00,52647932.0,Compound,
47032,Base,tvl,2026-01-08 00:00:00,51174427.0,Compound,
47033,Base,tvl,2026-01-09 00:00:00,50434843.0,Compound,
47034,Base,tvl,2026-01-10 00:00:00,50438748.0,Compound,
47035,Base,tvl,2026-01-11 00:00:00,50496923.0,Compound,
47036,Base,tvl,2026-01-11 13:48:47,51103614.0,Compound,
49788,Ethereum,tvl,2025-01-01 00:00:00,1731069561.0,Compound,
49789,Ethereum,tvl,2025-01-02 00:00:00,1748333324.0,Compound,
49790,Ethereum,tvl,2025-01-03 00:00:00,1788471607.0,Compound,
49791,Ethereum,tvl,2025-01-04 00:00:00,1842005865.0,Compound,
49792,Ethereum,tvl,2025-01-05 00:00:00,1859640960.0,Compound,
49793,Ethereum,tvl,2025-01-06 00:00:00,1851157692.0,Compound,
49794,Ethereum,tvl,2025-01-07 00:00:00,1891231265.0,Compound,
49795,Ethereum,tvl,2025-01-08 00:00:00,1779451841.0,Compound,
49796,Ethereum,tvl,2025-01-09 00:00:00,1762958808.0,Compound,
49797,Ethereum,tvl,2025-01-10 00:00:00,1719378181.0,Compound,
49798,Ethereum,tvl,2025-01-11 00:00:00,1736829610.0,Compound,
49799,Ethereum,tvl,2025-01-12 00:00:00,1746927322.0,Compound,
49800,Ethereum,tvl,2025-01-13 00:00:00,1732913353.0,Compound,
49801,Ethereum,tvl,2025-01-14 00:00:00,1705471769.0,Compound,
49802,Ethereum,tvl,2025-01-15 00:00:00,1758062470.0,Compound,
49803,Ethereum,tvl,2025-01-16 00:00:00,1843344322.0,Compound,
49804,Ethereum,tvl,2025-01-17 00:00:00,1801044994.0,Compound,
49805,Ethereum,tvl,2025-01-18 00:00:00,1922542113.0,Compound,
49806,Ethereum,tvl,2025-01-19 00:00:00,1863974101.0,Compound,
49807,Ethereum,tvl,2025-01-20 00:00:00,1824769798.0,Compound,
49808,Ethereum,tvl,2025-01-21 00:00:00,1892317053.0,Compound,
49809,Ethereum,tvl,2025-01-22 00:00:00,1935666129.0,Compound,
49810,Ethereum,tvl,2025-01-23 00:00:00,1842915831.0,Compound,
49811,Ethereum,tvl,2025-01-24 00:00:00,1891063332.0,Compound,
49812,Ethereum,tvl,2025-01-25 00:00:00,1880324805.0,Compound,
49813,Ethereum,tvl,2025-01-26 00:00:00,1874534190.0,Compound,
49814,Ethereum,tvl,2025-01-27 00:00:00,1851394757.0,Compound,
49815,Ethereum,tvl,2025-01-28 00:00:00,1830977838.0,Compound,
49816,Ethereum,tvl,2025-01-29 00:00:00,1804737003.0,Compound,
49817,Ethereum,tvl,2025-01-30 00:00:00,1851352410.0,Compound,
49818,Ethereum,tvl,2025-01-31 00:00:00,1886797673.0,Compound,
49819,Ethereum,tvl,2025-02-01 00:00:00,1886795367.0,Compound,
49820,Ethereum,tvl,2025-02-02 00:00:00,1838030250.0,Compound,
49821,Ethereum,tvl,2025-02-03 00:00:00,1729678031.0,Compound,
49822,Ethereum,tvl,2025-02-04 00:00:00,1782305071.0,Compound,
49823,Ethereum,tvl,2025-02-05 00:00:00,1688641656.0,Compound,
49824,Ethereum,tvl,2025-02-06 00:00:00,1676862986.0,Compound,
49825,Ethereum,tvl,2025-02-07 00:00:00,1664858301.0,Compound,
49826,Ethereum,tvl,2025-02-08 00:00:00,1661630429.0,Compound,
49827,Ethereum,tvl,2025-02-09 00:00:00,1658401009.0,Compound,
49828,Ethereum,tvl,2025-02-10 00:00:00,1677871235.0,Compound,
49829,Ethereum,tvl,2025-02-11 00:00:00,1714378639.0,Compound,
49830,Ethereum,tvl,2025-02-12 00:00:00,1735187318.0,Compound,
49831,Ethereum,tvl,2025-02-13 00:00:00,1801291748.0,Compound,
49832,Ethereum,tvl,2025-02-14 00:00:00,1792304550.0,Compound,
49833,Ethereum,tvl,2025-02-15 00:00:00,1804631439.0,Compound,
49834,Ethereum,tvl,2025-02-16 00:00:00,1791673659.0,Compound,
49835,Ethereum,tvl,2025-02-17 00:00:00,1776075827.0,Compound,
49836,Ethereum,tvl,2025-02-18 00:00:00,1796920641.0,Compound,
49837,Ethereum,tvl,2025-02-19 00:00:00,1771468121.0,Compound,
49838,Ethereum,tvl,2025-02-20 00:00:00,1804945050.0,Compound,
49839,Ethereum,tvl,2025-02-21 00:00:00,1856827862.0,Compound,
49840,Ethereum,tvl,2025-02-22 00:00:00,1807632102.0,Compound,
49841,Ethereum,tvl,2025-02-23 00:00:00,1844577696.0,Compound,
49842,Ethereum,tvl,2025-02-24 00:00:00,1854955905.0,Compound,
49843,Ethereum,tvl,2025-02-25 00:00:00,1733926855.0,Compound,
49844,Ethereum,tvl,2025-02-26 00:00:00,1675268401.0,Compound,
49845,Ethereum,tvl,2025-02-27 00:00:00,1610939071.0,Compound,
49846,Ethereum,tvl,2025-02-28 00:00:00,1565515244.0,Compound,
49847,Ethereum,tvl,2025-03-01 00:00:00,1552319014.0,Compound,
49848,Ethereum,tvl,2025-03-02 00:00:00,1585489837.0,Compound,
49849,Ethereum,tvl,2025-03-03 00:00:00,1740142076.0,Compound,
49850,Ethereum,tvl,2025-03-04 00:00:00,1605006522.0,Compound,
49851,Ethereum,tvl,2025-03-05 00:00:00,1610953469.0,Compound,
49852,Ethereum,tvl,2025-03-06 00:00:00,1690724825.0,Compound,
49853,Ethereum,tvl,2025-03-07 00:00:00,1659868892.0,Compound,
49854,Ethereum,tvl,2025-03-08 00:00:00,1625809327.0,Compound,
49855,Ethereum,tvl,2025-03-09 00:00:00,1638041607.0,Compound,
49856,Ethereum,tvl,2025-03-10 00:00:00,1516121843.0,Compound,
49857,Ethereum,tvl,2025-03-11 00:00:00,1487326214.0,Compound,
49858,Ethereum,tvl,2025-03-12 00:00:00,1545741039.0,Compound,
49859,Ethereum,tvl,2025-03-13 00:00:00,1552462737.0,Compound,
49860,Ethereum,tvl,2025-03-14 00:00:00,1521779612.0,Compound,
49861,Ethereum,tvl,2025-03-15 00:00:00,1566053905.0,Compound,
49862,Ethereum,tvl,2025-03-16 00:00:00,1546144862.0,Compound,
49863,Ethereum,tvl,2025-03-17 00:00:00,1527760551.0,Compound,
49864,Ethereum,tvl,2025-03-18 00:00:00,1545273695.0,Compound,
49865,Ethereum,tvl,2025-03-19 00:00:00,1525822986.0,Compound,
49866,Ethereum,tvl,2025-03-20 00:00:00,1552366794.0,Compound,
49867,Ethereum,tvl,2025-03-21 00:00:00,1517710107.0,Compound,
49868,Ethereum,tvl,2025-03-22 00:00:00,1507996998.0,Compound,
49869,Ethereum,tvl,2025-03-23 00:00:00,1512096762.0,Compound,
49870,Ethereum,tvl,2025-03-24 00:00:00,1539091890.0,Compound,
49871,Ethereum,tvl,2025-03-25 00:00:00,1549062770.0,Compound,
49872,Ethereum,tvl,2025-03-26 00:00:00,1542310415.0,Compound,
49873,Ethereum,tvl,2025-03-27 00:00:00,1504019145.0,Compound,
49874,Ethereum,tvl,2025-03-28 00:00:00,1514496430.0,Compound,
49875,Ethereum,tvl,2025-03-29 00:00:00,1464673980.0,Compound,
49876,Ethereum,tvl,2025-03-30 00:00:00,1471689622.0,Compound,
49877,Ethereum,tvl,2025-03-31 00:00:00,1451370110.0,Compound,
49878,Ethereum,tvl,2025-04-01 00:00:00,1465091001.0,Compound,
49879,Ethereum,tvl,2025-04-02 00:00:00,1529871034.0,Compound,
49880,Ethereum,tvl,2025-04-03 00:00:00,1475885586.0,Compound,
49881,Ethereum,tvl,2025-04-04 00:00:00,1479853919.0,Compound,
49882,Ethereum,tvl,2025-04-05 00:00:00,1470831795.0,Compound,
49883,Ethereum,tvl,2025-04-06 00:00:00,1473092070.0,Compound,
49884,Ethereum,tvl,2025-04-07 00:00:00,1363058883.0,Compound,
49885,Ethereum,tvl,2025-04-08 00:00:00,1364256708.0,Compound,
49886,Ethereum,tvl,2025-04-09 00:00:00,1286581323.0,Compound,
49887,Ethereum,tvl,2025-04-10 00:00:00,1443170824.0,Compound,
49888,Ethereum,tvl,2025-04-11 00:00:00,1349580408.0,Compound,
49889,Ethereum,tvl,2025-04-12 00:00:00,1398274971.0,Compound,
49890,Ethereum,tvl,2025-04-13 00:00:00,1446745525.0,Compound,
49891,Ethereum,tvl,2025-04-14 00:00:00,1400176755.0,Compound,
49892,Ethereum,tvl,2025-04-15 00:00:00,1423273447.0,Compound,
49893,Ethereum,tvl,2025-04-16 00:00:00,1475916837.0,Compound,
49894,Ethereum,tvl,2025-04-17 00:00:00,1461632829.0,Compound,
49895,Ethereum,tvl,2025-04-18 00:00:00,1463534593.0,Compound,
49896,Ethereum,tvl,2025-04-19 00:00:00,1461441660.0,Compound,
49897,Ethereum,tvl,2025-04-20 00:00:00,1476000588.0,Compound,
49898,Ethereum,tvl,2025-04-21 00:00:00,1461160371.0,Compound,
49899,Ethereum,tvl,2025-04-22 00:00:00,1466419357.0,Compound,
49900,Ethereum,tvl,2025-04-23 00:00:00,1560935560.0,Compound,
49901,Ethereum,tvl,2025-04-24 00:00:00,1582691949.0,Compound,
49902,Ethereum,tvl,2025-04-25 00:00:00,1614625383.0,Compound,
49903,Ethereum,tvl,2025-04-26 00:00:00,1610134985.0,Compound,
49904,Ethereum,tvl,2025-04-27 00:00:00,1629397150.0,Compound,
49905,Ethereum,tvl,2025-04-28 00:00:00,1602764272.0,Compound,
49906,Ethereum,tvl,2025-04-29 00:00:00,1653097412.0,Compound,
49907,Ethereum,tvl,2025-04-30 00:00:00,1613228660.0,Compound,
49908,Ethereum,tvl,2025-05-01 00:00:00,1640944632.0,Compound,
49909,Ethereum,tvl,2025-05-02 00:00:00,1624043351.0,Compound,
49910,Ethereum,tvl,2025-05-03 00:00:00,1629179371.0,Compound,
49911,Ethereum,tvl,2025-05-04 00:00:00,1618093821.0,Compound,
49912,Ethereum,tvl,2025-05-05 00:00:00,1597638483.0,Compound,
49913,Ethereum,tvl,2025-05-06 00:00:00,1565862997.0,Compound,
49914,Ethereum,tvl,2025-05-07 00:00:00,1595882470.0,Compound,
49915,Ethereum,tvl,2025-05-08 00:00:00,1575836012.0,Compound,
49916,Ethereum,tvl,2025-05-09 00:00:00,1739735159.0,Compound,
49917,Ethereum,tvl,2025-05-10 00:00:00,1773682968.0,Compound,
49918,Ethereum,tvl,2025-05-11 00:00:00,1823882771.0,Compound,
49919,Ethereum,tvl,2025-05-12 00:00:00,1809710811.0,Compound,
49920,Ethereum,tvl,2025-05-13 00:00:00,1757645409.0,Compound,
49921,Ethereum,tvl,2025-05-14 00:00:00,1846363754.0,Compound,
49922,Ethereum,tvl,2025-05-15 00:00:00,1823711551.0,Compound,
49923,Ethereum,tvl,2025-05-16 00:00:00,1804455222.0,Compound,
49924,Ethereum,tvl,2025-05-17 00:00:00,1805466710.0,Compound,
49925,Ethereum,tvl,2025-05-18 00:00:00,1780847879.0,Compound,
49926,Ethereum,tvl,2025-05-19 00:00:00,1789120974.0,Compound,
49927,Ethereum,tvl,2025-05-20 00:00:00,1831575807.0,Compound,
49928,Ethereum,tvl,2025-05-21 00:00:00,1841895955.0,Compound,
49929,Ethereum,tvl,2025-05-22 00:00:00,1864163831.0,Compound,
49930,Ethereum,tvl,2025-05-23 00:00:00,1909468764.0,Compound,
49931,Ethereum,tvl,2025-05-24 00:00:00,1855159842.0,Compound,
49932,Ethereum,tvl,2025-05-25 00:00:00,1857575543.0,Compound,
49933,Ethereum,tvl,2025-05-26 00:00:00,1879040766.0,Compound,
49934,Ethereum,tvl,2025-05-27 00:00:00,1872489814.0,Compound,
49935,Ethereum,tvl,2025-05-28 00:00:00,1898830193.0,Compound,
49936,Ethereum,tvl,2025-05-29 00:00:00,1871500925.0,Compound,
49937,Ethereum,tvl,2025-05-30 00:00:00,1827962107.0,Compound,
49938,Ethereum,tvl,2025-05-31 00:00:00,1791404686.0,Compound,
49939,Ethereum,tvl,2025-06-01 00:00:00,1810246073.0,Compound,
49940,Ethereum,tvl,2025-06-02 00:00:00,1820028278.0,Compound,
49941,Ethereum,tvl,2025-06-03 00:00:00,1857337669.0,Compound,
49942,Ethereum,tvl,2025-06-04 00:00:00,1840856414.0,Compound,
49943,Ethereum,tvl,2025-06-05 00:00:00,1836425140.0,Compound,
49944,Ethereum,tvl,2025-06-06 00:00:00,1746353386.0,Compound,
49945,Ethereum,tvl,2025-06-07 00:00:00,1786941774.0,Compound,
49946,Ethereum,tvl,2025-06-08 00:00:00,1802927254.0,Compound,
49947,Ethereum,tvl,2025-06-09 00:00:00,1795347803.0,Compound,
49948,Ethereum,tvl,2025-06-10 00:00:00,1873025665.0,Compound,
49949,Ethereum,tvl,2025-06-11 00:00:00,1956329764.0,Compound,
49950,Ethereum,tvl,2025-06-12 00:00:00,1952152725.0,Compound,
49951,Ethereum,tvl,2025-06-13 00:00:00,1798113932.0,Compound,
49952,Ethereum,tvl,2025-06-14 00:00:00,1763298974.0,Compound,
49953,Ethereum,tvl,2025-06-15 00:00:00,1740658521.0,Compound,
49954,Ethereum,tvl,2025-06-16 00:00:00,1743469006.0,Compound,
49955,Ethereum,tvl,2025-06-17 00:00:00,1755599127.0,Compound,
49956,Ethereum,tvl,2025-06-18 00:00:00,1754586148.0,Compound,
49957,Ethereum,tvl,2025-06-19 00:00:00,1758143655.0,Compound,
49958,Ethereum,tvl,2025-06-20 00:00:00,1729269344.0,Compound,
49959,Ethereum,tvl,2025-06-21 00:00:00,1669654050.0,Compound,
49960,Ethereum,tvl,2025-06-22 00:00:00,1636987065.0,Compound,
49961,Ethereum,tvl,2025-06-23 00:00:00,1586509852.0,Compound,
49962,Ethereum,tvl,2025-06-24 00:00:00,1690502335.0,Compound,
49963,Ethereum,tvl,2025-06-25 00:00:00,1706761285.0,Compound,
49964,Ethereum,tvl,2025-06-26 00:00:00,1740221670.0,Compound,
49965,Ethereum,tvl,2025-06-27 00:00:00,1743039527.0,Compound,
49966,Ethereum,tvl,2025-06-28 00:00:00,1752750271.0,Compound,
49967,Ethereum,tvl,2025-06-29 00:00:00,1761788769.0,Compound,
49968,Ethereum,tvl,2025-06-30 00:00:00,1782566593.0,Compound,
49969,Ethereum,tvl,2025-07-01 00:00:00,1793013210.0,Compound,
49970,Ethereum,tvl,2025-07-02 00:00:00,1739166719.0,Compound,
49971,Ethereum,tvl,2025-07-03 00:00:00,1798763762.0,Compound,
49972,Ethereum,tvl,2025-07-04 00:00:00,1798610082.0,Compound,
49973,Ethereum,tvl,2025-07-05 00:00:00,1768553459.0,Compound,
49974,Ethereum,tvl,2025-07-06 00:00:00,1787743264.0,Compound,
49975,Ethereum,tvl,2025-07-07 00:00:00,1818468770.0,Compound,
49976,Ethereum,tvl,2025-07-08 00:00:00,1806150655.0,Compound,
49977,Ethereum,tvl,2025-07-09 00:00:00,1827795591.0,Compound,
49978,Ethereum,tvl,2025-07-10 00:00:00,1894438725.0,Compound,
49979,Ethereum,tvl,2025-07-11 00:00:00,1946891445.0,Compound,
49980,Ethereum,tvl,2025-07-12 00:00:00,1952605619.0,Compound,
49981,Ethereum,tvl,2025-07-13 00:00:00,1958847799.0,Compound,
49982,Ethereum,tvl,2025-07-14 00:00:00,1984202714.0,Compound,
49983,Ethereum,tvl,2025-07-15 00:00:00,1991516839.0,Compound,
49984,Ethereum,tvl,2025-07-16 00:00:00,2006226680.0,Compound,
49985,Ethereum,tvl,2025-07-17 00:00:00,2074382707.0,Compound,
49986,Ethereum,tvl,2025-07-18 00:00:00,2089010045.0,Compound,
49987,Ethereum,tvl,2025-07-19 00:00:00,2090575130.0,Compound,
49988,Ethereum,tvl,2025-07-20 00:00:00,2120220284.0,Compound,
49989,Ethereum,tvl,2025-07-21 00:00:00,2148000699.0,Compound,
49990,Ethereum,tvl,2025-07-22 00:00:00,2154293074.0,Compound,
49991,Ethereum,tvl,2025-07-23 00:00:00,2094788017.0,Compound,
49992,Ethereum,tvl,2025-07-24 00:00:00,2033731604.0,Compound,
49993,Ethereum,tvl,2025-07-25 00:00:00,2009909983.0,Compound,
49994,Ethereum,tvl,2025-07-26 00:00:00,2046172096.0,Compound,
49995,Ethereum,tvl,2025-07-27 00:00:00,2054807425.0,Compound,
49996,Ethereum,tvl,2025-07-28 00:00:00,2110371844.0,Compound,
49997,Ethereum,tvl,2025-07-29 00:00:00,2078918160.0,Compound,
49998,Ethereum,tvl,2025-07-30 00:00:00,2074847800.0,Compound,
49999,Ethereum,tvl,2025-07-31 00:00:00,1994055132.0,Compound,
50000,Ethereum,tvl,2025-08-01 00:00:00,1986763117.0,Compound,
50001,Ethereum,tvl,2025-08-02 00:00:00,1890133504.0,Compound,
50002,Ethereum,tvl,2025-08-03 00:00:00,1863713813.0,Compound,
50003,Ethereum,tvl,2025-08-04 00:00:00,1945535959.0,Compound,
50004,Ethereum,tvl,2025-08-05 00:00:00,2012805030.0,Compound,
50005,Ethereum,tvl,2025-08-06 00:00:00,1974371954.0,Compound,
50006,Ethereum,tvl,2025-08-07 00:00:00,1972644151.0,Compound,
50007,Ethereum,tvl,2025-08-08 00:00:00,2035124162.0,Compound,
50008,Ethereum,tvl,2025-08-09 00:00:00,2043020240.0,Compound,
50009,Ethereum,tvl,2025-08-10 00:00:00,2076420646.0,Compound,
50010,Ethereum,tvl,2025-08-11 00:00:00,2087919718.0,Compound,
50011,Ethereum,tvl,2025-08-12 00:00:00,2069241280.0,Compound,
50012,Ethereum,tvl,2025-08-13 00:00:00,2165858753.0,Compound,
50013,Ethereum,tvl,2025-08-14 00:00:00,2195620967.0,Compound,
50014,Ethereum,tvl,2025-08-15 00:00:00,1993072922.0,Compound,
50015,Ethereum,tvl,2025-08-16 00:00:00,1992198641.0,Compound,
50016,Ethereum,tvl,2025-08-17 00:00:00,1953410130.0,Compound,
50017,Ethereum,tvl,2025-08-18 00:00:00,1960888800.0,Compound,
50018,Ethereum,tvl,2025-08-19 00:00:00,1965512876.0,Compound,
50019,Ethereum,tvl,2025-08-20 00:00:00,1914409288.0,Compound,
50020,Ethereum,tvl,2025-08-21 00:00:00,1974181215.0,Compound,
50021,Ethereum,tvl,2025-08-22 00:00:00,1944745922.0,Compound,
50022,Ethereum,tvl,2025-08-23 00:00:00,2067066870.0,Compound,
50023,Ethereum,tvl,2025-08-24 00:00:00,2036844990.0,Compound,
50024,Ethereum,tvl,2025-08-25 00:00:00,1922679064.0,Compound,
50025,Ethereum,tvl,2025-08-26 00:00:00,1890168240.0,Compound,
50026,Ethereum,tvl,2025-08-27 00:00:00,1943843674.0,Compound,
50027,Ethereum,tvl,2025-08-28 00:00:00,1874455619.0,Compound,
50028,Ethereum,tvl,2025-08-29 00:00:00,1882652260.0,Compound,
50029,Ethereum,tvl,2025-08-30 00:00:00,1851443411.0,Compound,
50030,Ethereum,tvl,2025-08-31 00:00:00,1864871971.0,Compound,
50031,Ethereum,tvl,2025-09-01 00:00:00,1864476205.0,Compound,
50032,Ethereum,tvl,2025-09-02 00:00:00,1841661318.0,Compound,
50033,Ethereum,tvl,2025-09-03 00:00:00,1858053298.0,Compound,
50034,Ethereum,tvl,2025-09-04 00:00:00,1877130665.0,Compound,
50035,Ethereum,tvl,2025-09-05 00:00:00,1857463572.0,Compound,
50036,Ethereum,tvl,2025-09-06 00:00:00,1855762306.0,Compound,
50037,Ethereum,tvl,2025-09-07 00:00:00,1853977026.0,Compound,
50038,Ethereum,tvl,2025-09-08 00:00:00,1867184329.0,Compound,
50039,Ethereum,tvl,2025-09-09 00:00:00,1864693170.0,Compound,
50040,Ethereum,tvl,2025-09-10 00:00:00,1944680931.0,Compound,
50041,Ethereum,tvl,2025-09-11 00:00:00,2016269617.0,Compound,
50042,Ethereum,tvl,2025-09-12 00:00:00,2054027792.0,Compound,
50043,Ethereum,tvl,2025-09-13 00:00:00,2101646950.0,Compound,
50044,Ethereum,tvl,2025-09-14 00:00:00,2097627775.0,Compound,
50045,Ethereum,tvl,2025-09-15 00:00:00,2077716827.0,Compound,
50046,Ethereum,tvl,2025-09-16 00:00:00,2055695826.0,Compound,
50047,Ethereum,tvl,2025-09-17 00:00:00,2061736994.0,Compound,
50048,Ethereum,tvl,2025-09-18 00:00:00,2075848846.0,Compound,
50049,Ethereum,tvl,2025-09-19 00:00:00,2085167240.0,Compound,
50050,Ethereum,tvl,2025-09-20 00:00:00,2042523646.0,Compound,
50051,Ethereum,tvl,2025-09-21 00:00:00,2056671529.0,Compound,
50052,Ethereum,tvl,2025-09-22 00:00:00,1995548164.0,Compound,
50053,Ethereum,tvl,2025-09-23 00:00:00,1952569946.0,Compound,
50054,Ethereum,tvl,2025-09-24 00:00:00,1940015430.0,Compound,
50055,Ethereum,tvl,2025-09-25 00:00:00,1948323768.0,Compound,
50056,Ethereum,tvl,2025-09-26 00:00:00,1864483562.0,Compound,
50057,Ethereum,tvl,2025-09-27 00:00:00,1898639548.0,Compound,
50058,Ethereum,tvl,2025-09-28 00:00:00,1900497353.0,Compound,
50059,Ethereum,tvl,2025-09-29 00:00:00,1970826514.0,Compound,
50060,Ethereum,tvl,2025-09-30 00:00:00,1995106070.0,Compound,
50061,Ethereum,tvl,2025-10-01 00:00:00,2023176753.0,Compound,
50062,Ethereum,tvl,2025-10-02 00:00:00,2086917761.0,Compound,
50063,Ethereum,tvl,2025-10-03 00:00:00,2110287471.0,Compound,
50064,Ethereum,tvl,2025-10-04 00:00:00,2076488115.0,Compound,
50065,Ethereum,tvl,2025-10-05 00:00:00,2065673612.0,Compound,
50066,Ethereum,tvl,2025-10-06 00:00:00,2074844660.0,Compound,
50067,Ethereum,tvl,2025-10-07 00:00:00,2121623087.0,Compound,
50068,Ethereum,tvl,2025-10-08 00:00:00,2126629748.0,Compound,
50069,Ethereum,tvl,2025-10-09 00:00:00,2160914937.0,Compound,
50070,Ethereum,tvl,2025-10-10 00:00:00,2113914687.0,Compound,
50071,Ethereum,tvl,2025-10-11 00:00:00,1933294436.0,Compound,
50072,Ethereum,tvl,2025-10-12 00:00:00,1910923623.0,Compound,
50073,Ethereum,tvl,2025-10-13 00:00:00,2026367441.0,Compound,
50074,Ethereum,tvl,2025-10-14 00:00:00,2056374358.0,Compound,
50075,Ethereum,tvl,2025-10-15 00:00:00,1939219390.0,Compound,
50076,Ethereum,tvl,2025-10-16 00:00:00,1912745195.0,Compound,
50077,Ethereum,tvl,2025-10-17 00:00:00,1862867266.0,Compound,
50078,Ethereum,tvl,2025-10-18 00:00:00,1796734764.0,Compound,
50079,Ethereum,tvl,2025-10-19 00:00:00,1803579716.0,Compound,
50080,Ethereum,tvl,2025-10-20 00:00:00,1831915993.0,Compound,
50081,Ethereum,tvl,2025-10-21 00:00:00,1845733968.0,Compound,
50082,Ethereum,tvl,2025-10-22 00:00:00,1809130273.0,Compound,
50083,Ethereum,tvl,2025-10-23 00:00:00,1791276907.0,Compound,
50084,Ethereum,tvl,2025-10-24 00:00:00,1810849336.0,Compound,
50085,Ethereum,tvl,2025-10-25 00:00:00,1847559077.0,Compound,
50086,Ethereum,tvl,2025-10-26 00:00:00,1870453173.0,Compound,
50087,Ethereum,tvl,2025-10-27 00:00:00,1932835887.0,Compound,
50088,Ethereum,tvl,2025-10-28 00:00:00,1919037769.0,Compound,
50089,Ethereum,tvl,2025-10-29 00:00:00,1854689075.0,Compound,
50090,Ethereum,tvl,2025-10-30 00:00:00,1824828286.0,Compound,
50091,Ethereum,tvl,2025-10-31 00:00:00,1789196791.0,Compound,
50092,Ethereum,tvl,2025-11-01 00:00:00,1787901912.0,Compound,
50093,Ethereum,tvl,2025-11-02 00:00:00,1787035671.0,Compound,
50094,Ethereum,tvl,2025-11-03 00:00:00,1787486328.0,Compound,
50095,Ethereum,tvl,2025-11-04 00:00:00,1713542425.0,Compound,
50096,Ethereum,tvl,2025-11-05 00:00:00,1602562097.0,Compound,
50097,Ethereum,tvl,2025-11-06 00:00:00,1633227294.0,Compound,
50098,Ethereum,tvl,2025-11-07 00:00:00,1521202334.0,Compound,
50099,Ethereum,tvl,2025-11-08 00:00:00,1504968848.0,Compound,
50100,Ethereum,tvl,2025-11-09 00:00:00,1458865241.0,Compound,
50101,Ethereum,tvl,2025-11-10 00:00:00,1529699446.0,Compound,
50102,Ethereum,tvl,2025-11-11 00:00:00,1536316206.0,Compound,
50103,Ethereum,tvl,2025-11-12 00:00:00,1476415260.0,Compound,
50104,Ethereum,tvl,2025-11-13 00:00:00,1467440842.0,Compound,
50105,Ethereum,tvl,2025-11-14 00:00:00,1412549568.0,Compound,
50106,Ethereum,tvl,2025-11-15 00:00:00,1402929111.0,Compound,
50107,Ethereum,tvl,2025-11-16 00:00:00,1412220055.0,Compound,
50108,Ethereum,tvl,2025-11-17 00:00:00,1408692717.0,Compound,
50109,Ethereum,tvl,2025-11-18 00:00:00,1382028331.0,Compound,
50110,Ethereum,tvl,2025-11-19 00:00:00,1401747910.0,Compound,
50111,Ethereum,tvl,2025-11-20 00:00:00,1369787682.0,Compound,
50112,Ethereum,tvl,2025-11-21 00:00:00,1292134751.0,Compound,
50113,Ethereum,tvl,2025-11-22 00:00:00,1305723598.0,Compound,
50114,Ethereum,tvl,2025-11-23 00:00:00,1312403210.0,Compound,
50115,Ethereum,tvl,2025-11-24 00:00:00,1350536822.0,Compound,
50116,Ethereum,tvl,2025-11-25 00:00:00,1381704035.0,Compound,
50117,Ethereum,tvl,2025-11-26 00:00:00,1370524834.0,Compound,
50118,Ethereum,tvl,2025-11-27 00:00:00,1427443418.0,Compound,
50119,Ethereum,tvl,2025-11-28 00:00:00,1427754730.0,Compound,
50120,Ethereum,tvl,2025-11-29 00:00:00,1428501826.0,Compound,
50121,Ethereum,tvl,2025-11-30 00:00:00,1414084929.0,Compound,
50122,Ethereum,tvl,2025-12-01 00:00:00,1405241263.0,Compound,
50123,Ethereum,tvl,2025-12-02 00:00:00,1352679369.0,Compound,
50124,Ethereum,tvl,2025-12-03 00:00:00,1422295237.0,Compound,
50125,Ethereum,tvl,2025-12-04 00:00:00,1479186897.0,Compound,
50126,Ethereum,tvl,2025-12-05 00:00:00,1469027694.0,Compound,
50127,Ethereum,tvl,2025-12-06 00:00:00,1419445621.0,Compound,
50128,Ethereum,tvl,2025-12-07 00:00:00,1428209028.0,Compound,
50129,Ethereum,tvl,2025-12-08 00:00:00,1439855217.0,Compound,
50130,Ethereum,tvl,2025-12-09 00:00:00,1451274837.0,Compound,
50131,Ethereum,tvl,2025-12-10 00:00:00,1519243454.0,Compound,
50132,Ethereum,tvl,2025-12-11 00:00:00,1507287794.0,Compound,
50133,Ethereum,tvl,2025-12-12 00:00:00,1482105212.0,Compound,
50134,Ethereum,tvl,2025-12-13 00:00:00,1448134020.0,Compound,
50135,Ethereum,tvl,2025-12-14 00:00:00,1453124943.0,Compound,
50136,Ethereum,tvl,2025-12-15 00:00:00,1438866340.0,Compound,
50137,Ethereum,tvl,2025-12-16 00:00:00,1414465242.0,Compound,
50138,Ethereum,tvl,2025-12-17 00:00:00,1419018113.0,Compound,
50139,Ethereum,tvl,2025-12-18 00:00:00,1394513523.0,Compound,
50140,Ethereum,tvl,2025-12-19 00:00:00,1366402781.0,Compound,
50141,Ethereum,tvl,2025-12-20 00:00:00,1425251743.0,Compound,
50142,Ethereum,tvl,2025-12-21 00:00:00,1430701490.0,Compound,
50143,Ethereum,tvl,2025-12-22 00:00:00,1446351247.0,Compound,
50144,Ethereum,tvl,2025-12-23 00:00:00,1437539237.0,Compound,
50145,Ethereum,tvl,2025-12-24 00:00:00,1420754859.0,Compound,
50146,Ethereum,tvl,2025-12-25 00:00:00,1423354035.0,Compound,
50147,Ethereum,tvl,2025-12-26 00:00:00,1412752736.0,Compound,
50148,Ethereum,tvl,2025-12-27 00:00:00,1409308004.0,Compound,
50149,Ethereum,tvl,2025-12-28 00:00:00,1415310569.0,Compound,
50150,Ethereum,tvl,2025-12-29 00:00:00,1423705887.0,Compound,
50151,Ethereum,tvl,2025-12-30 00:00:00,1400180473.0,Compound,
50152,Ethereum,tvl,2025-12-31 00:00:00,1414098848.0,Compound,
50153,Ethereum,tvl,2026-01-01 00:00:00,1423660775.0,Compound,
50154,Ethereum,tvl,2026-01-02 00:00:00,1417001229.0,Compound,
50155,Ethereum,tvl,2026-01-03 00:00:00,1457015632.0,Compound,
50156,Ethereum,tvl,2026-01-04 00:00:00,1463248113.0,Compound,
50157,Ethereum,tvl,2026-01-05 00:00:00,1471703704.0,Compound,
50158,Ethereum,tvl,2026-01-06 00:00:00,1504988397.0,Compound,
50159,Ethereum,tvl,2026-01-07 00:00:00,1535064776.0,Compound,
50160,Ethereum,tvl,2026-01-08 00:00:00,1495785170.0,Compound,
50161,Ethereum,tvl,2026-01-09 00:00:00,1478811733.0,Compound,
50162,Ethereum,tvl,2026-01-10 00:00:00,1465835453.0,Compound,
50163,Ethereum,tvl,2026-01-11 00:00:00,1469437077.0,Compound,
50164,Ethereum,tvl,2026-01-11 13:48:47,1480000021.0,Compound,
51745,Polygon,tvl,2025-01-01 00:00:00,31557444.0,Compound,
51746,Polygon,tvl,2025-01-02 00:00:00,32280994.0,Compound,
51747,Polygon,tvl,2025-01-03 00:00:00,32240274.0,Compound,
51748,Polygon,tvl,2025-01-04 00:00:00,32097059.0,Compound,
51749,Polygon,tvl,2025-01-05 00:00:00,33322721.0,Compound,
51750,Polygon,tvl,2025-01-06 00:00:00,33067190.0,Compound,
51751,Polygon,tvl,2025-01-07 00:00:00,34392140.0,Compound,
51752,Polygon,tvl,2025-01-08 00:00:00,32045771.0,Compound,
51753,Polygon,tvl,2025-01-09 00:00:00,32214910.0,Compound,
51754,Polygon,tvl,2025-01-10 00:00:00,32327743.0,Compound,
51755,Polygon,tvl,2025-01-11 00:00:00,32700242.0,Compound,
51756,Polygon,tvl,2025-01-12 00:00:00,32949186.0,Compound,
51757,Polygon,tvl,2025-01-13 00:00:00,32152658.0,Compound,
51758,Polygon,tvl,2025-01-14 00:00:00,31642929.0,Compound,
51759,Polygon,tvl,2025-01-15 00:00:00,32394225.0,Compound,
51760,Polygon,tvl,2025-01-16 00:00:00,33917721.0,Compound,
51761,Polygon,tvl,2025-01-17 00:00:00,33587979.0,Compound,
51762,Polygon,tvl,2025-01-18 00:00:00,35143030.0,Compound,
51763,Polygon,tvl,2025-01-19 00:00:00,33909281.0,Compound,
51764,Polygon,tvl,2025-01-20 00:00:00,32920409.0,Compound,
51765,Polygon,tvl,2025-01-21 00:00:00,32953012.0,Compound,
51766,Polygon,tvl,2025-01-22 00:00:00,34438414.0,Compound,
51767,Polygon,tvl,2025-01-23 00:00:00,33817939.0,Compound,
51768,Polygon,tvl,2025-01-24 00:00:00,34033227.0,Compound,
51769,Polygon,tvl,2025-01-25 00:00:00,34362461.0,Compound,
51770,Polygon,tvl,2025-01-26 00:00:00,34601909.0,Compound,
51771,Polygon,tvl,2025-01-27 00:00:00,34116719.0,Compound,
51772,Polygon,tvl,2025-01-28 00:00:00,33775593.0,Compound,
51773,Polygon,tvl,2025-01-29 00:00:00,32130322.0,Compound,
51774,Polygon,tvl,2025-01-30 00:00:00,33603832.0,Compound,
51775,Polygon,tvl,2025-01-31 00:00:00,34157786.0,Compound,
51776,Polygon,tvl,2025-02-01 00:00:00,34014911.0,Compound,
51777,Polygon,tvl,2025-02-02 00:00:00,33042936.0,Compound,
51778,Polygon,tvl,2025-02-03 00:00:00,31078915.0,Compound,
51779,Polygon,tvl,2025-02-04 00:00:00,32525460.0,Compound,
51780,Polygon,tvl,2025-02-05 00:00:00,31994126.0,Compound,
51781,Polygon,tvl,2025-02-06 00:00:00,32059684.0,Compound,
51782,Polygon,tvl,2025-02-07 00:00:00,31689055.0,Compound,
51783,Polygon,tvl,2025-02-08 00:00:00,31320320.0,Compound,
51784,Polygon,tvl,2025-02-09 00:00:00,31171232.0,Compound,
51785,Polygon,tvl,2025-02-10 00:00:00,30512530.0,Compound,
51786,Polygon,tvl,2025-02-11 00:00:00,31770929.0,Compound,
51787,Polygon,tvl,2025-02-12 00:00:00,30962362.0,Compound,
51788,Polygon,tvl,2025-02-13 00:00:00,31686706.0,Compound,
51789,Polygon,tvl,2025-02-14 00:00:00,32063915.0,Compound,
51790,Polygon,tvl,2025-02-15 00:00:00,32408260.0,Compound,
51791,Polygon,tvl,2025-02-16 00:00:00,31808779.0,Compound,
51792,Polygon,tvl,2025-02-17 00:00:00,31902094.0,Compound,
51793,Polygon,tvl,2025-02-18 00:00:00,31912574.0,Compound,
51794,Polygon,tvl,2025-02-19 00:00:00,31548206.0,Compound,
51795,Polygon,tvl,2025-02-20 00:00:00,32243170.0,Compound,
51796,Polygon,tvl,2025-02-21 00:00:00,31486153.0,Compound,
51797,Polygon,tvl,2025-02-22 00:00:00,31598570.0,Compound,
51798,Polygon,tvl,2025-02-23 00:00:00,31608045.0,Compound,
51799,Polygon,tvl,2025-02-24 00:00:00,31852017.0,Compound,
51800,Polygon,tvl,2025-02-25 00:00:00,30040008.0,Compound,
51801,Polygon,tvl,2025-02-26 00:00:00,28871123.0,Compound,
51802,Polygon,tvl,2025-02-27 00:00:00,28085823.0,Compound,
51803,Polygon,tvl,2025-02-28 00:00:00,28787160.0,Compound,
51804,Polygon,tvl,2025-03-01 00:00:00,28987431.0,Compound,
51805,Polygon,tvl,2025-03-02 00:00:00,29791509.0,Compound,
51806,Polygon,tvl,2025-03-03 00:00:00,31518965.0,Compound,
51807,Polygon,tvl,2025-03-04 00:00:00,29813264.0,Compound,
51808,Polygon,tvl,2025-03-05 00:00:00,30399907.0,Compound,
51809,Polygon,tvl,2025-03-06 00:00:00,31179076.0,Compound,
51810,Polygon,tvl,2025-03-07 00:00:00,30730171.0,Compound,
51811,Polygon,tvl,2025-03-08 00:00:00,30645521.0,Compound,
51812,Polygon,tvl,2025-03-09 00:00:00,29986845.0,Compound,
51813,Polygon,tvl,2025-03-10 00:00:00,28864799.0,Compound,
51814,Polygon,tvl,2025-03-11 00:00:00,27082893.0,Compound,
51815,Polygon,tvl,2025-03-12 00:00:00,28413075.0,Compound,
51816,Polygon,tvl,2025-03-13 00:00:00,28662030.0,Compound,
51817,Polygon,tvl,2025-03-14 00:00:00,28037707.0,Compound,
51818,Polygon,tvl,2025-03-15 00:00:00,28683259.0,Compound,
51819,Polygon,tvl,2025-03-16 00:00:00,28580821.0,Compound,
51820,Polygon,tvl,2025-03-17 00:00:00,27996838.0,Compound,
51821,Polygon,tvl,2025-03-18 00:00:00,29092353.0,Compound,
51822,Polygon,tvl,2025-03-19 00:00:00,28914932.0,Compound,
51823,Polygon,tvl,2025-03-20 00:00:00,30361295.0,Compound,
51824,Polygon,tvl,2025-03-21 00:00:00,29275469.0,Compound,
51825,Polygon,tvl,2025-03-22 00:00:00,29910076.0,Compound,
51826,Polygon,tvl,2025-03-23 00:00:00,30368730.0,Compound,
51827,Polygon,tvl,2025-03-24 00:00:00,30610200.0,Compound,
51828,Polygon,tvl,2025-03-25 00:00:00,31636457.0,Compound,
51829,Polygon,tvl,2025-03-26 00:00:00,30358667.0,Compound,
51830,Polygon,tvl,2025-03-27 00:00:00,30310831.0,Compound,
51831,Polygon,tvl,2025-03-28 00:00:00,30076658.0,Compound,
51832,Polygon,tvl,2025-03-29 00:00:00,28608739.0,Compound,
51833,Polygon,tvl,2025-03-30 00:00:00,28055037.0,Compound,
51834,Polygon,tvl,2025-03-31 00:00:00,27351307.0,Compound,
51835,Polygon,tvl,2025-04-01 00:00:00,27778552.0,Compound,
51836,Polygon,tvl,2025-04-02 00:00:00,29713495.0,Compound,
51837,Polygon,tvl,2025-04-03 00:00:00,28770464.0,Compound,
51838,Polygon,tvl,2025-04-04 00:00:00,28916318.0,Compound,
51839,Polygon,tvl,2025-04-05 00:00:00,28680385.0,Compound,
51840,Polygon,tvl,2025-04-06 00:00:00,28147651.0,Compound,
51841,Polygon,tvl,2025-04-07 00:00:00,26569318.0,Compound,
51842,Polygon,tvl,2025-04-08 00:00:00,27310758.0,Compound,
51843,Polygon,tvl,2025-04-09 00:00:00,26543910.0,Compound,
51844,Polygon,tvl,2025-04-10 00:00:00,28977442.0,Compound,
51845,Polygon,tvl,2025-04-11 00:00:00,28080115.0,Compound,
51846,Polygon,tvl,2025-04-12 00:00:00,28592048.0,Compound,
51847,Polygon,tvl,2025-04-13 00:00:00,28791829.0,Compound,
51848,Polygon,tvl,2025-04-14 00:00:00,28322612.0,Compound,
51849,Polygon,tvl,2025-04-15 00:00:00,28549674.0,Compound,
51850,Polygon,tvl,2025-04-16 00:00:00,32693624.0,Compound,
51851,Polygon,tvl,2025-04-17 00:00:00,33607652.0,Compound,
51852,Polygon,tvl,2025-04-18 00:00:00,34051094.0,Compound,
51853,Polygon,tvl,2025-04-19 00:00:00,34255780.0,Compound,
51854,Polygon,tvl,2025-04-20 00:00:00,34297318.0,Compound,
51855,Polygon,tvl,2025-04-21 00:00:00,34470370.0,Compound,
51856,Polygon,tvl,2025-04-22 00:00:00,33788983.0,Compound,
51857,Polygon,tvl,2025-04-23 00:00:00,35661747.0,Compound,
51858,Polygon,tvl,2025-04-24 00:00:00,31401557.0,Compound,
51859,Polygon,tvl,2025-04-25 00:00:00,32746363.0,Compound,
51860,Polygon,tvl,2025-04-26 00:00:00,34334876.0,Compound,
51861,Polygon,tvl,2025-04-27 00:00:00,34136632.0,Compound,
51862,Polygon,tvl,2025-04-28 00:00:00,33919736.0,Compound,
51863,Polygon,tvl,2025-04-29 00:00:00,33639907.0,Compound,
51864,Polygon,tvl,2025-04-30 00:00:00,33417183.0,Compound,
51865,Polygon,tvl,2025-05-01 00:00:00,34829710.0,Compound,
51866,Polygon,tvl,2025-05-02 00:00:00,35238959.0,Compound,
51867,Polygon,tvl,2025-05-03 00:00:00,35703710.0,Compound,
51868,Polygon,tvl,2025-05-04 00:00:00,34723946.0,Compound,
51869,Polygon,tvl,2025-05-05 00:00:00,34446585.0,Compound,
51870,Polygon,tvl,2025-05-06 00:00:00,34507958.0,Compound,
51871,Polygon,tvl,2025-05-07 00:00:00,34824072.0,Compound,
51872,Polygon,tvl,2025-05-08 00:00:00,36057515.0,Compound,
51873,Polygon,tvl,2025-05-09 00:00:00,37406875.0,Compound,
51874,Polygon,tvl,2025-05-10 00:00:00,36351586.0,Compound,
51875,Polygon,tvl,2025-05-11 00:00:00,37771280.0,Compound,
51876,Polygon,tvl,2025-05-12 00:00:00,37064023.0,Compound,
51877,Polygon,tvl,2025-05-13 00:00:00,37068664.0,Compound,
51878,Polygon,tvl,2025-05-14 00:00:00,37467196.0,Compound,
51879,Polygon,tvl,2025-05-15 00:00:00,36665374.0,Compound,
51880,Polygon,tvl,2025-05-16 00:00:00,36401839.0,Compound,
51881,Polygon,tvl,2025-05-17 00:00:00,35655334.0,Compound,
51882,Polygon,tvl,2025-05-18 00:00:00,35386821.0,Compound,
51883,Polygon,tvl,2025-05-19 00:00:00,37394471.0,Compound,
51884,Polygon,tvl,2025-05-20 00:00:00,36360594.0,Compound,
51885,Polygon,tvl,2025-05-21 00:00:00,36550745.0,Compound,
51886,Polygon,tvl,2025-05-22 00:00:00,37068571.0,Compound,
51887,Polygon,tvl,2025-05-23 00:00:00,37589002.0,Compound,
51888,Polygon,tvl,2025-05-24 00:00:00,36013197.0,Compound,
51889,Polygon,tvl,2025-05-25 00:00:00,35995410.0,Compound,
51890,Polygon,tvl,2025-05-26 00:00:00,36241604.0,Compound,
51891,Polygon,tvl,2025-05-27 00:00:00,36631303.0,Compound,
51892,Polygon,tvl,2025-05-28 00:00:00,36564856.0,Compound,
51893,Polygon,tvl,2025-05-29 00:00:00,36899806.0,Compound,
51894,Polygon,tvl,2025-05-30 00:00:00,36254838.0,Compound,
51895,Polygon,tvl,2025-05-31 00:00:00,35744320.0,Compound,
51896,Polygon,tvl,2025-06-01 00:00:00,35707528.0,Compound,
51897,Polygon,tvl,2025-06-02 00:00:00,35595213.0,Compound,
51898,Polygon,tvl,2025-06-03 00:00:00,35919557.0,Compound,
51899,Polygon,tvl,2025-06-04 00:00:00,35366426.0,Compound,
51900,Polygon,tvl,2025-06-05 00:00:00,35158681.0,Compound,
51901,Polygon,tvl,2025-06-06 00:00:00,33560191.0,Compound,
51902,Polygon,tvl,2025-06-07 00:00:00,33627550.0,Compound,
51903,Polygon,tvl,2025-06-08 00:00:00,32470648.0,Compound,
51904,Polygon,tvl,2025-06-09 00:00:00,31709381.0,Compound,
51905,Polygon,tvl,2025-06-10 00:00:00,33105527.0,Compound,
51906,Polygon,tvl,2025-06-11 00:00:00,33891657.0,Compound,
51907,Polygon,tvl,2025-06-12 00:00:00,33470363.0,Compound,
51908,Polygon,tvl,2025-06-13 00:00:00,31747661.0,Compound,
51909,Polygon,tvl,2025-06-14 00:00:00,32088317.0,Compound,
51910,Polygon,tvl,2025-06-15 00:00:00,31574235.0,Compound,
51911,Polygon,tvl,2025-06-16 00:00:00,31406843.0,Compound,
51912,Polygon,tvl,2025-06-17 00:00:00,31081818.0,Compound,
51913,Polygon,tvl,2025-06-18 00:00:00,28852216.0,Compound,
51914,Polygon,tvl,2025-06-19 00:00:00,28768343.0,Compound,
51915,Polygon,tvl,2025-06-20 00:00:00,29096334.0,Compound,
51916,Polygon,tvl,2025-06-21 00:00:00,28927759.0,Compound,
51917,Polygon,tvl,2025-06-22 00:00:00,27978092.0,Compound,
51918,Polygon,tvl,2025-06-23 00:00:00,27500581.0,Compound,
51919,Polygon,tvl,2025-06-24 00:00:00,29428673.0,Compound,
51920,Polygon,tvl,2025-06-25 00:00:00,28152591.0,Compound,
51921,Polygon,tvl,2025-06-26 00:00:00,28352881.0,Compound,
51922,Polygon,tvl,2025-06-27 00:00:00,27936420.0,Compound,
51923,Polygon,tvl,2025-06-28 00:00:00,28158770.0,Compound,
51924,Polygon,tvl,2025-06-29 00:00:00,27232747.0,Compound,
51925,Polygon,tvl,2025-06-30 00:00:00,27941180.0,Compound,
51926,Polygon,tvl,2025-07-01 00:00:00,27836023.0,Compound,
51927,Polygon,tvl,2025-07-02 00:00:00,26546764.0,Compound,
51928,Polygon,tvl,2025-07-03 00:00:00,27114484.0,Compound,
51929,Polygon,tvl,2025-07-04 00:00:00,27717838.0,Compound,
51930,Polygon,tvl,2025-07-05 00:00:00,26963624.0,Compound,
51931,Polygon,tvl,2025-07-06 00:00:00,26896428.0,Compound,
51932,Polygon,tvl,2025-07-07 00:00:00,26997214.0,Compound,
51933,Polygon,tvl,2025-07-08 00:00:00,26644039.0,Compound,
51934,Polygon,tvl,2025-07-09 00:00:00,27142568.0,Compound,
51935,Polygon,tvl,2025-07-10 00:00:00,27808217.0,Compound,
51936,Polygon,tvl,2025-07-11 00:00:00,28239834.0,Compound,
51937,Polygon,tvl,2025-07-12 00:00:00,28492817.0,Compound,
51938,Polygon,tvl,2025-07-13 00:00:00,28677705.0,Compound,
51939,Polygon,tvl,2025-07-14 00:00:00,28383088.0,Compound,
51940,Polygon,tvl,2025-07-15 00:00:00,28721024.0,Compound,
51941,Polygon,tvl,2025-07-16 00:00:00,27808039.0,Compound,
51942,Polygon,tvl,2025-07-17 00:00:00,28137225.0,Compound,
51943,Polygon,tvl,2025-07-18 00:00:00,28037823.0,Compound,
51944,Polygon,tvl,2025-07-19 00:00:00,27734690.0,Compound,
51945,Polygon,tvl,2025-07-20 00:00:00,27958962.0,Compound,
51946,Polygon,tvl,2025-07-21 00:00:00,27993193.0,Compound,
51947,Polygon,tvl,2025-07-22 00:00:00,27489641.0,Compound,
51948,Polygon,tvl,2025-07-23 00:00:00,26909810.0,Compound,
51949,Polygon,tvl,2025-07-24 00:00:00,26104306.0,Compound,
51950,Polygon,tvl,2025-07-25 00:00:00,25401135.0,Compound,
51951,Polygon,tvl,2025-07-26 00:00:00,25734423.0,Compound,
51952,Polygon,tvl,2025-07-27 00:00:00,25632917.0,Compound,
51953,Polygon,tvl,2025-07-28 00:00:00,25752991.0,Compound,
51954,Polygon,tvl,2025-07-29 00:00:00,25346636.0,Compound,
51955,Polygon,tvl,2025-07-30 00:00:00,24746795.0,Compound,
51956,Polygon,tvl,2025-07-31 00:00:00,26025679.0,Compound,
51957,Polygon,tvl,2025-08-01 00:00:00,25469236.0,Compound,
51958,Polygon,tvl,2025-08-02 00:00:00,25049020.0,Compound,
51959,Polygon,tvl,2025-08-03 00:00:00,24700382.0,Compound,
51960,Polygon,tvl,2025-08-04 00:00:00,25040791.0,Compound,
51961,Polygon,tvl,2025-08-05 00:00:00,25431388.0,Compound,
51962,Polygon,tvl,2025-08-06 00:00:00,25047655.0,Compound,
51963,Polygon,tvl,2025-08-07 00:00:00,25249258.0,Compound,
51964,Polygon,tvl,2025-08-08 00:00:00,25883658.0,Compound,
51965,Polygon,tvl,2025-08-09 00:00:00,25938971.0,Compound,
51966,Polygon,tvl,2025-08-10 00:00:00,26031814.0,Compound,
51967,Polygon,tvl,2025-08-11 00:00:00,26483615.0,Compound,
51968,Polygon,tvl,2025-08-12 00:00:00,26284461.0,Compound,
51969,Polygon,tvl,2025-08-13 00:00:00,26287341.0,Compound,
51970,Polygon,tvl,2025-08-14 00:00:00,27210133.0,Compound,
51971,Polygon,tvl,2025-08-15 00:00:00,25838355.0,Compound,
51972,Polygon,tvl,2025-08-16 00:00:00,25641617.0,Compound,
51973,Polygon,tvl,2025-08-17 00:00:00,25667682.0,Compound,
51974,Polygon,tvl,2025-08-18 00:00:00,25655845.0,Compound,
51975,Polygon,tvl,2025-08-19 00:00:00,25084337.0,Compound,
51976,Polygon,tvl,2025-08-20 00:00:00,24588360.0,Compound,
51977,Polygon,tvl,2025-08-21 00:00:00,24853542.0,Compound,
51978,Polygon,tvl,2025-08-22 00:00:00,24455177.0,Compound,
51979,Polygon,tvl,2025-08-23 00:00:00,25459014.0,Compound,
51980,Polygon,tvl,2025-08-24 00:00:00,24965457.0,Compound,
51981,Polygon,tvl,2025-08-25 00:00:00,24380372.0,Compound,
51982,Polygon,tvl,2025-08-26 00:00:00,23942014.0,Compound,
51983,Polygon,tvl,2025-08-27 00:00:00,24170071.0,Compound,
51984,Polygon,tvl,2025-08-28 00:00:00,23956320.0,Compound,
51985,Polygon,tvl,2025-08-29 00:00:00,24165997.0,Compound,
51986,Polygon,tvl,2025-08-30 00:00:00,23601897.0,Compound,
51987,Polygon,tvl,2025-08-31 00:00:00,23516171.0,Compound,
51988,Polygon,tvl,2025-09-01 00:00:00,23503545.0,Compound,
51989,Polygon,tvl,2025-09-02 00:00:00,23547356.0,Compound,
51990,Polygon,tvl,2025-09-03 00:00:00,23921799.0,Compound,
51991,Polygon,tvl,2025-09-04 00:00:00,24013188.0,Compound,
51992,Polygon,tvl,2025-09-05 00:00:00,23496871.0,Compound,
51993,Polygon,tvl,2025-09-06 00:00:00,23661387.0,Compound,
51994,Polygon,tvl,2025-09-07 00:00:00,23590098.0,Compound,
51995,Polygon,tvl,2025-09-08 00:00:00,23520997.0,Compound,
51996,Polygon,tvl,2025-09-09 00:00:00,23741034.0,Compound,
51997,Polygon,tvl,2025-09-10 00:00:00,23843130.0,Compound,
51998,Polygon,tvl,2025-09-11 00:00:00,23841008.0,Compound,
51999,Polygon,tvl,2025-09-12 00:00:00,24589543.0,Compound,
52000,Polygon,tvl,2025-09-13 00:00:00,24348877.0,Compound,
52001,Polygon,tvl,2025-09-14 00:00:00,24818660.0,Compound,
52002,Polygon,tvl,2025-09-15 00:00:00,24127294.0,Compound,
52003,Polygon,tvl,2025-09-16 00:00:00,23523096.0,Compound,
52004,Polygon,tvl,2025-09-17 00:00:00,23737301.0,Compound,
52005,Polygon,tvl,2025-09-18 00:00:00,24350809.0,Compound,
52006,Polygon,tvl,2025-09-19 00:00:00,24089111.0,Compound,
52007,Polygon,tvl,2025-09-20 00:00:00,24253631.0,Compound,
52008,Polygon,tvl,2025-09-21 00:00:00,24017017.0,Compound,
52009,Polygon,tvl,2025-09-22 00:00:00,23380680.0,Compound,
52010,Polygon,tvl,2025-09-23 00:00:00,23038921.0,Compound,
52011,Polygon,tvl,2025-09-24 00:00:00,23122073.0,Compound,
52012,Polygon,tvl,2025-09-25 00:00:00,23162351.0,Compound,
52013,Polygon,tvl,2025-09-26 00:00:00,22073454.0,Compound,
52014,Polygon,tvl,2025-09-27 00:00:00,22107632.0,Compound,
52015,Polygon,tvl,2025-09-28 00:00:00,22068483.0,Compound,
52016,Polygon,tvl,2025-09-29 00:00:00,22137254.0,Compound,
52017,Polygon,tvl,2025-09-30 00:00:00,22747526.0,Compound,
52018,Polygon,tvl,2025-10-01 00:00:00,22605895.0,Compound,
52019,Polygon,tvl,2025-10-02 00:00:00,23684993.0,Compound,
52020,Polygon,tvl,2025-10-03 00:00:00,23728241.0,Compound,
52021,Polygon,tvl,2025-10-04 00:00:00,24185230.0,Compound,
52022,Polygon,tvl,2025-10-05 00:00:00,23980735.0,Compound,
52023,Polygon,tvl,2025-10-06 00:00:00,24083911.0,Compound,
52024,Polygon,tvl,2025-10-07 00:00:00,24596321.0,Compound,
52025,Polygon,tvl,2025-10-08 00:00:00,23802685.0,Compound,
52026,Polygon,tvl,2025-10-09 00:00:00,24189174.0,Compound,
52027,Polygon,tvl,2025-10-10 00:00:00,23701354.0,Compound,
52028,Polygon,tvl,2025-10-11 00:00:00,20654114.0,Compound,
52029,Polygon,tvl,2025-10-12 00:00:00,20266391.0,Compound,
52030,Polygon,tvl,2025-10-13 00:00:00,21164732.0,Compound,
52031,Polygon,tvl,2025-10-14 00:00:00,21260955.0,Compound,
52032,Polygon,tvl,2025-10-15 00:00:00,20684092.0,Compound,
52033,Polygon,tvl,2025-10-16 00:00:00,20277256.0,Compound,
52034,Polygon,tvl,2025-10-17 00:00:00,19780192.0,Compound,
52035,Polygon,tvl,2025-10-18 00:00:00,19339143.0,Compound,
52036,Polygon,tvl,2025-10-19 00:00:00,19235036.0,Compound,
52037,Polygon,tvl,2025-10-20 00:00:00,19419005.0,Compound,
52038,Polygon,tvl,2025-10-21 00:00:00,20151967.0,Compound,
52039,Polygon,tvl,2025-10-22 00:00:00,19753475.0,Compound,
52040,Polygon,tvl,2025-10-23 00:00:00,19275678.0,Compound,
52041,Polygon,tvl,2025-10-24 00:00:00,19782541.0,Compound,
52042,Polygon,tvl,2025-10-25 00:00:00,19900353.0,Compound,
52043,Polygon,tvl,2025-10-26 00:00:00,19905541.0,Compound,
52044,Polygon,tvl,2025-10-27 00:00:00,20589452.0,Compound,
52045,Polygon,tvl,2025-10-28 00:00:00,20195817.0,Compound,
52046,Polygon,tvl,2025-10-29 00:00:00,20032525.0,Compound,
52047,Polygon,tvl,2025-10-30 00:00:00,20120784.0,Compound,
52048,Polygon,tvl,2025-10-31 00:00:00,20090123.0,Compound,
52049,Polygon,tvl,2025-11-01 00:00:00,19898037.0,Compound,
52050,Polygon,tvl,2025-11-02 00:00:00,19714127.0,Compound,
52051,Polygon,tvl,2025-11-03 00:00:00,19676153.0,Compound,
52052,Polygon,tvl,2025-11-04 00:00:00,18887466.0,Compound,
52053,Polygon,tvl,2025-11-05 00:00:00,17959174.0,Compound,
52054,Polygon,tvl,2025-11-06 00:00:00,18584965.0,Compound,
52055,Polygon,tvl,2025-11-07 00:00:00,17818052.0,Compound,
52056,Polygon,tvl,2025-11-08 00:00:00,18184463.0,Compound,
52057,Polygon,tvl,2025-11-09 00:00:00,18107100.0,Compound,
52058,Polygon,tvl,2025-11-10 00:00:00,18449596.0,Compound,
52059,Polygon,tvl,2025-11-11 00:00:00,19116288.0,Compound,
52060,Polygon,tvl,2025-11-12 00:00:00,18116260.0,Compound,
52061,Polygon,tvl,2025-11-13 00:00:00,17927790.0,Compound,
52062,Polygon,tvl,2025-11-14 00:00:00,17366685.0,Compound,
52063,Polygon,tvl,2025-11-15 00:00:00,16846824.0,Compound,
52064,Polygon,tvl,2025-11-16 00:00:00,16755077.0,Compound,
52065,Polygon,tvl,2025-11-17 00:00:00,16540080.0,Compound,
52066,Polygon,tvl,2025-11-18 00:00:00,16470412.0,Compound,
52067,Polygon,tvl,2025-11-19 00:00:00,16445373.0,Compound,
52068,Polygon,tvl,2025-11-20 00:00:00,16264545.0,Compound,
52069,Polygon,tvl,2025-11-21 00:00:00,14832258.0,Compound,
52070,Polygon,tvl,2025-11-22 00:00:00,13658728.0,Compound,
52071,Polygon,tvl,2025-11-23 00:00:00,13712910.0,Compound,
52072,Polygon,tvl,2025-11-24 00:00:00,14149993.0,Compound,
52073,Polygon,tvl,2025-11-25 00:00:00,14668814.0,Compound,
52074,Polygon,tvl,2025-11-26 00:00:00,13924183.0,Compound,
52075,Polygon,tvl,2025-11-27 00:00:00,14301691.0,Compound,
52076,Polygon,tvl,2025-11-28 00:00:00,14623515.0,Compound,
52077,Polygon,tvl,2025-11-29 00:00:00,14447053.0,Compound,
52078,Polygon,tvl,2025-11-30 00:00:00,14950505.0,Compound,
52079,Polygon,tvl,2025-12-01 00:00:00,14378846.0,Compound,
52080,Polygon,tvl,2025-12-02 00:00:00,14258289.0,Compound,
52081,Polygon,tvl,2025-12-03 00:00:00,14641532.0,Compound,
52082,Polygon,tvl,2025-12-04 00:00:00,14650533.0,Compound,
52083,Polygon,tvl,2025-12-05 00:00:00,14515371.0,Compound,
52084,Polygon,tvl,2025-12-06 00:00:00,14026383.0,Compound,
52085,Polygon,tvl,2025-12-07 00:00:00,14841712.0,Compound,
52086,Polygon,tvl,2025-12-08 00:00:00,13951116.0,Compound,
52087,Polygon,tvl,2025-12-09 00:00:00,14212041.0,Compound,
52088,Polygon,tvl,2025-12-10 00:00:00,14631840.0,Compound,
52089,Polygon,tvl,2025-12-11 00:00:00,15063772.0,Compound,
52090,Polygon,tvl,2025-12-12 00:00:00,14589330.0,Compound,
52091,Polygon,tvl,2025-12-13 00:00:00,14703189.0,Compound,
52092,Polygon,tvl,2025-12-14 00:00:00,14387147.0,Compound,
52093,Polygon,tvl,2025-12-15 00:00:00,13785366.0,Compound,
52094,Polygon,tvl,2025-12-16 00:00:00,13988646.0,Compound,
52095,Polygon,tvl,2025-12-17 00:00:00,14058645.0,Compound,
52096,Polygon,tvl,2025-12-18 00:00:00,13941218.0,Compound,
52097,Polygon,tvl,2025-12-19 00:00:00,12991630.0,Compound,
52098,Polygon,tvl,2025-12-20 00:00:00,12799503.0,Compound,
52099,Polygon,tvl,2025-12-21 00:00:00,12801510.0,Compound,
52100,Polygon,tvl,2025-12-22 00:00:00,12818160.0,Compound,
52101,Polygon,tvl,2025-12-23 00:00:00,12800969.0,Compound,
52102,Polygon,tvl,2025-12-24 00:00:00,12664969.0,Compound,
52103,Polygon,tvl,2025-12-25 00:00:00,12679202.0,Compound,
52104,Polygon,tvl,2025-12-26 00:00:00,12634275.0,Compound,
52105,Polygon,tvl,2025-12-27 00:00:00,12623058.0,Compound,
52106,Polygon,tvl,2025-12-28 00:00:00,12673050.0,Compound,
52107,Polygon,tvl,2025-12-29 00:00:00,12673449.0,Compound,
52108,Polygon,tvl,2025-12-30 00:00:00,12483156.0,Compound,
52109,Polygon,tvl,2025-12-31 00:00:00,12611980.0,Compound,
52110,Polygon,tvl,2026-01-01 00:00:00,13506189.0,Compound,
52111,Polygon,tvl,2026-01-02 00:00:00,12670297.0,Compound,
52112,Polygon,tvl,2026-01-03 00:00:00,12844137.0,Compound,
52113,Polygon,tvl,2026-01-04 00:00:00,12942397.0,Compound,
52114,Polygon,tvl,2026-01-05 00:00:00,12946008.0,Compound,
52115,Polygon,tvl,2026-01-06 00:00:00,13148705.0,Compound,
52116,Polygon,tvl,2026-01-07 00:00:00,13134576.0,Compound,
52117,Polygon,tvl,2026-01-08 00:00:00,12837397.0,Compound,
52118,Polygon,tvl,2026-01-09 00:00:00,12798641.0,Compound,
52119,Polygon,tvl,2026-01-10 00:00:00,12681600.0,Compound,
52120,Polygon,tvl,2026-01-11 00:00:00,12679351.0,Compound,
52121,Polygon,tvl,2026-01-11 13:48:47,12704213.0,Compound,
55059,Arbitrum,tvl,2025-01-01 00:00:00,173152250.0,Compound,
55060,Arbitrum,tvl,2025-01-02 00:00:00,176248634.0,Compound,
55061,Arbitrum,tvl,2025-01-03 00:00:00,179287828.0,Compound,
55062,Arbitrum,tvl,2025-01-04 00:00:00,186787562.0,Compound,
55063,Arbitrum,tvl,2025-01-05 00:00:00,186694410.0,Compound,
55064,Arbitrum,tvl,2025-01-06 00:00:00,183163971.0,Compound,
55065,Arbitrum,tvl,2025-01-07 00:00:00,185384809.0,Compound,
55066,Arbitrum,tvl,2025-01-08 00:00:00,172657857.0,Compound,
55067,Arbitrum,tvl,2025-01-09 00:00:00,169945830.0,Compound,
55068,Arbitrum,tvl,2025-01-10 00:00:00,166628951.0,Compound,
55069,Arbitrum,tvl,2025-01-11 00:00:00,170705156.0,Compound,
55070,Arbitrum,tvl,2025-01-12 00:00:00,174335529.0,Compound,
55071,Arbitrum,tvl,2025-01-13 00:00:00,172041425.0,Compound,
55072,Arbitrum,tvl,2025-01-14 00:00:00,165891263.0,Compound,
55073,Arbitrum,tvl,2025-01-15 00:00:00,168640063.0,Compound,
55074,Arbitrum,tvl,2025-01-16 00:00:00,178512578.0,Compound,
55075,Arbitrum,tvl,2025-01-17 00:00:00,175822813.0,Compound,
55076,Arbitrum,tvl,2025-01-18 00:00:00,185323628.0,Compound,
55077,Arbitrum,tvl,2025-01-19 00:00:00,176716740.0,Compound,
55078,Arbitrum,tvl,2025-01-20 00:00:00,171505393.0,Compound,
55079,Arbitrum,tvl,2025-01-21 00:00:00,166051075.0,Compound,
55080,Arbitrum,tvl,2025-01-22 00:00:00,169540093.0,Compound,
55081,Arbitrum,tvl,2025-01-23 00:00:00,169210423.0,Compound,
55082,Arbitrum,tvl,2025-01-24 00:00:00,172334381.0,Compound,
55083,Arbitrum,tvl,2025-01-25 00:00:00,170421493.0,Compound,
55084,Arbitrum,tvl,2025-01-26 00:00:00,168427072.0,Compound,
55085,Arbitrum,tvl,2025-01-27 00:00:00,166544038.0,Compound,
55086,Arbitrum,tvl,2025-01-28 00:00:00,163595516.0,Compound,
55087,Arbitrum,tvl,2025-01-29 00:00:00,159715358.0,Compound,
55088,Arbitrum,tvl,2025-01-30 00:00:00,161735422.0,Compound,
55089,Arbitrum,tvl,2025-01-31 00:00:00,165502180.0,Compound,
55090,Arbitrum,tvl,2025-02-01 00:00:00,165154357.0,Compound,
55091,Arbitrum,tvl,2025-02-02 00:00:00,159190096.0,Compound,
55092,Arbitrum,tvl,2025-02-03 00:00:00,145881505.0,Compound,
55093,Arbitrum,tvl,2025-02-04 00:00:00,151568553.0,Compound,
55094,Arbitrum,tvl,2025-02-05 00:00:00,146116872.0,Compound,
55095,Arbitrum,tvl,2025-02-06 00:00:00,145432921.0,Compound,
55096,Arbitrum,tvl,2025-02-07 00:00:00,141143368.0,Compound,
55097,Arbitrum,tvl,2025-02-08 00:00:00,139093583.0,Compound,
55098,Arbitrum,tvl,2025-02-09 00:00:00,138342035.0,Compound,
55099,Arbitrum,tvl,2025-02-10 00:00:00,137349918.0,Compound,
55100,Arbitrum,tvl,2025-02-11 00:00:00,138411219.0,Compound,
55101,Arbitrum,tvl,2025-02-12 00:00:00,136102490.0,Compound,
55102,Arbitrum,tvl,2025-02-13 00:00:00,140107706.0,Compound,
55103,Arbitrum,tvl,2025-02-14 00:00:00,137160034.0,Compound,
55104,Arbitrum,tvl,2025-02-15 00:00:00,140580755.0,Compound,
55105,Arbitrum,tvl,2025-02-16 00:00:00,139878895.0,Compound,
55106,Arbitrum,tvl,2025-02-17 00:00:00,138467371.0,Compound,
55107,Arbitrum,tvl,2025-02-18 00:00:00,141411932.0,Compound,
55108,Arbitrum,tvl,2025-02-19 00:00:00,139511156.0,Compound,
55109,Arbitrum,tvl,2025-02-20 00:00:00,140248062.0,Compound,
55110,Arbitrum,tvl,2025-02-21 00:00:00,145502911.0,Compound,
55111,Arbitrum,tvl,2025-02-22 00:00:00,143941113.0,Compound,
55112,Arbitrum,tvl,2025-02-23 00:00:00,145808744.0,Compound,
55113,Arbitrum,tvl,2025-02-24 00:00:00,151907173.0,Compound,
55114,Arbitrum,tvl,2025-02-25 00:00:00,144421285.0,Compound,
55115,Arbitrum,tvl,2025-02-26 00:00:00,142789521.0,Compound,
55116,Arbitrum,tvl,2025-02-27 00:00:00,135080535.0,Compound,
55117,Arbitrum,tvl,2025-02-28 00:00:00,134014721.0,Compound,
55118,Arbitrum,tvl,2025-03-01 00:00:00,140066764.0,Compound,
55119,Arbitrum,tvl,2025-03-02 00:00:00,143141580.0,Compound,
55120,Arbitrum,tvl,2025-03-03 00:00:00,151904169.0,Compound,
55121,Arbitrum,tvl,2025-03-04 00:00:00,138849626.0,Compound,
55122,Arbitrum,tvl,2025-03-05 00:00:00,140067009.0,Compound,
55123,Arbitrum,tvl,2025-03-06 00:00:00,142565484.0,Compound,
55124,Arbitrum,tvl,2025-03-07 00:00:00,140452291.0,Compound,
55125,Arbitrum,tvl,2025-03-08 00:00:00,137090153.0,Compound,
55126,Arbitrum,tvl,2025-03-09 00:00:00,138335058.0,Compound,
55127,Arbitrum,tvl,2025-03-10 00:00:00,129730555.0,Compound,
55128,Arbitrum,tvl,2025-03-11 00:00:00,123202655.0,Compound,
55129,Arbitrum,tvl,2025-03-12 00:00:00,129147690.0,Compound,
55130,Arbitrum,tvl,2025-03-13 00:00:00,129474813.0,Compound,
55131,Arbitrum,tvl,2025-03-14 00:00:00,130497436.0,Compound,
55132,Arbitrum,tvl,2025-03-15 00:00:00,135297030.0,Compound,
55133,Arbitrum,tvl,2025-03-16 00:00:00,135300312.0,Compound,
55134,Arbitrum,tvl,2025-03-17 00:00:00,131652849.0,Compound,
55135,Arbitrum,tvl,2025-03-18 00:00:00,131914074.0,Compound,
55136,Arbitrum,tvl,2025-03-19 00:00:00,132011488.0,Compound,
55137,Arbitrum,tvl,2025-03-20 00:00:00,137978830.0,Compound,
55138,Arbitrum,tvl,2025-03-21 00:00:00,133985186.0,Compound,
55139,Arbitrum,tvl,2025-03-22 00:00:00,133421561.0,Compound,
55140,Arbitrum,tvl,2025-03-23 00:00:00,133166993.0,Compound,
55141,Arbitrum,tvl,2025-03-24 00:00:00,134627984.0,Compound,
55142,Arbitrum,tvl,2025-03-25 00:00:00,130205260.0,Compound,
55143,Arbitrum,tvl,2025-03-26 00:00:00,128678399.0,Compound,
55144,Arbitrum,tvl,2025-03-27 00:00:00,123854291.0,Compound,
55145,Arbitrum,tvl,2025-03-28 00:00:00,124668212.0,Compound,
55146,Arbitrum,tvl,2025-03-29 00:00:00,120169306.0,Compound,
55147,Arbitrum,tvl,2025-03-30 00:00:00,118958271.0,Compound,
55148,Arbitrum,tvl,2025-03-31 00:00:00,117875973.0,Compound,
55149,Arbitrum,tvl,2025-04-01 00:00:00,119696102.0,Compound,
55150,Arbitrum,tvl,2025-04-02 00:00:00,123752383.0,Compound,
55151,Arbitrum,tvl,2025-04-03 00:00:00,118216377.0,Compound,
55152,Arbitrum,tvl,2025-04-04 00:00:00,120255689.0,Compound,
55153,Arbitrum,tvl,2025-04-05 00:00:00,123159732.0,Compound,
55154,Arbitrum,tvl,2025-04-06 00:00:00,122316095.0,Compound,
55155,Arbitrum,tvl,2025-04-07 00:00:00,115584041.0,Compound,
55156,Arbitrum,tvl,2025-04-08 00:00:00,119496889.0,Compound,
55157,Arbitrum,tvl,2025-04-09 00:00:00,109995213.0,Compound,
55158,Arbitrum,tvl,2025-04-10 00:00:00,119860893.0,Compound,
55159,Arbitrum,tvl,2025-04-11 00:00:00,117820989.0,Compound,
55160,Arbitrum,tvl,2025-04-12 00:00:00,122589081.0,Compound,
55161,Arbitrum,tvl,2025-04-13 00:00:00,126354418.0,Compound,
55162,Arbitrum,tvl,2025-04-14 00:00:00,124908267.0,Compound,
55163,Arbitrum,tvl,2025-04-15 00:00:00,122513664.0,Compound,
55164,Arbitrum,tvl,2025-04-16 00:00:00,124222707.0,Compound,
55165,Arbitrum,tvl,2025-04-17 00:00:00,128368188.0,Compound,
55166,Arbitrum,tvl,2025-04-18 00:00:00,130484716.0,Compound,
55167,Arbitrum,tvl,2025-04-19 00:00:00,129671568.0,Compound,
55168,Arbitrum,tvl,2025-04-20 00:00:00,130289875.0,Compound,
55169,Arbitrum,tvl,2025-04-21 00:00:00,126441771.0,Compound,
55170,Arbitrum,tvl,2025-04-22 00:00:00,128501388.0,Compound,
55171,Arbitrum,tvl,2025-04-23 00:00:00,136224596.0,Compound,
55172,Arbitrum,tvl,2025-04-24 00:00:00,130836739.0,Compound,
55173,Arbitrum,tvl,2025-04-25 00:00:00,130531939.0,Compound,
55174,Arbitrum,tvl,2025-04-26 00:00:00,130362046.0,Compound,
55175,Arbitrum,tvl,2025-04-27 00:00:00,130900087.0,Compound,
55176,Arbitrum,tvl,2025-04-28 00:00:00,129357681.0,Compound,
55177,Arbitrum,tvl,2025-04-29 00:00:00,130799752.0,Compound,
55178,Arbitrum,tvl,2025-04-30 00:00:00,129635072.0,Compound,
55179,Arbitrum,tvl,2025-05-01 00:00:00,128605314.0,Compound,
55180,Arbitrum,tvl,2025-05-02 00:00:00,131737709.0,Compound,
55181,Arbitrum,tvl,2025-05-03 00:00:00,132431470.0,Compound,
55182,Arbitrum,tvl,2025-05-04 00:00:00,130829762.0,Compound,
55183,Arbitrum,tvl,2025-05-05 00:00:00,129969308.0,Compound,
55184,Arbitrum,tvl,2025-05-06 00:00:00,134027820.0,Compound,
55185,Arbitrum,tvl,2025-05-07 00:00:00,151077205.0,Compound,
55186,Arbitrum,tvl,2025-05-08 00:00:00,132682168.0,Compound,
55187,Arbitrum,tvl,2025-05-09 00:00:00,146379885.0,Compound,
55188,Arbitrum,tvl,2025-05-10 00:00:00,150036909.0,Compound,
55189,Arbitrum,tvl,2025-05-11 00:00:00,153911278.0,Compound,
55190,Arbitrum,tvl,2025-05-12 00:00:00,150154913.0,Compound,
55191,Arbitrum,tvl,2025-05-13 00:00:00,145471161.0,Compound,
55192,Arbitrum,tvl,2025-05-14 00:00:00,147739696.0,Compound,
55193,Arbitrum,tvl,2025-05-15 00:00:00,143131432.0,Compound,
55194,Arbitrum,tvl,2025-05-16 00:00:00,142851102.0,Compound,
55195,Arbitrum,tvl,2025-05-17 00:00:00,141370981.0,Compound,
55196,Arbitrum,tvl,2025-05-18 00:00:00,138463497.0,Compound,
55197,Arbitrum,tvl,2025-05-19 00:00:00,139090586.0,Compound,
55198,Arbitrum,tvl,2025-05-20 00:00:00,140107090.0,Compound,
55199,Arbitrum,tvl,2025-05-21 00:00:00,139287784.0,Compound,
55200,Arbitrum,tvl,2025-05-22 00:00:00,140560576.0,Compound,
55201,Arbitrum,tvl,2025-05-23 00:00:00,143119700.0,Compound,
55202,Arbitrum,tvl,2025-05-24 00:00:00,137162266.0,Compound,
55203,Arbitrum,tvl,2025-05-25 00:00:00,137352425.0,Compound,
55204,Arbitrum,tvl,2025-05-26 00:00:00,138322206.0,Compound,
55205,Arbitrum,tvl,2025-05-27 00:00:00,138389895.0,Compound,
55206,Arbitrum,tvl,2025-05-28 00:00:00,140664854.0,Compound,
55207,Arbitrum,tvl,2025-05-29 00:00:00,139180020.0,Compound,
55208,Arbitrum,tvl,2025-05-30 00:00:00,136400070.0,Compound,
55209,Arbitrum,tvl,2025-05-31 00:00:00,133499355.0,Compound,
55210,Arbitrum,tvl,2025-06-01 00:00:00,133788982.0,Compound,
55211,Arbitrum,tvl,2025-06-02 00:00:00,138435875.0,Compound,
55212,Arbitrum,tvl,2025-06-03 00:00:00,141718255.0,Compound,
55213,Arbitrum,tvl,2025-06-04 00:00:00,140395609.0,Compound,
55214,Arbitrum,tvl,2025-06-05 00:00:00,139648989.0,Compound,
55215,Arbitrum,tvl,2025-06-06 00:00:00,132694672.0,Compound,
55216,Arbitrum,tvl,2025-06-07 00:00:00,135564009.0,Compound,
55217,Arbitrum,tvl,2025-06-08 00:00:00,140132517.0,Compound,
55218,Arbitrum,tvl,2025-06-09 00:00:00,141334049.0,Compound,
55219,Arbitrum,tvl,2025-06-10 00:00:00,146310884.0,Compound,
55220,Arbitrum,tvl,2025-06-11 00:00:00,148656094.0,Compound,
55221,Arbitrum,tvl,2025-06-12 00:00:00,146435386.0,Compound,
55222,Arbitrum,tvl,2025-06-13 00:00:00,137113913.0,Compound,
55223,Arbitrum,tvl,2025-06-14 00:00:00,139559105.0,Compound,
55224,Arbitrum,tvl,2025-06-15 00:00:00,147113014.0,Compound,
55225,Arbitrum,tvl,2025-06-16 00:00:00,147326620.0,Compound,
55226,Arbitrum,tvl,2025-06-17 00:00:00,144898603.0,Compound,
55227,Arbitrum,tvl,2025-06-18 00:00:00,136542966.0,Compound,
55228,Arbitrum,tvl,2025-06-19 00:00:00,137186324.0,Compound,
55229,Arbitrum,tvl,2025-06-20 00:00:00,138601285.0,Compound,
55230,Arbitrum,tvl,2025-06-21 00:00:00,134531708.0,Compound,
55231,Arbitrum,tvl,2025-06-22 00:00:00,130837375.0,Compound,
55232,Arbitrum,tvl,2025-06-23 00:00:00,136141450.0,Compound,
55233,Arbitrum,tvl,2025-06-24 00:00:00,143960089.0,Compound,
55234,Arbitrum,tvl,2025-06-25 00:00:00,146311911.0,Compound,
55235,Arbitrum,tvl,2025-06-26 00:00:00,146412197.0,Compound,
55236,Arbitrum,tvl,2025-06-27 00:00:00,146487930.0,Compound,
55237,Arbitrum,tvl,2025-06-28 00:00:00,141592886.0,Compound,
55238,Arbitrum,tvl,2025-06-29 00:00:00,144225480.0,Compound,
55239,Arbitrum,tvl,2025-06-30 00:00:00,149157865.0,Compound,
55240,Arbitrum,tvl,2025-07-01 00:00:00,149416195.0,Compound,
55241,Arbitrum,tvl,2025-07-02 00:00:00,144104232.0,Compound,
55242,Arbitrum,tvl,2025-07-03 00:00:00,149737345.0,Compound,
55243,Arbitrum,tvl,2025-07-04 00:00:00,151638301.0,Compound,
55244,Arbitrum,tvl,2025-07-05 00:00:00,147214145.0,Compound,
55245,Arbitrum,tvl,2025-07-06 00:00:00,147689933.0,Compound,
55246,Arbitrum,tvl,2025-07-07 00:00:00,151217580.0,Compound,
55247,Arbitrum,tvl,2025-07-08 00:00:00,146566806.0,Compound,
55248,Arbitrum,tvl,2025-07-09 00:00:00,148525722.0,Compound,
55249,Arbitrum,tvl,2025-07-10 00:00:00,155800787.0,Compound,
55250,Arbitrum,tvl,2025-07-11 00:00:00,164897008.0,Compound,
55251,Arbitrum,tvl,2025-07-12 00:00:00,165076932.0,Compound,
55252,Arbitrum,tvl,2025-07-13 00:00:00,163122433.0,Compound,
55253,Arbitrum,tvl,2025-07-14 00:00:00,164490331.0,Compound,
55254,Arbitrum,tvl,2025-07-15 00:00:00,164965930.0,Compound,
55255,Arbitrum,tvl,2025-07-16 00:00:00,166039942.0,Compound,
55256,Arbitrum,tvl,2025-07-17 00:00:00,169086585.0,Compound,
55257,Arbitrum,tvl,2025-07-18 00:00:00,170858520.0,Compound,
55258,Arbitrum,tvl,2025-07-19 00:00:00,171749152.0,Compound,
55259,Arbitrum,tvl,2025-07-20 00:00:00,171619012.0,Compound,
55260,Arbitrum,tvl,2025-07-21 00:00:00,173103789.0,Compound,
55261,Arbitrum,tvl,2025-07-22 00:00:00,175170188.0,Compound,
55262,Arbitrum,tvl,2025-07-23 00:00:00,172217015.0,Compound,
55263,Arbitrum,tvl,2025-07-24 00:00:00,173818777.0,Compound,
55264,Arbitrum,tvl,2025-07-25 00:00:00,171083863.0,Compound,
55265,Arbitrum,tvl,2025-07-26 00:00:00,173571473.0,Compound,
55266,Arbitrum,tvl,2025-07-27 00:00:00,173619701.0,Compound,
55267,Arbitrum,tvl,2025-07-28 00:00:00,178020861.0,Compound,
55268,Arbitrum,tvl,2025-07-29 00:00:00,173624735.0,Compound,
55269,Arbitrum,tvl,2025-07-30 00:00:00,172798620.0,Compound,
55270,Arbitrum,tvl,2025-07-31 00:00:00,168896178.0,Compound,
55271,Arbitrum,tvl,2025-08-01 00:00:00,163192721.0,Compound,
55272,Arbitrum,tvl,2025-08-02 00:00:00,158892337.0,Compound,
55273,Arbitrum,tvl,2025-08-03 00:00:00,155836706.0,Compound,
55274,Arbitrum,tvl,2025-08-04 00:00:00,160174814.0,Compound,
55275,Arbitrum,tvl,2025-08-05 00:00:00,170952814.0,Compound,
55276,Arbitrum,tvl,2025-08-06 00:00:00,167405364.0,Compound,
55277,Arbitrum,tvl,2025-08-07 00:00:00,170040712.0,Compound,
55278,Arbitrum,tvl,2025-08-08 00:00:00,177496270.0,Compound,
55279,Arbitrum,tvl,2025-08-09 00:00:00,177511216.0,Compound,
55280,Arbitrum,tvl,2025-08-10 00:00:00,182812380.0,Compound,
55281,Arbitrum,tvl,2025-08-11 00:00:00,178002396.0,Compound,
55282,Arbitrum,tvl,2025-08-12 00:00:00,171205407.0,Compound,
55283,Arbitrum,tvl,2025-08-13 00:00:00,182394046.0,Compound,
55284,Arbitrum,tvl,2025-08-14 00:00:00,187211490.0,Compound,
55285,Arbitrum,tvl,2025-08-15 00:00:00,179490774.0,Compound,
55286,Arbitrum,tvl,2025-08-16 00:00:00,176655923.0,Compound,
55287,Arbitrum,tvl,2025-08-17 00:00:00,177670058.0,Compound,
55288,Arbitrum,tvl,2025-08-18 00:00:00,175340550.0,Compound,
55289,Arbitrum,tvl,2025-08-19 00:00:00,172773381.0,Compound,
55290,Arbitrum,tvl,2025-08-20 00:00:00,164849687.0,Compound,
55291,Arbitrum,tvl,2025-08-21 00:00:00,172065747.0,Compound,
55292,Arbitrum,tvl,2025-08-22 00:00:00,169420102.0,Compound,
55293,Arbitrum,tvl,2025-08-23 00:00:00,181582076.0,Compound,
55294,Arbitrum,tvl,2025-08-24 00:00:00,179748401.0,Compound,
55295,Arbitrum,tvl,2025-08-25 00:00:00,175026578.0,Compound,
55296,Arbitrum,tvl,2025-08-26 00:00:00,166178584.0,Compound,
55297,Arbitrum,tvl,2025-08-27 00:00:00,171881608.0,Compound,
55298,Arbitrum,tvl,2025-08-28 00:00:00,170623398.0,Compound,
55299,Arbitrum,tvl,2025-08-29 00:00:00,172312393.0,Compound,
55300,Arbitrum,tvl,2025-08-30 00:00:00,166310962.0,Compound,
55301,Arbitrum,tvl,2025-08-31 00:00:00,168169757.0,Compound,
55302,Arbitrum,tvl,2025-09-01 00:00:00,167354597.0,Compound,
55303,Arbitrum,tvl,2025-09-02 00:00:00,165443587.0,Compound,
55304,Arbitrum,tvl,2025-09-03 00:00:00,167263436.0,Compound,
55305,Arbitrum,tvl,2025-09-04 00:00:00,164285094.0,Compound,
55306,Arbitrum,tvl,2025-09-05 00:00:00,163804957.0,Compound,
55307,Arbitrum,tvl,2025-09-06 00:00:00,158334527.0,Compound,
55308,Arbitrum,tvl,2025-09-07 00:00:00,155411064.0,Compound,
55309,Arbitrum,tvl,2025-09-08 00:00:00,158120434.0,Compound,
55310,Arbitrum,tvl,2025-09-09 00:00:00,158149884.0,Compound,
55311,Arbitrum,tvl,2025-09-10 00:00:00,159508566.0,Compound,
55312,Arbitrum,tvl,2025-09-11 00:00:00,166673762.0,Compound,
55313,Arbitrum,tvl,2025-09-12 00:00:00,169946606.0,Compound,
55314,Arbitrum,tvl,2025-09-13 00:00:00,168530740.0,Compound,
55315,Arbitrum,tvl,2025-09-14 00:00:00,174334042.0,Compound,
55316,Arbitrum,tvl,2025-09-15 00:00:00,176253709.0,Compound,
55317,Arbitrum,tvl,2025-09-16 00:00:00,170509071.0,Compound,
55318,Arbitrum,tvl,2025-09-17 00:00:00,174021347.0,Compound,
55319,Arbitrum,tvl,2025-09-18 00:00:00,176160732.0,Compound,
55320,Arbitrum,tvl,2025-09-19 00:00:00,175964781.0,Compound,
55321,Arbitrum,tvl,2025-09-20 00:00:00,171882581.0,Compound,
55322,Arbitrum,tvl,2025-09-21 00:00:00,171194436.0,Compound,
55323,Arbitrum,tvl,2025-09-22 00:00:00,169310987.0,Compound,
55324,Arbitrum,tvl,2025-09-23 00:00:00,162838854.0,Compound,
55325,Arbitrum,tvl,2025-09-24 00:00:00,163350449.0,Compound,
55326,Arbitrum,tvl,2025-09-25 00:00:00,166886648.0,Compound,
55327,Arbitrum,tvl,2025-09-26 00:00:00,156399138.0,Compound,
55328,Arbitrum,tvl,2025-09-27 00:00:00,155335144.0,Compound,
55329,Arbitrum,tvl,2025-09-28 00:00:00,152470788.0,Compound,
55330,Arbitrum,tvl,2025-09-29 00:00:00,162206567.0,Compound,
55331,Arbitrum,tvl,2025-09-30 00:00:00,171309485.0,Compound,
55332,Arbitrum,tvl,2025-10-01 00:00:00,167751026.0,Compound,
55333,Arbitrum,tvl,2025-10-02 00:00:00,173829006.0,Compound,
55334,Arbitrum,tvl,2025-10-03 00:00:00,177802877.0,Compound,
55335,Arbitrum,tvl,2025-10-04 00:00:00,179421882.0,Compound,
55336,Arbitrum,tvl,2025-10-05 00:00:00,175324380.0,Compound,
55337,Arbitrum,tvl,2025-10-06 00:00:00,174994995.0,Compound,
55338,Arbitrum,tvl,2025-10-07 00:00:00,178045435.0,Compound,
55339,Arbitrum,tvl,2025-10-08 00:00:00,171597118.0,Compound,
55340,Arbitrum,tvl,2025-10-09 00:00:00,172777898.0,Compound,
55341,Arbitrum,tvl,2025-10-10 00:00:00,169056940.0,Compound,
55342,Arbitrum,tvl,2025-10-11 00:00:00,154616988.0,Compound,
55343,Arbitrum,tvl,2025-10-12 00:00:00,152944962.0,Compound,
55344,Arbitrum,tvl,2025-10-13 00:00:00,163353812.0,Compound,
55345,Arbitrum,tvl,2025-10-14 00:00:00,164680261.0,Compound,
55346,Arbitrum,tvl,2025-10-15 00:00:00,160960220.0,Compound,
55347,Arbitrum,tvl,2025-10-16 00:00:00,157159074.0,Compound,
55348,Arbitrum,tvl,2025-10-17 00:00:00,152834108.0,Compound,
55349,Arbitrum,tvl,2025-10-18 00:00:00,153243677.0,Compound,
55350,Arbitrum,tvl,2025-10-19 00:00:00,153658424.0,Compound,
55351,Arbitrum,tvl,2025-10-20 00:00:00,156520260.0,Compound,
55352,Arbitrum,tvl,2025-10-21 00:00:00,161370663.0,Compound,
55353,Arbitrum,tvl,2025-10-22 00:00:00,160825666.0,Compound,
55354,Arbitrum,tvl,2025-10-23 00:00:00,159990119.0,Compound,
55355,Arbitrum,tvl,2025-10-24 00:00:00,166574364.0,Compound,
55356,Arbitrum,tvl,2025-10-25 00:00:00,168318677.0,Compound,
55357,Arbitrum,tvl,2025-10-26 00:00:00,169539539.0,Compound,
55358,Arbitrum,tvl,2025-10-27 00:00:00,175940130.0,Compound,
55359,Arbitrum,tvl,2025-10-28 00:00:00,174024135.0,Compound,
55360,Arbitrum,tvl,2025-10-29 00:00:00,170376888.0,Compound,
55361,Arbitrum,tvl,2025-10-30 00:00:00,153989191.0,Compound,
55362,Arbitrum,tvl,2025-10-31 00:00:00,151042930.0,Compound,
55363,Arbitrum,tvl,2025-11-01 00:00:00,151714737.0,Compound,
55364,Arbitrum,tvl,2025-11-02 00:00:00,152240722.0,Compound,
55365,Arbitrum,tvl,2025-11-03 00:00:00,152915670.0,Compound,
55366,Arbitrum,tvl,2025-11-04 00:00:00,146529700.0,Compound,
55367,Arbitrum,tvl,2025-11-05 00:00:00,137078690.0,Compound,
55368,Arbitrum,tvl,2025-11-06 00:00:00,128448817.0,Compound,
55369,Arbitrum,tvl,2025-11-07 00:00:00,119526521.0,Compound,
55370,Arbitrum,tvl,2025-11-08 00:00:00,127238024.0,Compound,
55371,Arbitrum,tvl,2025-11-09 00:00:00,127781566.0,Compound,
55372,Arbitrum,tvl,2025-11-10 00:00:00,138128899.0,Compound,
55373,Arbitrum,tvl,2025-11-11 00:00:00,138580900.0,Compound,
55374,Arbitrum,tvl,2025-11-12 00:00:00,134565721.0,Compound,
55375,Arbitrum,tvl,2025-11-13 00:00:00,134620458.0,Compound,
55376,Arbitrum,tvl,2025-11-14 00:00:00,130300585.0,Compound,
55377,Arbitrum,tvl,2025-11-15 00:00:00,129051884.0,Compound,
55378,Arbitrum,tvl,2025-11-16 00:00:00,129792528.0,Compound,
55379,Arbitrum,tvl,2025-11-17 00:00:00,128839726.0,Compound,
55380,Arbitrum,tvl,2025-11-18 00:00:00,125442728.0,Compound,
55381,Arbitrum,tvl,2025-11-19 00:00:00,127128830.0,Compound,
55382,Arbitrum,tvl,2025-11-20 00:00:00,125784395.0,Compound,
55383,Arbitrum,tvl,2025-11-21 00:00:00,117667783.0,Compound,
55384,Arbitrum,tvl,2025-11-22 00:00:00,116174885.0,Compound,
55385,Arbitrum,tvl,2025-11-23 00:00:00,115481414.0,Compound,
55386,Arbitrum,tvl,2025-11-24 00:00:00,117608275.0,Compound,
55387,Arbitrum,tvl,2025-11-25 00:00:00,121289659.0,Compound,
55388,Arbitrum,tvl,2025-11-26 00:00:00,119875949.0,Compound,
55389,Arbitrum,tvl,2025-11-27 00:00:00,123118550.0,Compound,
55390,Arbitrum,tvl,2025-11-28 00:00:00,123411946.0,Compound,
55391,Arbitrum,tvl,2025-11-29 00:00:00,122478539.0,Compound,
55392,Arbitrum,tvl,2025-11-30 00:00:00,121623707.0,Compound,
55393,Arbitrum,tvl,2025-12-01 00:00:00,119625435.0,Compound,
55394,Arbitrum,tvl,2025-12-02 00:00:00,114569861.0,Compound,
55395,Arbitrum,tvl,2025-12-03 00:00:00,120222802.0,Compound,
55396,Arbitrum,tvl,2025-12-04 00:00:00,123398216.0,Compound,
55397,Arbitrum,tvl,2025-12-05 00:00:00,123088711.0,Compound,
55398,Arbitrum,tvl,2025-12-06 00:00:00,120345959.0,Compound,
55399,Arbitrum,tvl,2025-12-07 00:00:00,122754106.0,Compound,
55400,Arbitrum,tvl,2025-12-08 00:00:00,123516986.0,Compound,
55401,Arbitrum,tvl,2025-12-09 00:00:00,125608385.0,Compound,
55402,Arbitrum,tvl,2025-12-10 00:00:00,103272233.0,Compound,
55403,Arbitrum,tvl,2025-12-11 00:00:00,105120512.0,Compound,
55404,Arbitrum,tvl,2025-12-12 00:00:00,105143743.0,Compound,
55405,Arbitrum,tvl,2025-12-13 00:00:00,101662425.0,Compound,
55406,Arbitrum,tvl,2025-12-14 00:00:00,102309444.0,Compound,
55407,Arbitrum,tvl,2025-12-15 00:00:00,100961840.0,Compound,
55408,Arbitrum,tvl,2025-12-16 00:00:00,98422323.0,Compound,
55409,Arbitrum,tvl,2025-12-17 00:00:00,97208543.0,Compound,
55410,Arbitrum,tvl,2025-12-18 00:00:00,94327510.0,Compound,
55411,Arbitrum,tvl,2025-12-19 00:00:00,95078577.0,Compound,
55412,Arbitrum,tvl,2025-12-20 00:00:00,98779934.0,Compound,
55413,Arbitrum,tvl,2025-12-21 00:00:00,99142290.0,Compound,
55414,Arbitrum,tvl,2025-12-22 00:00:00,100076586.0,Compound,
55415,Arbitrum,tvl,2025-12-23 00:00:00,108008846.0,Compound,
55416,Arbitrum,tvl,2025-12-24 00:00:00,109654303.0,Compound,
55417,Arbitrum,tvl,2025-12-25 00:00:00,109019350.0,Compound,
55418,Arbitrum,tvl,2025-12-26 00:00:00,107769003.0,Compound,
55419,Arbitrum,tvl,2025-12-27 00:00:00,109633612.0,Compound,
55420,Arbitrum,tvl,2025-12-28 00:00:00,110060449.0,Compound,
55421,Arbitrum,tvl,2025-12-29 00:00:00,110385564.0,Compound,
55422,Arbitrum,tvl,2025-12-30 00:00:00,109389725.0,Compound,
55423,Arbitrum,tvl,2025-12-31 00:00:00,110413223.0,Compound,
55424,Arbitrum,tvl,2026-01-01 00:00:00,110306836.0,Compound,
55425,Arbitrum,tvl,2026-01-02 00:00:00,111344556.0,Compound,
55426,Arbitrum,tvl,2026-01-03 00:00:00,113704276.0,Compound,
55427,Arbitrum,tvl,2026-01-04 00:00:00,112796297.0,Compound,
55428,Arbitrum,tvl,2026-01-05 00:00:00,113501283.0,Compound,
55429,Arbitrum,tvl,2026-01-06 00:00:00,117117878.0,Compound,
55430,Arbitrum,tvl,2026-01-07 00:00:00,118030177.0,Compound,
55431,Arbitrum,tvl,2026-01-08 00:00:00,114350156.0,Compound,
55432,Arbitrum,tvl,2026-01-09 00:00:00,113633845.0,Compound,
55433,Arbitrum,tvl,2026-01-10 00:00:00,113471084.0,Compound,
55434,Arbitrum,tvl,2026-01-11 00:00:00,113739370.0,Compound,
55435,Arbitrum,tvl,2026-01-11 13:48:47,114311764.0,Compound,
55689,Optimism,tvl,2025-01-01 00:00:00,48309017.0,Compound,
55690,Optimism,tvl,2025-01-02 00:00:00,46506210.0,Compound,
55691,Optimism,tvl,2025-01-03 00:00:00,48136713.0,Compound,
55692,Optimism,tvl,2025-01-04 00:00:00,50316370.0,Compound,
55693,Optimism,tvl,2025-01-05 00:00:00,51220379.0,Compound,
55694,Optimism,tvl,2025-01-06 00:00:00,51688133.0,Compound,
55695,Optimism,tvl,2025-01-07 00:00:00,52172425.0,Compound,
55696,Optimism,tvl,2025-01-08 00:00:00,48532611.0,Compound,
55697,Optimism,tvl,2025-01-09 00:00:00,47252988.0,Compound,
55698,Optimism,tvl,2025-01-10 00:00:00,44290814.0,Compound,
55699,Optimism,tvl,2025-01-11 00:00:00,45442892.0,Compound,
55700,Optimism,tvl,2025-01-12 00:00:00,45928353.0,Compound,
55701,Optimism,tvl,2025-01-13 00:00:00,46096742.0,Compound,
55702,Optimism,tvl,2025-01-14 00:00:00,45213343.0,Compound,
55703,Optimism,tvl,2025-01-15 00:00:00,47165691.0,Compound,
55704,Optimism,tvl,2025-01-16 00:00:00,50706489.0,Compound,
55705,Optimism,tvl,2025-01-17 00:00:00,45085922.0,Compound,
55706,Optimism,tvl,2025-01-18 00:00:00,54716149.0,Compound,
55707,Optimism,tvl,2025-01-19 00:00:00,49935490.0,Compound,
55708,Optimism,tvl,2025-01-20 00:00:00,45590585.0,Compound,
55709,Optimism,tvl,2025-01-21 00:00:00,49356650.0,Compound,
55710,Optimism,tvl,2025-01-22 00:00:00,49051184.0,Compound,
55711,Optimism,tvl,2025-01-23 00:00:00,48097329.0,Compound,
55712,Optimism,tvl,2025-01-24 00:00:00,51737989.0,Compound,
55713,Optimism,tvl,2025-01-25 00:00:00,52545638.0,Compound,
55714,Optimism,tvl,2025-01-26 00:00:00,52428373.0,Compound,
55715,Optimism,tvl,2025-01-27 00:00:00,52108531.0,Compound,
55716,Optimism,tvl,2025-01-28 00:00:00,50661384.0,Compound,
55717,Optimism,tvl,2025-01-29 00:00:00,49536837.0,Compound,
55718,Optimism,tvl,2025-01-30 00:00:00,53584813.0,Compound,
55719,Optimism,tvl,2025-01-31 00:00:00,54297292.0,Compound,
55720,Optimism,tvl,2025-02-01 00:00:00,56332955.0,Compound,
55721,Optimism,tvl,2025-02-02 00:00:00,52995180.0,Compound,
55722,Optimism,tvl,2025-02-03 00:00:00,48652929.0,Compound,
55723,Optimism,tvl,2025-02-04 00:00:00,46670965.0,Compound,
55724,Optimism,tvl,2025-02-05 00:00:00,46129723.0,Compound,
55725,Optimism,tvl,2025-02-06 00:00:00,46711800.0,Compound,
55726,Optimism,tvl,2025-02-07 00:00:00,45579991.0,Compound,
55727,Optimism,tvl,2025-02-08 00:00:00,44675860.0,Compound,
55728,Optimism,tvl,2025-02-09 00:00:00,44398147.0,Compound,
55729,Optimism,tvl,2025-02-10 00:00:00,43844199.0,Compound,
55730,Optimism,tvl,2025-02-11 00:00:00,44769230.0,Compound,
55731,Optimism,tvl,2025-02-12 00:00:00,43826729.0,Compound,
55732,Optimism,tvl,2025-02-13 00:00:00,46226366.0,Compound,
55733,Optimism,tvl,2025-02-14 00:00:00,45609237.0,Compound,
55734,Optimism,tvl,2025-02-15 00:00:00,46736173.0,Compound,
55735,Optimism,tvl,2025-02-16 00:00:00,45717748.0,Compound,
55736,Optimism,tvl,2025-02-17 00:00:00,43260556.0,Compound,
55737,Optimism,tvl,2025-02-18 00:00:00,42241116.0,Compound,
55738,Optimism,tvl,2025-02-19 00:00:00,39588258.0,Compound,
55739,Optimism,tvl,2025-02-20 00:00:00,46687647.0,Compound,
55740,Optimism,tvl,2025-02-21 00:00:00,47253657.0,Compound,
55741,Optimism,tvl,2025-02-22 00:00:00,44226419.0,Compound,
55742,Optimism,tvl,2025-02-23 00:00:00,46613314.0,Compound,
55743,Optimism,tvl,2025-02-24 00:00:00,47998885.0,Compound,
55744,Optimism,tvl,2025-02-25 00:00:00,41980395.0,Compound,
55745,Optimism,tvl,2025-02-26 00:00:00,39129365.0,Compound,
55746,Optimism,tvl,2025-02-27 00:00:00,37502735.0,Compound,
55747,Optimism,tvl,2025-02-28 00:00:00,38382387.0,Compound,
55748,Optimism,tvl,2025-03-01 00:00:00,38910696.0,Compound,
55749,Optimism,tvl,2025-03-02 00:00:00,39262266.0,Compound,
55750,Optimism,tvl,2025-03-03 00:00:00,41205620.0,Compound,
55751,Optimism,tvl,2025-03-04 00:00:00,38176325.0,Compound,
55752,Optimism,tvl,2025-03-05 00:00:00,38183340.0,Compound,
55753,Optimism,tvl,2025-03-06 00:00:00,38216862.0,Compound,
55754,Optimism,tvl,2025-03-07 00:00:00,37617700.0,Compound,
55755,Optimism,tvl,2025-03-08 00:00:00,37748398.0,Compound,
55756,Optimism,tvl,2025-03-09 00:00:00,39484129.0,Compound,
55757,Optimism,tvl,2025-03-10 00:00:00,37084439.0,Compound,
55758,Optimism,tvl,2025-03-11 00:00:00,36139697.0,Compound,
55759,Optimism,tvl,2025-03-12 00:00:00,37128255.0,Compound,
55760,Optimism,tvl,2025-03-13 00:00:00,38067025.0,Compound,
55761,Optimism,tvl,2025-03-14 00:00:00,36473864.0,Compound,
55762,Optimism,tvl,2025-03-15 00:00:00,38442048.0,Compound,
55763,Optimism,tvl,2025-03-16 00:00:00,39299153.0,Compound,
55764,Optimism,tvl,2025-03-17 00:00:00,38580722.0,Compound,
55765,Optimism,tvl,2025-03-18 00:00:00,41098341.0,Compound,
55766,Optimism,tvl,2025-03-19 00:00:00,39826364.0,Compound,
55767,Optimism,tvl,2025-03-20 00:00:00,42365160.0,Compound,
55768,Optimism,tvl,2025-03-21 00:00:00,39910311.0,Compound,
55769,Optimism,tvl,2025-03-22 00:00:00,35271338.0,Compound,
55770,Optimism,tvl,2025-03-23 00:00:00,35189542.0,Compound,
55771,Optimism,tvl,2025-03-24 00:00:00,35474127.0,Compound,
55772,Optimism,tvl,2025-03-25 00:00:00,35943609.0,Compound,
55773,Optimism,tvl,2025-03-26 00:00:00,35397236.0,Compound,
55774,Optimism,tvl,2025-03-27 00:00:00,34869854.0,Compound,
55775,Optimism,tvl,2025-03-28 00:00:00,34402195.0,Compound,
55776,Optimism,tvl,2025-03-29 00:00:00,31774196.0,Compound,
55777,Optimism,tvl,2025-03-30 00:00:00,31165845.0,Compound,
55778,Optimism,tvl,2025-03-31 00:00:00,30614218.0,Compound,
55779,Optimism,tvl,2025-04-01 00:00:00,30794142.0,Compound,
55780,Optimism,tvl,2025-04-02 00:00:00,31383012.0,Compound,
55781,Optimism,tvl,2025-04-03 00:00:00,28785503.0,Compound,
55782,Optimism,tvl,2025-04-04 00:00:00,28449479.0,Compound,
55783,Optimism,tvl,2025-04-05 00:00:00,31402019.0,Compound,
55784,Optimism,tvl,2025-04-06 00:00:00,31567524.0,Compound,
55785,Optimism,tvl,2025-04-07 00:00:00,27650455.0,Compound,
55786,Optimism,tvl,2025-04-08 00:00:00,28320182.0,Compound,
55787,Optimism,tvl,2025-04-09 00:00:00,26780028.0,Compound,
55788,Optimism,tvl,2025-04-10 00:00:00,29054764.0,Compound,
55789,Optimism,tvl,2025-04-11 00:00:00,27001957.0,Compound,
55790,Optimism,tvl,2025-04-12 00:00:00,27659865.0,Compound,
55791,Optimism,tvl,2025-04-13 00:00:00,28666764.0,Compound,
55792,Optimism,tvl,2025-04-14 00:00:00,28197840.0,Compound,
55793,Optimism,tvl,2025-04-15 00:00:00,28232058.0,Compound,
55794,Optimism,tvl,2025-04-16 00:00:00,28718910.0,Compound,
55795,Optimism,tvl,2025-04-17 00:00:00,28406816.0,Compound,
55796,Optimism,tvl,2025-04-18 00:00:00,28198785.0,Compound,
55797,Optimism,tvl,2025-04-19 00:00:00,27744062.0,Compound,
55798,Optimism,tvl,2025-04-20 00:00:00,27832525.0,Compound,
55799,Optimism,tvl,2025-04-21 00:00:00,26769139.0,Compound,
55800,Optimism,tvl,2025-04-22 00:00:00,26926515.0,Compound,
55801,Optimism,tvl,2025-04-23 00:00:00,28373095.0,Compound,
55802,Optimism,tvl,2025-04-24 00:00:00,28364768.0,Compound,
55803,Optimism,tvl,2025-04-25 00:00:00,28220159.0,Compound,
55804,Optimism,tvl,2025-04-26 00:00:00,27805561.0,Compound,
55805,Optimism,tvl,2025-04-27 00:00:00,29990603.0,Compound,
55806,Optimism,tvl,2025-04-28 00:00:00,28714206.0,Compound,
55807,Optimism,tvl,2025-04-29 00:00:00,28806270.0,Compound,
55808,Optimism,tvl,2025-04-30 00:00:00,28688076.0,Compound,
55809,Optimism,tvl,2025-05-01 00:00:00,28817727.0,Compound,
55810,Optimism,tvl,2025-05-02 00:00:00,29381472.0,Compound,
55811,Optimism,tvl,2025-05-03 00:00:00,29622460.0,Compound,
55812,Optimism,tvl,2025-05-04 00:00:00,29392183.0,Compound,
55813,Optimism,tvl,2025-05-05 00:00:00,28811940.0,Compound,
55814,Optimism,tvl,2025-05-06 00:00:00,28699356.0,Compound,
55815,Optimism,tvl,2025-05-07 00:00:00,29133715.0,Compound,
55816,Optimism,tvl,2025-05-08 00:00:00,29313791.0,Compound,
55817,Optimism,tvl,2025-05-09 00:00:00,32310867.0,Compound,
55818,Optimism,tvl,2025-05-10 00:00:00,32800667.0,Compound,
55819,Optimism,tvl,2025-05-11 00:00:00,34673179.0,Compound,
55820,Optimism,tvl,2025-05-12 00:00:00,34378282.0,Compound,
55821,Optimism,tvl,2025-05-13 00:00:00,33617248.0,Compound,
55822,Optimism,tvl,2025-05-14 00:00:00,34909941.0,Compound,
55823,Optimism,tvl,2025-05-15 00:00:00,35034899.0,Compound,
55824,Optimism,tvl,2025-05-16 00:00:00,34748601.0,Compound,
55825,Optimism,tvl,2025-05-17 00:00:00,34515718.0,Compound,
55826,Optimism,tvl,2025-05-18 00:00:00,33918911.0,Compound,
55827,Optimism,tvl,2025-05-19 00:00:00,33291324.0,Compound,
55828,Optimism,tvl,2025-05-20 00:00:00,32783654.0,Compound,
55829,Optimism,tvl,2025-05-21 00:00:00,32729497.0,Compound,
55830,Optimism,tvl,2025-05-22 00:00:00,32713579.0,Compound,
55831,Optimism,tvl,2025-05-23 00:00:00,32909452.0,Compound,
55832,Optimism,tvl,2025-05-24 00:00:00,30920279.0,Compound,
55833,Optimism,tvl,2025-05-25 00:00:00,30745239.0,Compound,
55834,Optimism,tvl,2025-05-26 00:00:00,30906821.0,Compound,
55835,Optimism,tvl,2025-05-27 00:00:00,31610164.0,Compound,
55836,Optimism,tvl,2025-05-28 00:00:00,32118858.0,Compound,
55837,Optimism,tvl,2025-05-29 00:00:00,32058832.0,Compound,
55838,Optimism,tvl,2025-05-30 00:00:00,31326091.0,Compound,
55839,Optimism,tvl,2025-05-31 00:00:00,30499998.0,Compound,
55840,Optimism,tvl,2025-06-01 00:00:00,30647807.0,Compound,
55841,Optimism,tvl,2025-06-02 00:00:00,30744754.0,Compound,
55842,Optimism,tvl,2025-06-03 00:00:00,31285081.0,Compound,
55843,Optimism,tvl,2025-06-04 00:00:00,31035896.0,Compound,
55844,Optimism,tvl,2025-06-05 00:00:00,30991563.0,Compound,
55845,Optimism,tvl,2025-06-06 00:00:00,29138988.0,Compound,
55846,Optimism,tvl,2025-06-07 00:00:00,29771775.0,Compound,
55847,Optimism,tvl,2025-06-08 00:00:00,30355575.0,Compound,
55848,Optimism,tvl,2025-06-09 00:00:00,30380267.0,Compound,
55849,Optimism,tvl,2025-06-10 00:00:00,30558080.0,Compound,
55850,Optimism,tvl,2025-06-11 00:00:00,31957637.0,Compound,
55851,Optimism,tvl,2025-06-12 00:00:00,31657860.0,Compound,
55852,Optimism,tvl,2025-06-13 00:00:00,30036339.0,Compound,
55853,Optimism,tvl,2025-06-14 00:00:00,29717601.0,Compound,
55854,Optimism,tvl,2025-06-15 00:00:00,29402419.0,Compound,
55855,Optimism,tvl,2025-06-16 00:00:00,29350725.0,Compound,
55856,Optimism,tvl,2025-06-17 00:00:00,29551898.0,Compound,
55857,Optimism,tvl,2025-06-18 00:00:00,29171793.0,Compound,
55858,Optimism,tvl,2025-06-19 00:00:00,29158674.0,Compound,
55859,Optimism,tvl,2025-06-20 00:00:00,29154810.0,Compound,
55860,Optimism,tvl,2025-06-21 00:00:00,28926975.0,Compound,
55861,Optimism,tvl,2025-06-22 00:00:00,27473099.0,Compound,
55862,Optimism,tvl,2025-06-23 00:00:00,27566747.0,Compound,
55863,Optimism,tvl,2025-06-24 00:00:00,29621305.0,Compound,
55864,Optimism,tvl,2025-06-25 00:00:00,29780519.0,Compound,
55865,Optimism,tvl,2025-06-26 00:00:00,29763251.0,Compound,
55866,Optimism,tvl,2025-06-27 00:00:00,30327785.0,Compound,
55867,Optimism,tvl,2025-06-28 00:00:00,30269351.0,Compound,
55868,Optimism,tvl,2025-06-29 00:00:00,30332526.0,Compound,
55869,Optimism,tvl,2025-06-30 00:00:00,31255706.0,Compound,
55870,Optimism,tvl,2025-07-01 00:00:00,31097880.0,Compound,
55871,Optimism,tvl,2025-07-02 00:00:00,30195601.0,Compound,
55872,Optimism,tvl,2025-07-03 00:00:00,31646675.0,Compound,
55873,Optimism,tvl,2025-07-04 00:00:00,31280021.0,Compound,
55874,Optimism,tvl,2025-07-05 00:00:00,30864594.0,Compound,
55875,Optimism,tvl,2025-07-06 00:00:00,31174331.0,Compound,
55876,Optimism,tvl,2025-07-07 00:00:00,31753709.0,Compound,
55877,Optimism,tvl,2025-07-08 00:00:00,31067578.0,Compound,
55878,Optimism,tvl,2025-07-09 00:00:00,31704575.0,Compound,
55879,Optimism,tvl,2025-07-10 00:00:00,32778188.0,Compound,
55880,Optimism,tvl,2025-07-11 00:00:00,34961206.0,Compound,
55881,Optimism,tvl,2025-07-12 00:00:00,34884873.0,Compound,
55882,Optimism,tvl,2025-07-13 00:00:00,34573332.0,Compound,
55883,Optimism,tvl,2025-07-14 00:00:00,34824455.0,Compound,
55884,Optimism,tvl,2025-07-15 00:00:00,35026964.0,Compound,
55885,Optimism,tvl,2025-07-16 00:00:00,35635144.0,Compound,
55886,Optimism,tvl,2025-07-17 00:00:00,36352610.0,Compound,
55887,Optimism,tvl,2025-07-18 00:00:00,36898286.0,Compound,
55888,Optimism,tvl,2025-07-19 00:00:00,36834666.0,Compound,
55889,Optimism,tvl,2025-07-20 00:00:00,37470012.0,Compound,
55890,Optimism,tvl,2025-07-21 00:00:00,38170461.0,Compound,
55891,Optimism,tvl,2025-07-22 00:00:00,38090509.0,Compound,
55892,Optimism,tvl,2025-07-23 00:00:00,38153675.0,Compound,
55893,Optimism,tvl,2025-07-24 00:00:00,37105627.0,Compound,
55894,Optimism,tvl,2025-07-25 00:00:00,36697143.0,Compound,
55895,Optimism,tvl,2025-07-26 00:00:00,37211156.0,Compound,
55896,Optimism,tvl,2025-07-27 00:00:00,37734435.0,Compound,
55897,Optimism,tvl,2025-07-28 00:00:00,38382423.0,Compound,
55898,Optimism,tvl,2025-07-29 00:00:00,37999670.0,Compound,
55899,Optimism,tvl,2025-07-30 00:00:00,37579247.0,Compound,
55900,Optimism,tvl,2025-07-31 00:00:00,37566948.0,Compound,
55901,Optimism,tvl,2025-08-01 00:00:00,37040587.0,Compound,
55902,Optimism,tvl,2025-08-02 00:00:00,35510393.0,Compound,
55903,Optimism,tvl,2025-08-03 00:00:00,34531601.0,Compound,
55904,Optimism,tvl,2025-08-04 00:00:00,35377650.0,Compound,
55905,Optimism,tvl,2025-08-05 00:00:00,36321220.0,Compound,
55906,Optimism,tvl,2025-08-06 00:00:00,35050978.0,Compound,
55907,Optimism,tvl,2025-08-07 00:00:00,35540791.0,Compound,
55908,Optimism,tvl,2025-08-08 00:00:00,36746378.0,Compound,
55909,Optimism,tvl,2025-08-09 00:00:00,39165945.0,Compound,
55910,Optimism,tvl,2025-08-10 00:00:00,37910263.0,Compound,
55911,Optimism,tvl,2025-08-11 00:00:00,38685801.0,Compound,
55912,Optimism,tvl,2025-08-12 00:00:00,38785992.0,Compound,
55913,Optimism,tvl,2025-08-13 00:00:00,41495567.0,Compound,
55914,Optimism,tvl,2025-08-14 00:00:00,41530593.0,Compound,
55915,Optimism,tvl,2025-08-15 00:00:00,39831741.0,Compound,
55916,Optimism,tvl,2025-08-16 00:00:00,39028019.0,Compound,
55917,Optimism,tvl,2025-08-17 00:00:00,38820108.0,Compound,
55918,Optimism,tvl,2025-08-18 00:00:00,39562970.0,Compound,
55919,Optimism,tvl,2025-08-19 00:00:00,38337893.0,Compound,
55920,Optimism,tvl,2025-08-20 00:00:00,36498694.0,Compound,
55921,Optimism,tvl,2025-08-21 00:00:00,37448736.0,Compound,
55922,Optimism,tvl,2025-08-22 00:00:00,36291872.0,Compound,
55923,Optimism,tvl,2025-08-23 00:00:00,38794867.0,Compound,
55924,Optimism,tvl,2025-08-24 00:00:00,38527299.0,Compound,
55925,Optimism,tvl,2025-08-25 00:00:00,37774407.0,Compound,
55926,Optimism,tvl,2025-08-26 00:00:00,35840814.0,Compound,
55927,Optimism,tvl,2025-08-27 00:00:00,36997301.0,Compound,
55928,Optimism,tvl,2025-08-28 00:00:00,37123328.0,Compound,
55929,Optimism,tvl,2025-08-29 00:00:00,37267262.0,Compound,
55930,Optimism,tvl,2025-08-30 00:00:00,35885778.0,Compound,
55931,Optimism,tvl,2025-08-31 00:00:00,36010263.0,Compound,
55932,Optimism,tvl,2025-09-01 00:00:00,36039813.0,Compound,
55933,Optimism,tvl,2025-09-02 00:00:00,35731136.0,Compound,
55934,Optimism,tvl,2025-09-03 00:00:00,36018493.0,Compound,
55935,Optimism,tvl,2025-09-04 00:00:00,36526357.0,Compound,
55936,Optimism,tvl,2025-09-05 00:00:00,35745164.0,Compound,
55937,Optimism,tvl,2025-09-06 00:00:00,37769624.0,Compound,
55938,Optimism,tvl,2025-09-07 00:00:00,37191336.0,Compound,
55939,Optimism,tvl,2025-09-08 00:00:00,37476678.0,Compound,
55940,Optimism,tvl,2025-09-09 00:00:00,37814725.0,Compound,
55941,Optimism,tvl,2025-09-10 00:00:00,38489590.0,Compound,
55942,Optimism,tvl,2025-09-11 00:00:00,38639541.0,Compound,
55943,Optimism,tvl,2025-09-12 00:00:00,40493408.0,Compound,
55944,Optimism,tvl,2025-09-13 00:00:00,41349002.0,Compound,
55945,Optimism,tvl,2025-09-14 00:00:00,41146007.0,Compound,
55946,Optimism,tvl,2025-09-15 00:00:00,40569507.0,Compound,
55947,Optimism,tvl,2025-09-16 00:00:00,38443223.0,Compound,
55948,Optimism,tvl,2025-09-17 00:00:00,38863783.0,Compound,
55949,Optimism,tvl,2025-09-18 00:00:00,39919312.0,Compound,
55950,Optimism,tvl,2025-09-19 00:00:00,39229818.0,Compound,
55951,Optimism,tvl,2025-09-20 00:00:00,38206672.0,Compound,
55952,Optimism,tvl,2025-09-21 00:00:00,38309812.0,Compound,
55953,Optimism,tvl,2025-09-22 00:00:00,37979220.0,Compound,
55954,Optimism,tvl,2025-09-23 00:00:00,36367551.0,Compound,
55955,Optimism,tvl,2025-09-24 00:00:00,36167131.0,Compound,
55956,Optimism,tvl,2025-09-25 00:00:00,36254014.0,Compound,
55957,Optimism,tvl,2025-09-26 00:00:00,34099355.0,Compound,
55958,Optimism,tvl,2025-09-27 00:00:00,34381737.0,Compound,
55959,Optimism,tvl,2025-09-28 00:00:00,33969272.0,Compound,
55960,Optimism,tvl,2025-09-29 00:00:00,34022259.0,Compound,
55961,Optimism,tvl,2025-09-30 00:00:00,34778275.0,Compound,
55962,Optimism,tvl,2025-10-01 00:00:00,34503893.0,Compound,
55963,Optimism,tvl,2025-10-02 00:00:00,36534219.0,Compound,
55964,Optimism,tvl,2025-10-03 00:00:00,36931051.0,Compound,
55965,Optimism,tvl,2025-10-04 00:00:00,37415118.0,Compound,
55966,Optimism,tvl,2025-10-05 00:00:00,37188064.0,Compound,
55967,Optimism,tvl,2025-10-06 00:00:00,36364021.0,Compound,
55968,Optimism,tvl,2025-10-07 00:00:00,37088977.0,Compound,
55969,Optimism,tvl,2025-10-08 00:00:00,36225904.0,Compound,
55970,Optimism,tvl,2025-10-09 00:00:00,36301695.0,Compound,
55971,Optimism,tvl,2025-10-10 00:00:00,35360870.0,Compound,
55972,Optimism,tvl,2025-10-11 00:00:00,31501997.0,Compound,
55973,Optimism,tvl,2025-10-12 00:00:00,30815869.0,Compound,
55974,Optimism,tvl,2025-10-13 00:00:00,33122641.0,Compound,
55975,Optimism,tvl,2025-10-14 00:00:00,33409132.0,Compound,
55976,Optimism,tvl,2025-10-15 00:00:00,32442529.0,Compound,
55977,Optimism,tvl,2025-10-16 00:00:00,31045211.0,Compound,
55978,Optimism,tvl,2025-10-17 00:00:00,30371487.0,Compound,
55979,Optimism,tvl,2025-10-18 00:00:00,29975478.0,Compound,
55980,Optimism,tvl,2025-10-19 00:00:00,30268224.0,Compound,
55981,Optimism,tvl,2025-10-20 00:00:00,30811610.0,Compound,
55982,Optimism,tvl,2025-10-21 00:00:00,30956111.0,Compound,
55983,Optimism,tvl,2025-10-22 00:00:00,30268873.0,Compound,
55984,Optimism,tvl,2025-10-23 00:00:00,29916919.0,Compound,
55985,Optimism,tvl,2025-10-24 00:00:00,30482658.0,Compound,
55986,Optimism,tvl,2025-10-25 00:00:00,30862293.0,Compound,
55987,Optimism,tvl,2025-10-26 00:00:00,30972081.0,Compound,
55988,Optimism,tvl,2025-10-27 00:00:00,32296285.0,Compound,
55989,Optimism,tvl,2025-10-28 00:00:00,31905005.0,Compound,
55990,Optimism,tvl,2025-10-29 00:00:00,31282193.0,Compound,
55991,Optimism,tvl,2025-10-30 00:00:00,30668596.0,Compound,
55992,Optimism,tvl,2025-10-31 00:00:00,30104174.0,Compound,
55993,Optimism,tvl,2025-11-01 00:00:00,30429437.0,Compound,
55994,Optimism,tvl,2025-11-02 00:00:00,30379601.0,Compound,
55995,Optimism,tvl,2025-11-03 00:00:00,31438029.0,Compound,
55996,Optimism,tvl,2025-11-04 00:00:00,29940419.0,Compound,
55997,Optimism,tvl,2025-11-05 00:00:00,28120990.0,Compound,
55998,Optimism,tvl,2025-11-06 00:00:00,25925150.0,Compound,
55999,Optimism,tvl,2025-11-07 00:00:00,24647953.0,Compound,
56000,Optimism,tvl,2025-11-08 00:00:00,25244129.0,Compound,
56001,Optimism,tvl,2025-11-09 00:00:00,25101673.0,Compound,
56002,Optimism,tvl,2025-11-10 00:00:00,26179273.0,Compound,
56003,Optimism,tvl,2025-11-11 00:00:00,26139018.0,Compound,
56004,Optimism,tvl,2025-11-12 00:00:00,25060206.0,Compound,
56005,Optimism,tvl,2025-11-13 00:00:00,24212204.0,Compound,
56006,Optimism,tvl,2025-11-14 00:00:00,23170472.0,Compound,
56007,Optimism,tvl,2025-11-15 00:00:00,21967305.0,Compound,
56008,Optimism,tvl,2025-11-16 00:00:00,22593770.0,Compound,
56009,Optimism,tvl,2025-11-17 00:00:00,22738661.0,Compound,
56010,Optimism,tvl,2025-11-18 00:00:00,22282048.0,Compound,
56011,Optimism,tvl,2025-11-19 00:00:00,22658292.0,Compound,
56012,Optimism,tvl,2025-11-20 00:00:00,22435013.0,Compound,
56013,Optimism,tvl,2025-11-21 00:00:00,21310195.0,Compound,
56014,Optimism,tvl,2025-11-22 00:00:00,21042699.0,Compound,
56015,Optimism,tvl,2025-11-23 00:00:00,21003607.0,Compound,
56016,Optimism,tvl,2025-11-24 00:00:00,21408564.0,Compound,
56017,Optimism,tvl,2025-11-25 00:00:00,22083766.0,Compound,
56018,Optimism,tvl,2025-11-26 00:00:00,22418975.0,Compound,
56019,Optimism,tvl,2025-11-27 00:00:00,22917326.0,Compound,
56020,Optimism,tvl,2025-11-28 00:00:00,22763399.0,Compound,
56021,Optimism,tvl,2025-11-29 00:00:00,22922718.0,Compound,
56022,Optimism,tvl,2025-11-30 00:00:00,22900929.0,Compound,
56023,Optimism,tvl,2025-12-01 00:00:00,22700723.0,Compound,
56024,Optimism,tvl,2025-12-02 00:00:00,21752441.0,Compound,
56025,Optimism,tvl,2025-12-03 00:00:00,23100455.0,Compound,
56026,Optimism,tvl,2025-12-04 00:00:00,23986226.0,Compound,
56027,Optimism,tvl,2025-12-05 00:00:00,23639092.0,Compound,
56028,Optimism,tvl,2025-12-06 00:00:00,22965868.0,Compound,
56029,Optimism,tvl,2025-12-07 00:00:00,22676323.0,Compound,
56030,Optimism,tvl,2025-12-08 00:00:00,22783755.0,Compound,
56031,Optimism,tvl,2025-12-09 00:00:00,23112076.0,Compound,
56032,Optimism,tvl,2025-12-10 00:00:00,24107731.0,Compound,
56033,Optimism,tvl,2025-12-11 00:00:00,23971962.0,Compound,
56034,Optimism,tvl,2025-12-12 00:00:00,23998373.0,Compound,
56035,Optimism,tvl,2025-12-13 00:00:00,22954047.0,Compound,
56036,Optimism,tvl,2025-12-14 00:00:00,23000791.0,Compound,
56037,Optimism,tvl,2025-12-15 00:00:00,22825520.0,Compound,
56038,Optimism,tvl,2025-12-16 00:00:00,22124333.0,Compound,
56039,Optimism,tvl,2025-12-17 00:00:00,22166936.0,Compound,
56040,Optimism,tvl,2025-12-18 00:00:00,21467533.0,Compound,
56041,Optimism,tvl,2025-12-19 00:00:00,21362388.0,Compound,
56042,Optimism,tvl,2025-12-20 00:00:00,22117951.0,Compound,
56043,Optimism,tvl,2025-12-21 00:00:00,22092078.0,Compound,
56044,Optimism,tvl,2025-12-22 00:00:00,22296826.0,Compound,
56045,Optimism,tvl,2025-12-23 00:00:00,22249404.0,Compound,
56046,Optimism,tvl,2025-12-24 00:00:00,21933318.0,Compound,
56047,Optimism,tvl,2025-12-25 00:00:00,21886397.0,Compound,
56048,Optimism,tvl,2025-12-26 00:00:00,21866702.0,Compound,
56049,Optimism,tvl,2025-12-27 00:00:00,21889918.0,Compound,
56050,Optimism,tvl,2025-12-28 00:00:00,21997810.0,Compound,
56051,Optimism,tvl,2025-12-29 00:00:00,22028183.0,Compound,
56052,Optimism,tvl,2025-12-30 00:00:00,22076045.0,Compound,
56053,Optimism,tvl,2025-12-31 00:00:00,22283385.0,Compound,
56054,Optimism,tvl,2026-01-01 00:00:00,22209318.0,Compound,
56055,Optimism,tvl,2026-01-02 00:00:00,22466140.0,Compound,
56056,Optimism,tvl,2026-01-03 00:00:00,23159481.0,Compound,
56057,Optimism,tvl,2026-01-04 00:00:00,24528559.0,Compound,
56058,Optimism,tvl,2026-01-05 00:00:00,24565698.0,Compound,
56059,Optimism,tvl,2026-01-06 00:00:00,25092331.0,Compound,
56060,Optimism,tvl,2026-01-07 00:00:00,25171727.0,Compound,
56061,Optimism,tvl,2026-01-08 00:00:00,24547653.0,Compound,
56062,Optimism,tvl,2026-01-09 00:00:00,23967923.0,Compound,
56063,Optimism,tvl,2026-01-10 00:00:00,23775809.0,Compound,
56064,Optimism,tvl,2026-01-11 00:00:00,23644183.0,Compound,
56065,Optimism,tvl,2026-01-11 13:48:47,23777860.0,Compound,
59669,Ethereum,tvl,2025-01-01 00:00:00,6959524460.0,Sky,
59670,Ethereum,tvl,2025-01-02 00:00:00,6765317024.0,Sky,
59671,Ethereum,tvl,2025-01-03 00:00:00,7269090911.0,Sky,
59672,Ethereum,tvl,2025-01-04 00:00:00,7799643068.0,Sky,
59673,Ethereum,tvl,2025-01-05 00:00:00,7896341816.0,Sky,
59674,Ethereum,tvl,2025-01-06 00:00:00,7859696550.0,Sky,
59675,Ethereum,tvl,2025-01-07 00:00:00,7957202272.0,Sky,
59676,Ethereum,tvl,2025-01-08 00:00:00,7534959149.0,Sky,
59677,Ethereum,tvl,2025-01-09 00:00:00,7520136403.0,Sky,
59678,Ethereum,tvl,2025-01-10 00:00:00,7397666562.0,Sky,
59679,Ethereum,tvl,2025-01-11 00:00:00,7577933462.0,Sky,
59680,Ethereum,tvl,2025-01-12 00:00:00,7601273064.0,Sky,
59681,Ethereum,tvl,2025-01-13 00:00:00,7746981370.0,Sky,
59682,Ethereum,tvl,2025-01-14 00:00:00,7656302733.0,Sky,
59683,Ethereum,tvl,2025-01-15 00:00:00,7862078531.0,Sky,
59684,Ethereum,tvl,2025-01-16 00:00:00,8399445311.0,Sky,
59685,Ethereum,tvl,2025-01-17 00:00:00,8123839458.0,Sky,
59686,Ethereum,tvl,2025-01-18 00:00:00,8384692121.0,Sky,
59687,Ethereum,tvl,2025-01-19 00:00:00,7952994880.0,Sky,
59688,Ethereum,tvl,2025-01-20 00:00:00,7633799708.0,Sky,
59689,Ethereum,tvl,2025-01-21 00:00:00,7812529588.0,Sky,
59690,Ethereum,tvl,2025-01-22 00:00:00,8040747477.0,Sky,
59691,Ethereum,tvl,2025-01-23 00:00:00,8081696254.0,Sky,
59692,Ethereum,tvl,2025-01-24 00:00:00,8454249338.0,Sky,
59693,Ethereum,tvl,2025-01-25 00:00:00,8307359901.0,Sky,
59694,Ethereum,tvl,2025-01-26 00:00:00,8408229585.0,Sky,
59695,Ethereum,tvl,2025-01-27 00:00:00,8289588350.0,Sky,
59696,Ethereum,tvl,2025-01-28 00:00:00,8150673677.0,Sky,
59697,Ethereum,tvl,2025-01-29 00:00:00,8093791054.0,Sky,
59698,Ethereum,tvl,2025-01-30 00:00:00,8184975361.0,Sky,
59699,Ethereum,tvl,2025-01-31 00:00:00,8370329639.0,Sky,
59700,Ethereum,tvl,2025-02-01 00:00:00,8308815114.0,Sky,
59701,Ethereum,tvl,2025-02-02 00:00:00,8086896392.0,Sky,
59702,Ethereum,tvl,2025-02-03 00:00:00,7660034144.0,Sky,
59703,Ethereum,tvl,2025-02-04 00:00:00,7535320778.0,Sky,
59704,Ethereum,tvl,2025-02-05 00:00:00,7959178625.0,Sky,
59705,Ethereum,tvl,2025-02-06 00:00:00,8315949010.0,Sky,
59706,Ethereum,tvl,2025-02-07 00:00:00,8451516603.0,Sky,
59707,Ethereum,tvl,2025-02-08 00:00:00,8589815530.0,Sky,
59708,Ethereum,tvl,2025-02-09 00:00:00,8671066941.0,Sky,
59709,Ethereum,tvl,2025-02-10 00:00:00,8668607398.0,Sky,
59710,Ethereum,tvl,2025-02-11 00:00:00,8770701721.0,Sky,
59711,Ethereum,tvl,2025-02-12 00:00:00,8759334756.0,Sky,
59712,Ethereum,tvl,2025-02-13 00:00:00,9033360373.0,Sky,
59713,Ethereum,tvl,2025-02-14 00:00:00,9026885803.0,Sky,
59714,Ethereum,tvl,2025-02-15 00:00:00,9129250214.0,Sky,
59715,Ethereum,tvl,2025-02-16 00:00:00,9187065088.0,Sky,
59716,Ethereum,tvl,2025-02-17 00:00:00,9107058287.0,Sky,
59717,Ethereum,tvl,2025-02-18 00:00:00,9191530989.0,Sky,
59718,Ethereum,tvl,2025-02-19 00:00:00,9243886085.0,Sky,
59719,Ethereum,tvl,2025-02-20 00:00:00,9302757734.0,Sky,
59720,Ethereum,tvl,2025-02-21 00:00:00,9051631563.0,Sky,
59721,Ethereum,tvl,2025-02-22 00:00:00,8390191471.0,Sky,
59722,Ethereum,tvl,2025-02-23 00:00:00,8598772286.0,Sky,
59723,Ethereum,tvl,2025-02-24 00:00:00,8838438874.0,Sky,
59724,Ethereum,tvl,2025-02-25 00:00:00,8423161382.0,Sky,
59725,Ethereum,tvl,2025-02-26 00:00:00,7961768706.0,Sky,
59726,Ethereum,tvl,2025-02-27 00:00:00,7339343593.0,Sky,
59727,Ethereum,tvl,2025-02-28 00:00:00,7304507820.0,Sky,
59728,Ethereum,tvl,2025-03-01 00:00:00,7609829602.0,Sky,
59729,Ethereum,tvl,2025-03-02 00:00:00,7683936541.0,Sky,
59730,Ethereum,tvl,2025-03-03 00:00:00,8162693117.0,Sky,
59731,Ethereum,tvl,2025-03-04 00:00:00,7774873448.0,Sky,
59732,Ethereum,tvl,2025-03-05 00:00:00,7822116377.0,Sky,
59733,Ethereum,tvl,2025-03-06 00:00:00,8162700921.0,Sky,
59734,Ethereum,tvl,2025-03-07 00:00:00,8169540222.0,Sky,
59735,Ethereum,tvl,2025-03-08 00:00:00,8109673046.0,Sky,
59736,Ethereum,tvl,2025-03-09 00:00:00,8189835977.0,Sky,
59737,Ethereum,tvl,2025-03-10 00:00:00,7947504420.0,Sky,
59738,Ethereum,tvl,2025-03-11 00:00:00,7681675874.0,Sky,
59739,Ethereum,tvl,2025-03-12 00:00:00,7761320435.0,Sky,
59740,Ethereum,tvl,2025-03-13 00:00:00,7743509037.0,Sky,
59741,Ethereum,tvl,2025-03-14 00:00:00,7850046124.0,Sky,
59742,Ethereum,tvl,2025-03-15 00:00:00,7906814473.0,Sky,
59743,Ethereum,tvl,2025-03-16 00:00:00,7986596084.0,Sky,
59744,Ethereum,tvl,2025-03-17 00:00:00,7947925094.0,Sky,
59745,Ethereum,tvl,2025-03-18 00:00:00,8081273187.0,Sky,
59746,Ethereum,tvl,2025-03-19 00:00:00,8051222133.0,Sky,
59747,Ethereum,tvl,2025-03-20 00:00:00,8267023339.0,Sky,
59748,Ethereum,tvl,2025-03-21 00:00:00,7963128408.0,Sky,
59749,Ethereum,tvl,2025-03-22 00:00:00,7708575483.0,Sky,
59750,Ethereum,tvl,2025-03-23 00:00:00,7741331447.0,Sky,
59751,Ethereum,tvl,2025-03-24 00:00:00,7803953643.0,Sky,
59752,Ethereum,tvl,2025-03-25 00:00:00,8112991170.0,Sky,
59753,Ethereum,tvl,2025-03-26 00:00:00,8154434187.0,Sky,
59754,Ethereum,tvl,2025-03-27 00:00:00,8104865977.0,Sky,
59755,Ethereum,tvl,2025-03-28 00:00:00,7631528219.0,Sky,
59756,Ethereum,tvl,2025-03-29 00:00:00,7244207606.0,Sky,
59757,Ethereum,tvl,2025-03-30 00:00:00,7219305641.0,Sky,
59758,Ethereum,tvl,2025-03-31 00:00:00,7237406070.0,Sky,
59759,Ethereum,tvl,2025-04-01 00:00:00,7675407311.0,Sky,
59760,Ethereum,tvl,2025-04-02 00:00:00,7677013109.0,Sky,
59761,Ethereum,tvl,2025-04-03 00:00:00,7757163217.0,Sky,
59762,Ethereum,tvl,2025-04-04 00:00:00,7647053103.0,Sky,
59763,Ethereum,tvl,2025-04-05 00:00:00,7716897408.0,Sky,
59764,Ethereum,tvl,2025-04-06 00:00:00,7758938066.0,Sky,
59765,Ethereum,tvl,2025-04-07 00:00:00,7371157588.0,Sky,
59766,Ethereum,tvl,2025-04-08 00:00:00,7161719490.0,Sky,
59767,Ethereum,tvl,2025-04-09 00:00:00,7000688702.0,Sky,
59768,Ethereum,tvl,2025-04-10 00:00:00,6974256065.0,Sky,
59769,Ethereum,tvl,2025-04-11 00:00:00,6570747146.0,Sky,
59770,Ethereum,tvl,2025-04-12 00:00:00,5888886696.0,Sky,
59771,Ethereum,tvl,2025-04-13 00:00:00,6083599689.0,Sky,
59772,Ethereum,tvl,2025-04-14 00:00:00,6021750669.0,Sky,
59773,Ethereum,tvl,2025-04-15 00:00:00,5880484276.0,Sky,
59774,Ethereum,tvl,2025-04-16 00:00:00,5855263689.0,Sky,
59775,Ethereum,tvl,2025-04-17 00:00:00,5886902814.0,Sky,
59776,Ethereum,tvl,2025-04-18 00:00:00,5853969327.0,Sky,
59777,Ethereum,tvl,2025-04-19 00:00:00,5720963999.0,Sky,
59778,Ethereum,tvl,2025-04-20 00:00:00,5887724472.0,Sky,
59779,Ethereum,tvl,2025-04-21 00:00:00,5881827917.0,Sky,
59780,Ethereum,tvl,2025-04-22 00:00:00,5761970018.0,Sky,
59781,Ethereum,tvl,2025-04-23 00:00:00,5989827446.0,Sky,
59782,Ethereum,tvl,2025-04-24 00:00:00,5951066557.0,Sky,
59783,Ethereum,tvl,2025-04-25 00:00:00,6074504219.0,Sky,
59784,Ethereum,tvl,2025-04-26 00:00:00,6251533383.0,Sky,
59785,Ethereum,tvl,2025-04-27 00:00:00,6324160362.0,Sky,
59786,Ethereum,tvl,2025-04-28 00:00:00,6293698224.0,Sky,
59787,Ethereum,tvl,2025-04-29 00:00:00,6342944065.0,Sky,
59788,Ethereum,tvl,2025-04-30 00:00:00,6338705695.0,Sky,
59789,Ethereum,tvl,2025-05-01 00:00:00,6069783808.0,Sky,
59790,Ethereum,tvl,2025-05-02 00:00:00,6054744211.0,Sky,
59791,Ethereum,tvl,2025-05-03 00:00:00,6026628083.0,Sky,
59792,Ethereum,tvl,2025-05-04 00:00:00,6054824419.0,Sky,
59793,Ethereum,tvl,2025-05-05 00:00:00,6053987311.0,Sky,
59794,Ethereum,tvl,2025-05-06 00:00:00,5772603309.0,Sky,
59795,Ethereum,tvl,2025-05-07 00:00:00,5683242292.0,Sky,
59796,Ethereum,tvl,2025-05-08 00:00:00,5516423237.0,Sky,
59797,Ethereum,tvl,2025-05-09 00:00:00,6478071590.0,Sky,
59798,Ethereum,tvl,2025-05-10 00:00:00,6334321414.0,Sky,
59799,Ethereum,tvl,2025-05-11 00:00:00,6557401437.0,Sky,
59800,Ethereum,tvl,2025-05-12 00:00:00,6487207507.0,Sky,
59801,Ethereum,tvl,2025-05-13 00:00:00,6188456827.0,Sky,
59802,Ethereum,tvl,2025-05-14 00:00:00,6188797320.0,Sky,
59803,Ethereum,tvl,2025-05-15 00:00:00,5958938586.0,Sky,
59804,Ethereum,tvl,2025-05-16 00:00:00,5798149915.0,Sky,
59805,Ethereum,tvl,2025-05-17 00:00:00,5715676841.0,Sky,
59806,Ethereum,tvl,2025-05-18 00:00:00,5667710787.0,Sky,
59807,Ethereum,tvl,2025-05-19 00:00:00,5636344841.0,Sky,
59808,Ethereum,tvl,2025-05-20 00:00:00,5765493906.0,Sky,
59809,Ethereum,tvl,2025-05-21 00:00:00,5796092439.0,Sky,
59810,Ethereum,tvl,2025-05-22 00:00:00,5793615769.0,Sky,
59811,Ethereum,tvl,2025-05-23 00:00:00,5576095574.0,Sky,
59812,Ethereum,tvl,2025-05-24 00:00:00,5044812049.0,Sky,
59813,Ethereum,tvl,2025-05-25 00:00:00,5049634476.0,Sky,
59814,Ethereum,tvl,2025-05-26 00:00:00,5084589312.0,Sky,
59815,Ethereum,tvl,2025-05-27 00:00:00,5402186824.0,Sky,
59816,Ethereum,tvl,2025-05-28 00:00:00,5522916107.0,Sky,
59817,Ethereum,tvl,2025-05-29 00:00:00,5587867179.0,Sky,
59818,Ethereum,tvl,2025-05-30 00:00:00,5540860471.0,Sky,
59819,Ethereum,tvl,2025-05-31 00:00:00,5413609803.0,Sky,
59820,Ethereum,tvl,2025-06-01 00:00:00,5443459362.0,Sky,
59821,Ethereum,tvl,2025-06-02 00:00:00,5425369948.0,Sky,
59822,Ethereum,tvl,2025-06-03 00:00:00,5124006008.0,Sky,
59823,Ethereum,tvl,2025-06-04 00:00:00,5235554413.0,Sky,
59824,Ethereum,tvl,2025-06-05 00:00:00,5354365378.0,Sky,
59825,Ethereum,tvl,2025-06-06 00:00:00,5075580778.0,Sky,
59826,Ethereum,tvl,2025-06-07 00:00:00,5123335847.0,Sky,
59827,Ethereum,tvl,2025-06-08 00:00:00,5192016191.0,Sky,
59828,Ethereum,tvl,2025-06-09 00:00:00,5167326498.0,Sky,
59829,Ethereum,tvl,2025-06-10 00:00:00,5151836771.0,Sky,
59830,Ethereum,tvl,2025-06-11 00:00:00,5297900225.0,Sky,
59831,Ethereum,tvl,2025-06-12 00:00:00,5179478663.0,Sky,
59832,Ethereum,tvl,2025-06-13 00:00:00,4794263789.0,Sky,
59833,Ethereum,tvl,2025-06-14 00:00:00,4742673469.0,Sky,
59834,Ethereum,tvl,2025-06-15 00:00:00,4866182443.0,Sky,
59835,Ethereum,tvl,2025-06-16 00:00:00,4719486264.0,Sky,
59836,Ethereum,tvl,2025-06-17 00:00:00,4869039993.0,Sky,
59837,Ethereum,tvl,2025-06-18 00:00:00,4875045144.0,Sky,
59838,Ethereum,tvl,2025-06-19 00:00:00,5066533601.0,Sky,
59839,Ethereum,tvl,2025-06-20 00:00:00,5116873773.0,Sky,
59840,Ethereum,tvl,2025-06-21 00:00:00,4993567302.0,Sky,
59841,Ethereum,tvl,2025-06-22 00:00:00,4878893987.0,Sky,
59842,Ethereum,tvl,2025-06-23 00:00:00,4767214404.0,Sky,
59843,Ethereum,tvl,2025-06-24 00:00:00,4961769911.0,Sky,
59844,Ethereum,tvl,2025-06-25 00:00:00,5036688640.0,Sky,
59845,Ethereum,tvl,2025-06-26 00:00:00,5003154985.0,Sky,
59846,Ethereum,tvl,2025-06-27 00:00:00,5012962438.0,Sky,
59847,Ethereum,tvl,2025-06-28 00:00:00,4928390747.0,Sky,
59848,Ethereum,tvl,2025-06-29 00:00:00,5161642499.0,Sky,
59849,Ethereum,tvl,2025-06-30 00:00:00,5071743156.0,Sky,
59850,Ethereum,tvl,2025-07-01 00:00:00,5158452141.0,Sky,
59851,Ethereum,tvl,2025-07-02 00:00:00,5323735950.0,Sky,
59852,Ethereum,tvl,2025-07-03 00:00:00,5318854936.0,Sky,
59853,Ethereum,tvl,2025-07-04 00:00:00,5451463717.0,Sky,
59854,Ethereum,tvl,2025-07-05 00:00:00,5483098838.0,Sky,
59855,Ethereum,tvl,2025-07-06 00:00:00,5492369251.0,Sky,
59856,Ethereum,tvl,2025-07-07 00:00:00,5548749793.0,Sky,
59857,Ethereum,tvl,2025-07-08 00:00:00,5351211974.0,Sky,
59858,Ethereum,tvl,2025-07-09 00:00:00,5560537232.0,Sky,
59859,Ethereum,tvl,2025-07-10 00:00:00,5689287355.0,Sky,
59860,Ethereum,tvl,2025-07-11 00:00:00,5955535817.0,Sky,
59861,Ethereum,tvl,2025-07-12 00:00:00,5916529214.0,Sky,
59862,Ethereum,tvl,2025-07-13 00:00:00,5796981012.0,Sky,
59863,Ethereum,tvl,2025-07-14 00:00:00,5851510673.0,Sky,
59864,Ethereum,tvl,2025-07-15 00:00:00,5393573276.0,Sky,
59865,Ethereum,tvl,2025-07-16 00:00:00,5538283266.0,Sky,
59866,Ethereum,tvl,2025-07-17 00:00:00,5449420739.0,Sky,
59867,Ethereum,tvl,2025-07-18 00:00:00,5546754685.0,Sky,
59868,Ethereum,tvl,2025-07-19 00:00:00,5736473797.0,Sky,
59869,Ethereum,tvl,2025-07-20 00:00:00,5666659945.0,Sky,
59870,Ethereum,tvl,2025-07-21 00:00:00,5788870220.0,Sky,
59871,Ethereum,tvl,2025-07-22 00:00:00,5788730784.0,Sky,
59872,Ethereum,tvl,2025-07-23 00:00:00,5819605114.0,Sky,
59873,Ethereum,tvl,2025-07-24 00:00:00,5826759673.0,Sky,
59874,Ethereum,tvl,2025-07-25 00:00:00,5940843121.0,Sky,
59875,Ethereum,tvl,2025-07-26 00:00:00,5833442902.0,Sky,
59876,Ethereum,tvl,2025-07-27 00:00:00,5924363998.0,Sky,
59877,Ethereum,tvl,2025-07-28 00:00:00,6019127330.0,Sky,
59878,Ethereum,tvl,2025-07-29 00:00:00,5747767428.0,Sky,
59879,Ethereum,tvl,2025-07-30 00:00:00,5750365970.0,Sky,
59880,Ethereum,tvl,2025-07-31 00:00:00,5622611870.0,Sky,
59881,Ethereum,tvl,2025-08-01 00:00:00,5544771008.0,Sky,
59882,Ethereum,tvl,2025-08-02 00:00:00,5359900530.0,Sky,
59883,Ethereum,tvl,2025-08-03 00:00:00,5285227482.0,Sky,
59884,Ethereum,tvl,2025-08-04 00:00:00,5471466436.0,Sky,
59885,Ethereum,tvl,2025-08-05 00:00:00,5786636222.0,Sky,
59886,Ethereum,tvl,2025-08-06 00:00:00,5927252600.0,Sky,
59887,Ethereum,tvl,2025-08-07 00:00:00,5978777994.0,Sky,
59888,Ethereum,tvl,2025-08-08 00:00:00,6018118734.0,Sky,
59889,Ethereum,tvl,2025-08-09 00:00:00,6334768397.0,Sky,
59890,Ethereum,tvl,2025-08-10 00:00:00,6590647736.0,Sky,
59891,Ethereum,tvl,2025-08-11 00:00:00,6587194932.0,Sky,
59892,Ethereum,tvl,2025-08-12 00:00:00,6476235877.0,Sky,
59893,Ethereum,tvl,2025-08-13 00:00:00,6732080294.0,Sky,
59894,Ethereum,tvl,2025-08-14 00:00:00,6839952503.0,Sky,
59895,Ethereum,tvl,2025-08-15 00:00:00,6534798932.0,Sky,
59896,Ethereum,tvl,2025-08-16 00:00:00,6409392554.0,Sky,
59897,Ethereum,tvl,2025-08-17 00:00:00,6478206616.0,Sky,
59898,Ethereum,tvl,2025-08-18 00:00:00,6593968498.0,Sky,
59899,Ethereum,tvl,2025-08-19 00:00:00,6415054975.0,Sky,
59900,Ethereum,tvl,2025-08-20 00:00:00,5937575077.0,Sky,
59901,Ethereum,tvl,2025-08-21 00:00:00,6192338935.0,Sky,
59902,Ethereum,tvl,2025-08-22 00:00:00,6088669363.0,Sky,
59903,Ethereum,tvl,2025-08-23 00:00:00,6539003579.0,Sky,
59904,Ethereum,tvl,2025-08-24 00:00:00,6428178398.0,Sky,
59905,Ethereum,tvl,2025-08-25 00:00:00,6272855353.0,Sky,
59906,Ethereum,tvl,2025-08-26 00:00:00,6056387238.0,Sky,
59907,Ethereum,tvl,2025-08-27 00:00:00,6390791507.0,Sky,
59908,Ethereum,tvl,2025-08-28 00:00:00,6299290849.0,Sky,
59909,Ethereum,tvl,2025-08-29 00:00:00,6201410171.0,Sky,
59910,Ethereum,tvl,2025-08-30 00:00:00,6219172885.0,Sky,
59911,Ethereum,tvl,2025-08-31 00:00:00,6233357878.0,Sky,
59912,Ethereum,tvl,2025-09-01 00:00:00,6197423470.0,Sky,
59913,Ethereum,tvl,2025-09-02 00:00:00,6034631196.0,Sky,
59914,Ethereum,tvl,2025-09-03 00:00:00,6238904603.0,Sky,
59915,Ethereum,tvl,2025-09-04 00:00:00,6455187148.0,Sky,
59916,Ethereum,tvl,2025-09-05 00:00:00,6210046992.0,Sky,
59917,Ethereum,tvl,2025-09-06 00:00:00,6305407984.0,Sky,
59918,Ethereum,tvl,2025-09-07 00:00:00,6215989294.0,Sky,
59919,Ethereum,tvl,2025-09-08 00:00:00,6060426239.0,Sky,
59920,Ethereum,tvl,2025-09-09 00:00:00,6084395543.0,Sky,
59921,Ethereum,tvl,2025-09-10 00:00:00,5952983880.0,Sky,
59922,Ethereum,tvl,2025-09-11 00:00:00,5947496287.0,Sky,
59923,Ethereum,tvl,2025-09-12 00:00:00,5934771812.0,Sky,
59924,Ethereum,tvl,2025-09-13 00:00:00,6282278743.0,Sky,
59925,Ethereum,tvl,2025-09-14 00:00:00,6084862883.0,Sky,
59926,Ethereum,tvl,2025-09-15 00:00:00,5922849304.0,Sky,
59927,Ethereum,tvl,2025-09-16 00:00:00,5786126170.0,Sky,
59928,Ethereum,tvl,2025-09-17 00:00:00,6055945970.0,Sky,
59929,Ethereum,tvl,2025-09-18 00:00:00,5980833527.0,Sky,
59930,Ethereum,tvl,2025-09-19 00:00:00,6161520285.0,Sky,
59931,Ethereum,tvl,2025-09-20 00:00:00,6156529133.0,Sky,
59932,Ethereum,tvl,2025-09-21 00:00:00,6155411922.0,Sky,
59933,Ethereum,tvl,2025-09-22 00:00:00,6203073466.0,Sky,
59934,Ethereum,tvl,2025-09-23 00:00:00,6120289663.0,Sky,
59935,Ethereum,tvl,2025-09-24 00:00:00,6143713658.0,Sky,
59936,Ethereum,tvl,2025-09-25 00:00:00,6253111259.0,Sky,
59937,Ethereum,tvl,2025-09-26 00:00:00,5935934834.0,Sky,
59938,Ethereum,tvl,2025-09-27 00:00:00,6246644783.0,Sky,
59939,Ethereum,tvl,2025-09-28 00:00:00,6223016678.0,Sky,
59940,Ethereum,tvl,2025-09-29 00:00:00,6274966084.0,Sky,
59941,Ethereum,tvl,2025-09-30 00:00:00,5914724796.0,Sky,
59942,Ethereum,tvl,2025-10-01 00:00:00,6159087986.0,Sky,
59943,Ethereum,tvl,2025-10-02 00:00:00,6299346356.0,Sky,
59944,Ethereum,tvl,2025-10-03 00:00:00,6458372631.0,Sky,
59945,Ethereum,tvl,2025-10-04 00:00:00,6208697854.0,Sky,
59946,Ethereum,tvl,2025-10-05 00:00:00,6353787190.0,Sky,
59947,Ethereum,tvl,2025-10-06 00:00:00,6349694610.0,Sky,
59948,Ethereum,tvl,2025-10-07 00:00:00,6108786270.0,Sky,
59949,Ethereum,tvl,2025-10-08 00:00:00,6022554346.0,Sky,
59950,Ethereum,tvl,2025-10-09 00:00:00,5804856921.0,Sky,
59951,Ethereum,tvl,2025-10-10 00:00:00,6007050102.0,Sky,
59952,Ethereum,tvl,2025-10-11 00:00:00,5687003462.0,Sky,
59953,Ethereum,tvl,2025-10-12 00:00:00,5658355576.0,Sky,
59954,Ethereum,tvl,2025-10-13 00:00:00,6200866951.0,Sky,
59955,Ethereum,tvl,2025-10-14 00:00:00,6178631572.0,Sky,
59956,Ethereum,tvl,2025-10-15 00:00:00,6142892169.0,Sky,
59957,Ethereum,tvl,2025-10-16 00:00:00,5963636532.0,Sky,
59958,Ethereum,tvl,2025-10-17 00:00:00,6030351711.0,Sky,
59959,Ethereum,tvl,2025-10-18 00:00:00,6085675802.0,Sky,
59960,Ethereum,tvl,2025-10-19 00:00:00,6154352746.0,Sky,
59961,Ethereum,tvl,2025-10-20 00:00:00,6360922796.0,Sky,
59962,Ethereum,tvl,2025-10-21 00:00:00,6213120588.0,Sky,
59963,Ethereum,tvl,2025-10-22 00:00:00,6747407535.0,Sky,
59964,Ethereum,tvl,2025-10-23 00:00:00,6676103160.0,Sky,
59965,Ethereum,tvl,2025-10-24 00:00:00,6527354552.0,Sky,
59966,Ethereum,tvl,2025-10-25 00:00:00,6888105565.0,Sky,
59967,Ethereum,tvl,2025-10-26 00:00:00,6988280492.0,Sky,
59968,Ethereum,tvl,2025-10-27 00:00:00,7154684664.0,Sky,
59969,Ethereum,tvl,2025-10-28 00:00:00,7098972201.0,Sky,
59970,Ethereum,tvl,2025-10-29 00:00:00,6994971358.0,Sky,
59971,Ethereum,tvl,2025-10-30 00:00:00,6946965768.0,Sky,
59972,Ethereum,tvl,2025-10-31 00:00:00,6855755341.0,Sky,
59973,Ethereum,tvl,2025-11-01 00:00:00,6680519761.0,Sky,
59974,Ethereum,tvl,2025-11-02 00:00:00,6618902042.0,Sky,
59975,Ethereum,tvl,2025-11-03 00:00:00,6665193939.0,Sky,
59976,Ethereum,tvl,2025-11-04 00:00:00,6613799041.0,Sky,
59977,Ethereum,tvl,2025-11-05 00:00:00,6037368525.0,Sky,
59978,Ethereum,tvl,2025-11-06 00:00:00,6053097922.0,Sky,
59979,Ethereum,tvl,2025-11-07 00:00:00,6291172076.0,Sky,
59980,Ethereum,tvl,2025-11-08 00:00:00,6305843204.0,Sky,
59981,Ethereum,tvl,2025-11-09 00:00:00,6230215408.0,Sky,
59982,Ethereum,tvl,2025-11-10 00:00:00,6488822722.0,Sky,
59983,Ethereum,tvl,2025-11-11 00:00:00,6310686685.0,Sky,
59984,Ethereum,tvl,2025-11-12 00:00:00,6171119732.0,Sky,
59985,Ethereum,tvl,2025-11-13 00:00:00,6220193610.0,Sky,
59986,Ethereum,tvl,2025-11-14 00:00:00,6076821801.0,Sky,
59987,Ethereum,tvl,2025-11-15 00:00:00,6087602201.0,Sky,
59988,Ethereum,tvl,2025-11-16 00:00:00,6119227922.0,Sky,
59989,Ethereum,tvl,2025-11-17 00:00:00,6031500352.0,Sky,
59990,Ethereum,tvl,2025-11-18 00:00:00,5934487885.0,Sky,
59991,Ethereum,tvl,2025-11-19 00:00:00,5930080681.0,Sky,
59992,Ethereum,tvl,2025-11-20 00:00:00,5410991603.0,Sky,
59993,Ethereum,tvl,2025-11-21 00:00:00,5504018756.0,Sky,
59994,Ethereum,tvl,2025-11-22 00:00:00,5339774852.0,Sky,
59995,Ethereum,tvl,2025-11-23 00:00:00,5612697425.0,Sky,
59996,Ethereum,tvl,2025-11-24 00:00:00,5441357574.0,Sky,
59997,Ethereum,tvl,2025-11-25 00:00:00,5839349196.0,Sky,
59998,Ethereum,tvl,2025-11-26 00:00:00,5704498557.0,Sky,
59999,Ethereum,tvl,2025-11-27 00:00:00,6145847451.0,Sky,
60000,Ethereum,tvl,2025-11-28 00:00:00,5850251239.0,Sky,
60001,Ethereum,tvl,2025-11-29 00:00:00,6302930785.0,Sky,
60002,Ethereum,tvl,2025-11-30 00:00:00,6304359930.0,Sky,
60003,Ethereum,tvl,2025-12-01 00:00:00,6201098683.0,Sky,
60004,Ethereum,tvl,2025-12-02 00:00:00,6230670046.0,Sky,
60005,Ethereum,tvl,2025-12-03 00:00:00,6502013302.0,Sky,
60006,Ethereum,tvl,2025-12-04 00:00:00,6685695717.0,Sky,
60007,Ethereum,tvl,2025-12-05 00:00:00,6634275402.0,Sky,
60008,Ethereum,tvl,2025-12-06 00:00:00,6495424037.0,Sky,
60009,Ethereum,tvl,2025-12-07 00:00:00,6516691892.0,Sky,
60010,Ethereum,tvl,2025-12-08 00:00:00,6529232360.0,Sky,
60011,Ethereum,tvl,2025-12-09 00:00:00,6596515220.0,Sky,
60012,Ethereum,tvl,2025-12-10 00:00:00,6876675028.0,Sky,
60013,Ethereum,tvl,2025-12-11 00:00:00,6861810464.0,Sky,
60014,Ethereum,tvl,2025-12-12 00:00:00,6989142699.0,Sky,
60015,Ethereum,tvl,2025-12-13 00:00:00,6859917817.0,Sky,
60016,Ethereum,tvl,2025-12-14 00:00:00,6873896253.0,Sky,
60017,Ethereum,tvl,2025-12-15 00:00:00,6809265567.0,Sky,
60018,Ethereum,tvl,2025-12-16 00:00:00,6686656742.0,Sky,
60019,Ethereum,tvl,2025-12-17 00:00:00,6524947569.0,Sky,
60020,Ethereum,tvl,2025-12-18 00:00:00,6383380082.0,Sky,
60021,Ethereum,tvl,2025-12-19 00:00:00,6281802290.0,Sky,
60022,Ethereum,tvl,2025-12-20 00:00:00,6401618574.0,Sky,
60023,Ethereum,tvl,2025-12-21 00:00:00,6395084411.0,Sky,
60024,Ethereum,tvl,2025-12-22 00:00:00,6440624070.0,Sky,
60025,Ethereum,tvl,2025-12-23 00:00:00,6473093199.0,Sky,
60026,Ethereum,tvl,2025-12-24 00:00:00,6176544284.0,Sky,
60027,Ethereum,tvl,2025-12-25 00:00:00,6153364215.0,Sky,
60028,Ethereum,tvl,2025-12-26 00:00:00,6110973883.0,Sky,
60029,Ethereum,tvl,2025-12-27 00:00:00,6140989788.0,Sky,
60030,Ethereum,tvl,2025-12-28 00:00:00,6171830284.0,Sky,
60031,Ethereum,tvl,2025-12-29 00:00:00,6091149903.0,Sky,
60032,Ethereum,tvl,2025-12-30 00:00:00,5861321698.0,Sky,
60033,Ethereum,tvl,2025-12-31 00:00:00,5827016119.0,Sky,
60034,Ethereum,tvl,2026-01-01 00:00:00,5874713580.0,Sky,
60035,Ethereum,tvl,2026-01-02 00:00:00,5913168260.0,Sky,
60036,Ethereum,tvl,2026-01-03 00:00:00,6360058080.0,Sky,
60037,Ethereum,tvl,2026-01-04 00:00:00,6403063744.0,Sky,
60038,Ethereum,tvl,2026-01-05 00:00:00,6411307115.0,Sky,
60039,Ethereum,tvl,2026-01-06 00:00:00,6535334108.0,Sky,
60040,Ethereum,tvl,2026-01-07 00:00:00,6602144029.0,Sky,
60041,Ethereum,tvl,2026-01-08 00:00:00,6544828649.0,Sky,
60042,Ethereum,tvl,2026-01-09 00:00:00,6497665111.0,Sky,
60043,Ethereum,tvl,2026-01-10 00:00:00,6254076232.0,Sky,
60044,Ethereum,tvl,2026-01-11 00:00:00,6568174698.0,Sky,
60045,Ethereum,tvl,2026-01-11 12:50:23,6568665994.0,Sky,
62334,Ethereum,tvl,2025-01-01 00:00:00,2859229314.0,Morpho,
62335,Ethereum,tvl,2025-01-02 00:00:00,2920722729.0,Morpho,
62336,Ethereum,tvl,2025-01-03 00:00:00,3066413145.0,Morpho,
62337,Ethereum,tvl,2025-01-04 00:00:00,3119876164.0,Morpho,
62338,Ethereum,tvl,2025-01-05 00:00:00,3176766124.0,Morpho,
62339,Ethereum,tvl,2025-01-06 00:00:00,3224606966.0,Morpho,
62340,Ethereum,tvl,2025-01-07 00:00:00,3257776472.0,Morpho,
62341,Ethereum,tvl,2025-01-08 00:00:00,3359277247.0,Morpho,
62342,Ethereum,tvl,2025-01-09 00:00:00,3353912323.0,Morpho,
62343,Ethereum,tvl,2025-01-10 00:00:00,3295167737.0,Morpho,
62344,Ethereum,tvl,2025-01-11 00:00:00,3305649600.0,Morpho,
62345,Ethereum,tvl,2025-01-12 00:00:00,3408354000.0,Morpho,
62346,Ethereum,tvl,2025-01-13 00:00:00,3259445999.0,Morpho,
62347,Ethereum,tvl,2025-01-14 00:00:00,3201812954.0,Morpho,
62348,Ethereum,tvl,2025-01-15 00:00:00,3269063322.0,Morpho,
62349,Ethereum,tvl,2025-01-16 00:00:00,3324396706.0,Morpho,
62350,Ethereum,tvl,2025-01-17 00:00:00,3306634615.0,Morpho,
62351,Ethereum,tvl,2025-01-18 00:00:00,3500723019.0,Morpho,
62352,Ethereum,tvl,2025-01-19 00:00:00,3429936504.0,Morpho,
62353,Ethereum,tvl,2025-01-20 00:00:00,3329360565.0,Morpho,
62354,Ethereum,tvl,2025-01-21 00:00:00,3329424370.0,Morpho,
62355,Ethereum,tvl,2025-01-22 00:00:00,3413736082.0,Morpho,
62356,Ethereum,tvl,2025-01-23 00:00:00,3400392458.0,Morpho,
62357,Ethereum,tvl,2025-01-24 00:00:00,3450433181.0,Morpho,
62358,Ethereum,tvl,2025-01-25 00:00:00,3507627232.0,Morpho,
62359,Ethereum,tvl,2025-01-26 00:00:00,3520865561.0,Morpho,
62360,Ethereum,tvl,2025-01-27 00:00:00,3514445278.0,Morpho,
62361,Ethereum,tvl,2025-01-28 00:00:00,3391037629.0,Morpho,
62362,Ethereum,tvl,2025-01-29 00:00:00,3396098801.0,Morpho,
62363,Ethereum,tvl,2025-01-30 00:00:00,3456870506.0,Morpho,
62364,Ethereum,tvl,2025-01-31 00:00:00,3531969971.0,Morpho,
62365,Ethereum,tvl,2025-02-01 00:00:00,3575062287.0,Morpho,
62366,Ethereum,tvl,2025-02-02 00:00:00,3556897713.0,Morpho,
62367,Ethereum,tvl,2025-02-03 00:00:00,3403488983.0,Morpho,
62368,Ethereum,tvl,2025-02-04 00:00:00,3426543834.0,Morpho,
62369,Ethereum,tvl,2025-02-05 00:00:00,3311569890.0,Morpho,
62370,Ethereum,tvl,2025-02-06 00:00:00,3312900525.0,Morpho,
62371,Ethereum,tvl,2025-02-07 00:00:00,3320479392.0,Morpho,
62372,Ethereum,tvl,2025-02-08 00:00:00,3286419881.0,Morpho,
62373,Ethereum,tvl,2025-02-09 00:00:00,3255384918.0,Morpho,
62374,Ethereum,tvl,2025-02-10 00:00:00,3257404111.0,Morpho,
62375,Ethereum,tvl,2025-02-11 00:00:00,3344935804.0,Morpho,
62376,Ethereum,tvl,2025-02-12 00:00:00,3354408340.0,Morpho,
62377,Ethereum,tvl,2025-02-13 00:00:00,3427734192.0,Morpho,
62378,Ethereum,tvl,2025-02-14 00:00:00,3423593179.0,Morpho,
62379,Ethereum,tvl,2025-02-15 00:00:00,3454602019.0,Morpho,
62380,Ethereum,tvl,2025-02-16 00:00:00,3460081234.0,Morpho,
62381,Ethereum,tvl,2025-02-17 00:00:00,3416317304.0,Morpho,
62382,Ethereum,tvl,2025-02-18 00:00:00,3441387592.0,Morpho,
62383,Ethereum,tvl,2025-02-19 00:00:00,3418818000.0,Morpho,
62384,Ethereum,tvl,2025-02-20 00:00:00,3464594602.0,Morpho,
62385,Ethereum,tvl,2025-02-21 00:00:00,3404546316.0,Morpho,
62386,Ethereum,tvl,2025-02-22 00:00:00,3278022685.0,Morpho,
62387,Ethereum,tvl,2025-02-23 00:00:00,3315001807.0,Morpho,
62388,Ethereum,tvl,2025-02-24 00:00:00,3137976653.0,Morpho,
62389,Ethereum,tvl,2025-02-25 00:00:00,2901818987.0,Morpho,
62390,Ethereum,tvl,2025-02-26 00:00:00,2822525546.0,Morpho,
62391,Ethereum,tvl,2025-02-27 00:00:00,2765085945.0,Morpho,
62392,Ethereum,tvl,2025-02-28 00:00:00,2822171441.0,Morpho,
62393,Ethereum,tvl,2025-03-01 00:00:00,2734089967.0,Morpho,
62394,Ethereum,tvl,2025-03-02 00:00:00,2748391827.0,Morpho,
62395,Ethereum,tvl,2025-03-03 00:00:00,2855884510.0,Morpho,
62396,Ethereum,tvl,2025-03-04 00:00:00,2751637011.0,Morpho,
62397,Ethereum,tvl,2025-03-05 00:00:00,2740908141.0,Morpho,
62398,Ethereum,tvl,2025-03-06 00:00:00,2764985862.0,Morpho,
62399,Ethereum,tvl,2025-03-07 00:00:00,2738665297.0,Morpho,
62400,Ethereum,tvl,2025-03-08 00:00:00,2729706711.0,Morpho,
62401,Ethereum,tvl,2025-03-09 00:00:00,2732697402.0,Morpho,
62402,Ethereum,tvl,2025-03-10 00:00:00,2644193884.0,Morpho,
62403,Ethereum,tvl,2025-03-11 00:00:00,2554305383.0,Morpho,
62404,Ethereum,tvl,2025-03-12 00:00:00,2633831219.0,Morpho,
62405,Ethereum,tvl,2025-03-13 00:00:00,2641661658.0,Morpho,
62406,Ethereum,tvl,2025-03-14 00:00:00,2588749441.0,Morpho,
62407,Ethereum,tvl,2025-03-15 00:00:00,2597516590.0,Morpho,
62408,Ethereum,tvl,2025-03-16 00:00:00,2586764310.0,Morpho,
62409,Ethereum,tvl,2025-03-17 00:00:00,2574635726.0,Morpho,
62410,Ethereum,tvl,2025-03-18 00:00:00,2574311306.0,Morpho,
62411,Ethereum,tvl,2025-03-19 00:00:00,2559146030.0,Morpho,
62412,Ethereum,tvl,2025-03-20 00:00:00,2645686733.0,Morpho,
62413,Ethereum,tvl,2025-03-21 00:00:00,2539021299.0,Morpho,
62414,Ethereum,tvl,2025-03-22 00:00:00,2563388185.0,Morpho,
62415,Ethereum,tvl,2025-03-23 00:00:00,2574223777.0,Morpho,
62416,Ethereum,tvl,2025-03-24 00:00:00,2657598846.0,Morpho,
62417,Ethereum,tvl,2025-03-25 00:00:00,2697874776.0,Morpho,
62418,Ethereum,tvl,2025-03-26 00:00:00,2690686828.0,Morpho,
62419,Ethereum,tvl,2025-03-27 00:00:00,2699058175.0,Morpho,
62420,Ethereum,tvl,2025-03-28 00:00:00,2592131893.0,Morpho,
62421,Ethereum,tvl,2025-03-29 00:00:00,2440606187.0,Morpho,
62422,Ethereum,tvl,2025-03-30 00:00:00,2399274194.0,Morpho,
62423,Ethereum,tvl,2025-03-31 00:00:00,2340067200.0,Morpho,
62424,Ethereum,tvl,2025-04-01 00:00:00,2403738117.0,Morpho,
62425,Ethereum,tvl,2025-04-02 00:00:00,2427178849.0,Morpho,
62426,Ethereum,tvl,2025-04-03 00:00:00,2358693901.0,Morpho,
62427,Ethereum,tvl,2025-04-04 00:00:00,2424586578.0,Morpho,
62428,Ethereum,tvl,2025-04-05 00:00:00,2382806430.0,Morpho,
62429,Ethereum,tvl,2025-04-06 00:00:00,2356881839.0,Morpho,
62430,Ethereum,tvl,2025-04-07 00:00:00,2218922855.0,Morpho,
62431,Ethereum,tvl,2025-04-08 00:00:00,2228826353.0,Morpho,
62432,Ethereum,tvl,2025-04-09 00:00:00,2158254360.0,Morpho,
62433,Ethereum,tvl,2025-04-10 00:00:00,2200693337.0,Morpho,
62434,Ethereum,tvl,2025-04-11 00:00:00,2084360999.0,Morpho,
62435,Ethereum,tvl,2025-04-12 00:00:00,2056504914.0,Morpho,
62436,Ethereum,tvl,2025-04-13 00:00:00,2067667825.0,Morpho,
62437,Ethereum,tvl,2025-04-14 00:00:00,2064500036.0,Morpho,
62438,Ethereum,tvl,2025-04-15 00:00:00,2086355193.0,Morpho,
62439,Ethereum,tvl,2025-04-16 00:00:00,2101733063.0,Morpho,
62440,Ethereum,tvl,2025-04-17 00:00:00,2085181876.0,Morpho,
62441,Ethereum,tvl,2025-04-18 00:00:00,2063145519.0,Morpho,
62442,Ethereum,tvl,2025-04-19 00:00:00,2027677510.0,Morpho,
62443,Ethereum,tvl,2025-04-20 00:00:00,2040904948.0,Morpho,
62444,Ethereum,tvl,2025-04-21 00:00:00,2041670187.0,Morpho,
62445,Ethereum,tvl,2025-04-22 00:00:00,2030025789.0,Morpho,
62446,Ethereum,tvl,2025-04-23 00:00:00,2161346814.0,Morpho,
62447,Ethereum,tvl,2025-04-24 00:00:00,2173273958.0,Morpho,
62448,Ethereum,tvl,2025-04-25 00:00:00,2154151586.0,Morpho,
62449,Ethereum,tvl,2025-04-26 00:00:00,2166765916.0,Morpho,
62450,Ethereum,tvl,2025-04-27 00:00:00,2173962861.0,Morpho,
62451,Ethereum,tvl,2025-04-28 00:00:00,2177728058.0,Morpho,
62452,Ethereum,tvl,2025-04-29 00:00:00,2143595276.0,Morpho,
62453,Ethereum,tvl,2025-04-30 00:00:00,2165836095.0,Morpho,
62454,Ethereum,tvl,2025-05-01 00:00:00,2138351936.0,Morpho,
62455,Ethereum,tvl,2025-05-02 00:00:00,2137401743.0,Morpho,
62456,Ethereum,tvl,2025-05-03 00:00:00,2174145812.0,Morpho,
62457,Ethereum,tvl,2025-05-04 00:00:00,2168179568.0,Morpho,
62458,Ethereum,tvl,2025-05-05 00:00:00,2164409146.0,Morpho,
62459,Ethereum,tvl,2025-05-06 00:00:00,2069588035.0,Morpho,
62460,Ethereum,tvl,2025-05-07 00:00:00,2066773663.0,Morpho,
62461,Ethereum,tvl,2025-05-08 00:00:00,2056763496.0,Morpho,
62462,Ethereum,tvl,2025-05-09 00:00:00,2203748386.0,Morpho,
62463,Ethereum,tvl,2025-05-10 00:00:00,2237484428.0,Morpho,
62464,Ethereum,tvl,2025-05-11 00:00:00,2308590636.0,Morpho,
62465,Ethereum,tvl,2025-05-12 00:00:00,2318033499.0,Morpho,
62466,Ethereum,tvl,2025-05-13 00:00:00,2318419569.0,Morpho,
62467,Ethereum,tvl,2025-05-14 00:00:00,2371285646.0,Morpho,
62468,Ethereum,tvl,2025-05-15 00:00:00,2337216846.0,Morpho,
62469,Ethereum,tvl,2025-05-16 00:00:00,2371348258.0,Morpho,
62470,Ethereum,tvl,2025-05-17 00:00:00,2371589101.0,Morpho,
62471,Ethereum,tvl,2025-05-18 00:00:00,2369196383.0,Morpho,
62472,Ethereum,tvl,2025-05-19 00:00:00,2379443745.0,Morpho,
62473,Ethereum,tvl,2025-05-20 00:00:00,2409719703.0,Morpho,
62474,Ethereum,tvl,2025-05-21 00:00:00,2409541861.0,Morpho,
62475,Ethereum,tvl,2025-05-22 00:00:00,2438060392.0,Morpho,
62476,Ethereum,tvl,2025-05-23 00:00:00,2452555615.0,Morpho,
62477,Ethereum,tvl,2025-05-24 00:00:00,2442778263.0,Morpho,
62478,Ethereum,tvl,2025-05-25 00:00:00,2440866894.0,Morpho,
62479,Ethereum,tvl,2025-05-26 00:00:00,2449126763.0,Morpho,
62480,Ethereum,tvl,2025-05-27 00:00:00,2490124867.0,Morpho,
62481,Ethereum,tvl,2025-05-28 00:00:00,2508908597.0,Morpho,
62482,Ethereum,tvl,2025-05-29 00:00:00,2496626644.0,Morpho,
62483,Ethereum,tvl,2025-05-30 00:00:00,2488634428.0,Morpho,
62484,Ethereum,tvl,2025-05-31 00:00:00,2482705704.0,Morpho,
62485,Ethereum,tvl,2025-06-01 00:00:00,2480301663.0,Morpho,
62486,Ethereum,tvl,2025-06-02 00:00:00,2501072440.0,Morpho,
62487,Ethereum,tvl,2025-06-03 00:00:00,2352979304.0,Morpho,
62488,Ethereum,tvl,2025-06-04 00:00:00,2430118241.0,Morpho,
62489,Ethereum,tvl,2025-06-05 00:00:00,2473657171.0,Morpho,
62490,Ethereum,tvl,2025-06-06 00:00:00,2424428597.0,Morpho,
62491,Ethereum,tvl,2025-06-07 00:00:00,2544273584.0,Morpho,
62492,Ethereum,tvl,2025-06-08 00:00:00,2558166374.0,Morpho,
62493,Ethereum,tvl,2025-06-09 00:00:00,2560761653.0,Morpho,
62494,Ethereum,tvl,2025-06-10 00:00:00,2638713212.0,Morpho,
62495,Ethereum,tvl,2025-06-11 00:00:00,2673257425.0,Morpho,
62496,Ethereum,tvl,2025-06-12 00:00:00,2695059086.0,Morpho,
62497,Ethereum,tvl,2025-06-13 00:00:00,2622714719.0,Morpho,
62498,Ethereum,tvl,2025-06-14 00:00:00,2535572304.0,Morpho,
62499,Ethereum,tvl,2025-06-15 00:00:00,2532900800.0,Morpho,
62500,Ethereum,tvl,2025-06-16 00:00:00,2535913532.0,Morpho,
62501,Ethereum,tvl,2025-06-17 00:00:00,2545005186.0,Morpho,
62502,Ethereum,tvl,2025-06-18 00:00:00,2733603507.0,Morpho,
62503,Ethereum,tvl,2025-06-19 00:00:00,2729218859.0,Morpho,
62504,Ethereum,tvl,2025-06-20 00:00:00,2721313059.0,Morpho,
62505,Ethereum,tvl,2025-06-21 00:00:00,2668091245.0,Morpho,
62506,Ethereum,tvl,2025-06-22 00:00:00,2643360707.0,Morpho,
62507,Ethereum,tvl,2025-06-23 00:00:00,2575847710.0,Morpho,
62508,Ethereum,tvl,2025-06-24 00:00:00,2637854522.0,Morpho,
62509,Ethereum,tvl,2025-06-25 00:00:00,2640389400.0,Morpho,
62510,Ethereum,tvl,2025-06-26 00:00:00,2617666747.0,Morpho,
62511,Ethereum,tvl,2025-06-27 00:00:00,2612410794.0,Morpho,
62512,Ethereum,tvl,2025-06-28 00:00:00,2568001607.0,Morpho,
62513,Ethereum,tvl,2025-06-29 00:00:00,2565828047.0,Morpho,
62514,Ethereum,tvl,2025-06-30 00:00:00,2554509624.0,Morpho,
62515,Ethereum,tvl,2025-07-01 00:00:00,2575558155.0,Morpho,
62516,Ethereum,tvl,2025-07-02 00:00:00,2544311651.0,Morpho,
62517,Ethereum,tvl,2025-07-03 00:00:00,2604953586.0,Morpho,
62518,Ethereum,tvl,2025-07-04 00:00:00,2641643975.0,Morpho,
62519,Ethereum,tvl,2025-07-05 00:00:00,2598881971.0,Morpho,
62520,Ethereum,tvl,2025-07-06 00:00:00,2620403645.0,Morpho,
62521,Ethereum,tvl,2025-07-07 00:00:00,2650003478.0,Morpho,
62522,Ethereum,tvl,2025-07-08 00:00:00,2617580454.0,Morpho,
62523,Ethereum,tvl,2025-07-09 00:00:00,2623762584.0,Morpho,
62524,Ethereum,tvl,2025-07-10 00:00:00,2717381462.0,Morpho,
62525,Ethereum,tvl,2025-07-11 00:00:00,2780718741.0,Morpho,
62526,Ethereum,tvl,2025-07-12 00:00:00,2837599237.0,Morpho,
62527,Ethereum,tvl,2025-07-13 00:00:00,2836132415.0,Morpho,
62528,Ethereum,tvl,2025-07-14 00:00:00,2875418554.0,Morpho,
62529,Ethereum,tvl,2025-07-15 00:00:00,2881920285.0,Morpho,
62530,Ethereum,tvl,2025-07-16 00:00:00,2894383454.0,Morpho,
62531,Ethereum,tvl,2025-07-17 00:00:00,3001081933.0,Morpho,
62532,Ethereum,tvl,2025-07-18 00:00:00,3080424196.0,Morpho,
62533,Ethereum,tvl,2025-07-19 00:00:00,2977921272.0,Morpho,
62534,Ethereum,tvl,2025-07-20 00:00:00,2984410415.0,Morpho,
62535,Ethereum,tvl,2025-07-21 00:00:00,3018128376.0,Morpho,
62536,Ethereum,tvl,2025-07-22 00:00:00,3052811312.0,Morpho,
62537,Ethereum,tvl,2025-07-23 00:00:00,3087315982.0,Morpho,
62538,Ethereum,tvl,2025-07-24 00:00:00,3069068556.0,Morpho,
62539,Ethereum,tvl,2025-07-25 00:00:00,3196040067.0,Morpho,
62540,Ethereum,tvl,2025-07-26 00:00:00,3367498931.0,Morpho,
62541,Ethereum,tvl,2025-07-27 00:00:00,3422331865.0,Morpho,
62542,Ethereum,tvl,2025-07-28 00:00:00,3455590205.0,Morpho,
62543,Ethereum,tvl,2025-07-29 00:00:00,3391151436.0,Morpho,
62544,Ethereum,tvl,2025-07-30 00:00:00,3457324941.0,Morpho,
62545,Ethereum,tvl,2025-07-31 00:00:00,3399820338.0,Morpho,
62546,Ethereum,tvl,2025-08-01 00:00:00,3327127246.0,Morpho,
62547,Ethereum,tvl,2025-08-02 00:00:00,3262408781.0,Morpho,
62548,Ethereum,tvl,2025-08-03 00:00:00,3263409979.0,Morpho,
62549,Ethereum,tvl,2025-08-04 00:00:00,3284388289.0,Morpho,
62550,Ethereum,tvl,2025-08-05 00:00:00,3346037571.0,Morpho,
62551,Ethereum,tvl,2025-08-06 00:00:00,3411757644.0,Morpho,
62552,Ethereum,tvl,2025-08-07 00:00:00,3432999267.0,Morpho,
62553,Ethereum,tvl,2025-08-08 00:00:00,3512859601.0,Morpho,
62554,Ethereum,tvl,2025-08-09 00:00:00,3547970747.0,Morpho,
62555,Ethereum,tvl,2025-08-10 00:00:00,3645653255.0,Morpho,
62556,Ethereum,tvl,2025-08-11 00:00:00,3675684276.0,Morpho,
62557,Ethereum,tvl,2025-08-12 00:00:00,3642684337.0,Morpho,
62558,Ethereum,tvl,2025-08-13 00:00:00,3750445261.0,Morpho,
62559,Ethereum,tvl,2025-08-14 00:00:00,3700928837.0,Morpho,
62560,Ethereum,tvl,2025-08-15 00:00:00,3506991434.0,Morpho,
62561,Ethereum,tvl,2025-08-16 00:00:00,3530424539.0,Morpho,
62562,Ethereum,tvl,2025-08-17 00:00:00,3644399418.0,Morpho,
62563,Ethereum,tvl,2025-08-18 00:00:00,3682870278.0,Morpho,
62564,Ethereum,tvl,2025-08-19 00:00:00,3640118629.0,Morpho,
62565,Ethereum,tvl,2025-08-20 00:00:00,3751251855.0,Morpho,
62566,Ethereum,tvl,2025-08-21 00:00:00,3821072115.0,Morpho,
62567,Ethereum,tvl,2025-08-22 00:00:00,3805189561.0,Morpho,
62568,Ethereum,tvl,2025-08-23 00:00:00,4052393494.0,Morpho,
62569,Ethereum,tvl,2025-08-24 00:00:00,4127987125.0,Morpho,
62570,Ethereum,tvl,2025-08-25 00:00:00,4120148023.0,Morpho,
62571,Ethereum,tvl,2025-08-26 00:00:00,4152680160.0,Morpho,
62572,Ethereum,tvl,2025-08-27 00:00:00,4330889485.0,Morpho,
62573,Ethereum,tvl,2025-08-28 00:00:00,4366462799.0,Morpho,
62574,Ethereum,tvl,2025-08-29 00:00:00,4445656432.0,Morpho,
62575,Ethereum,tvl,2025-08-30 00:00:00,4470833092.0,Morpho,
62576,Ethereum,tvl,2025-08-31 00:00:00,4488770079.0,Morpho,
62577,Ethereum,tvl,2025-09-01 00:00:00,4490801869.0,Morpho,
62578,Ethereum,tvl,2025-09-02 00:00:00,4535213708.0,Morpho,
62579,Ethereum,tvl,2025-09-03 00:00:00,4579203961.0,Morpho,
62580,Ethereum,tvl,2025-09-04 00:00:00,4613890662.0,Morpho,
62581,Ethereum,tvl,2025-09-05 00:00:00,4691908644.0,Morpho,
62582,Ethereum,tvl,2025-09-06 00:00:00,4671004844.0,Morpho,
62583,Ethereum,tvl,2025-09-07 00:00:00,4699651155.0,Morpho,
62584,Ethereum,tvl,2025-09-08 00:00:00,4717076252.0,Morpho,
62585,Ethereum,tvl,2025-09-09 00:00:00,4738313606.0,Morpho,
62586,Ethereum,tvl,2025-09-10 00:00:00,4789362973.0,Morpho,
62587,Ethereum,tvl,2025-09-11 00:00:00,4868308066.0,Morpho,
62588,Ethereum,tvl,2025-09-12 00:00:00,4892509427.0,Morpho,
62589,Ethereum,tvl,2025-09-13 00:00:00,5028783989.0,Morpho,
62590,Ethereum,tvl,2025-09-14 00:00:00,5197285041.0,Morpho,
62591,Ethereum,tvl,2025-09-15 00:00:00,5168626384.0,Morpho,
62592,Ethereum,tvl,2025-09-16 00:00:00,5250506609.0,Morpho,
62593,Ethereum,tvl,2025-09-17 00:00:00,5251239435.0,Morpho,
62594,Ethereum,tvl,2025-09-18 00:00:00,5148614687.0,Morpho,
62595,Ethereum,tvl,2025-09-19 00:00:00,4982325439.0,Morpho,
62596,Ethereum,tvl,2025-09-20 00:00:00,4966987312.0,Morpho,
62597,Ethereum,tvl,2025-09-21 00:00:00,4916091379.0,Morpho,
62598,Ethereum,tvl,2025-09-22 00:00:00,4845875152.0,Morpho,
62599,Ethereum,tvl,2025-09-23 00:00:00,4598775662.0,Morpho,
62600,Ethereum,tvl,2025-09-24 00:00:00,4411642332.0,Morpho,
62601,Ethereum,tvl,2025-09-25 00:00:00,4277623510.0,Morpho,
62602,Ethereum,tvl,2025-09-26 00:00:00,3848596014.0,Morpho,
62603,Ethereum,tvl,2025-09-27 00:00:00,3864704513.0,Morpho,
62604,Ethereum,tvl,2025-09-28 00:00:00,3909988851.0,Morpho,
62605,Ethereum,tvl,2025-09-29 00:00:00,3942715721.0,Morpho,
62606,Ethereum,tvl,2025-09-30 00:00:00,3896511996.0,Morpho,
62607,Ethereum,tvl,2025-10-01 00:00:00,3963700999.0,Morpho,
62608,Ethereum,tvl,2025-10-02 00:00:00,4041397541.0,Morpho,
62609,Ethereum,tvl,2025-10-03 00:00:00,4231772935.0,Morpho,
62610,Ethereum,tvl,2025-10-04 00:00:00,4320041661.0,Morpho,
62611,Ethereum,tvl,2025-10-05 00:00:00,4370486022.0,Morpho,
62612,Ethereum,tvl,2025-10-06 00:00:00,4400781992.0,Morpho,
62613,Ethereum,tvl,2025-10-07 00:00:00,4473351874.0,Morpho,
62614,Ethereum,tvl,2025-10-08 00:00:00,4360242052.0,Morpho,
62615,Ethereum,tvl,2025-10-09 00:00:00,4387700693.0,Morpho,
62616,Ethereum,tvl,2025-10-10 00:00:00,4352869502.0,Morpho,
62617,Ethereum,tvl,2025-10-11 00:00:00,4012225190.0,Morpho,
62618,Ethereum,tvl,2025-10-12 00:00:00,3940087316.0,Morpho,
62619,Ethereum,tvl,2025-10-13 00:00:00,4158959004.0,Morpho,
62620,Ethereum,tvl,2025-10-14 00:00:00,4247427461.0,Morpho,
62621,Ethereum,tvl,2025-10-15 00:00:00,4294909046.0,Morpho,
62622,Ethereum,tvl,2025-10-16 00:00:00,4237906808.0,Morpho,
62623,Ethereum,tvl,2025-10-17 00:00:00,4164803378.0,Morpho,
62624,Ethereum,tvl,2025-10-18 00:00:00,4178785995.0,Morpho,
62625,Ethereum,tvl,2025-10-19 00:00:00,4222201910.0,Morpho,
62626,Ethereum,tvl,2025-10-20 00:00:00,4310125240.0,Morpho,
62627,Ethereum,tvl,2025-10-21 00:00:00,4363175873.0,Morpho,
62628,Ethereum,tvl,2025-10-22 00:00:00,4250696746.0,Morpho,
62629,Ethereum,tvl,2025-10-23 00:00:00,4270507372.0,Morpho,
62630,Ethereum,tvl,2025-10-24 00:00:00,4279652515.0,Morpho,
62631,Ethereum,tvl,2025-10-25 00:00:00,4344075851.0,Morpho,
62632,Ethereum,tvl,2025-10-26 00:00:00,4382933045.0,Morpho,
62633,Ethereum,tvl,2025-10-27 00:00:00,4469529030.0,Morpho,
62634,Ethereum,tvl,2025-10-28 00:00:00,4448852213.0,Morpho,
62635,Ethereum,tvl,2025-10-29 00:00:00,4367013406.0,Morpho,
62636,Ethereum,tvl,2025-10-30 00:00:00,4968605139.0,Morpho,
62637,Ethereum,tvl,2025-10-31 00:00:00,4985053182.0,Morpho,
62638,Ethereum,tvl,2025-11-01 00:00:00,5051422267.0,Morpho,
62639,Ethereum,tvl,2025-11-02 00:00:00,4996349687.0,Morpho,
62640,Ethereum,tvl,2025-11-03 00:00:00,4981120267.0,Morpho,
62641,Ethereum,tvl,2025-11-04 00:00:00,4928983545.0,Morpho,
62642,Ethereum,tvl,2025-11-05 00:00:00,4511493722.0,Morpho,
62643,Ethereum,tvl,2025-11-06 00:00:00,4408472164.0,Morpho,
62644,Ethereum,tvl,2025-11-07 00:00:00,4310978995.0,Morpho,
62645,Ethereum,tvl,2025-11-08 00:00:00,4154746145.0,Morpho,
62646,Ethereum,tvl,2025-11-09 00:00:00,4131302405.0,Morpho,
62647,Ethereum,tvl,2025-11-10 00:00:00,4246797106.0,Morpho,
62648,Ethereum,tvl,2025-11-11 00:00:00,4164603257.0,Morpho,
62649,Ethereum,tvl,2025-11-12 00:00:00,4039600740.0,Morpho,
62650,Ethereum,tvl,2025-11-13 00:00:00,4021770230.0,Morpho,
62651,Ethereum,tvl,2025-11-14 00:00:00,3872232817.0,Morpho,
62652,Ethereum,tvl,2025-11-15 00:00:00,3813969316.0,Morpho,
62653,Ethereum,tvl,2025-11-16 00:00:00,3876356981.0,Morpho,
62654,Ethereum,tvl,2025-11-17 00:00:00,3842498954.0,Morpho,
62655,Ethereum,tvl,2025-11-18 00:00:00,3707523023.0,Morpho,
62656,Ethereum,tvl,2025-11-19 00:00:00,3635473561.0,Morpho,
62657,Ethereum,tvl,2025-11-20 00:00:00,3479725163.0,Morpho,
62658,Ethereum,tvl,2025-11-21 00:00:00,3101676546.0,Morpho,
62659,Ethereum,tvl,2025-11-22 00:00:00,2878785159.0,Morpho,
62660,Ethereum,tvl,2025-11-23 00:00:00,2911587019.0,Morpho,
62661,Ethereum,tvl,2025-11-24 00:00:00,2958025730.0,Morpho,
62662,Ethereum,tvl,2025-11-25 00:00:00,3054317728.0,Morpho,
62663,Ethereum,tvl,2025-11-26 00:00:00,2985054055.0,Morpho,
62664,Ethereum,tvl,2025-11-27 00:00:00,2995110751.0,Morpho,
62665,Ethereum,tvl,2025-11-28 00:00:00,3014101285.0,Morpho,
62666,Ethereum,tvl,2025-11-29 00:00:00,3009088959.0,Morpho,
62667,Ethereum,tvl,2025-11-30 00:00:00,3003362772.0,Morpho,
62668,Ethereum,tvl,2025-12-01 00:00:00,2970263612.0,Morpho,
62669,Ethereum,tvl,2025-12-02 00:00:00,2838479775.0,Morpho,
62670,Ethereum,tvl,2025-12-03 00:00:00,2988695555.0,Morpho,
62671,Ethereum,tvl,2025-12-04 00:00:00,3040991001.0,Morpho,
62672,Ethereum,tvl,2025-12-05 00:00:00,2945809662.0,Morpho,
62673,Ethereum,tvl,2025-12-06 00:00:00,2788267051.0,Morpho,
62674,Ethereum,tvl,2025-12-07 00:00:00,2814238532.0,Morpho,
62675,Ethereum,tvl,2025-12-08 00:00:00,2857440844.0,Morpho,
62676,Ethereum,tvl,2025-12-09 00:00:00,2793772045.0,Morpho,
62677,Ethereum,tvl,2025-12-10 00:00:00,2838057854.0,Morpho,
62678,Ethereum,tvl,2025-12-11 00:00:00,2701344182.0,Morpho,
62679,Ethereum,tvl,2025-12-12 00:00:00,2689478037.0,Morpho,
62680,Ethereum,tvl,2025-12-13 00:00:00,2605858893.0,Morpho,
62681,Ethereum,tvl,2025-12-14 00:00:00,2613929412.0,Morpho,
62682,Ethereum,tvl,2025-12-15 00:00:00,2582290145.0,Morpho,
62683,Ethereum,tvl,2025-12-16 00:00:00,2516589839.0,Morpho,
62684,Ethereum,tvl,2025-12-17 00:00:00,2531267674.0,Morpho,
62685,Ethereum,tvl,2025-12-18 00:00:00,2485937588.0,Morpho,
62686,Ethereum,tvl,2025-12-19 00:00:00,2461836187.0,Morpho,
62687,Ethereum,tvl,2025-12-20 00:00:00,2551201730.0,Morpho,
62688,Ethereum,tvl,2025-12-21 00:00:00,2566575449.0,Morpho,
62689,Ethereum,tvl,2025-12-22 00:00:00,2560575912.0,Morpho,
62690,Ethereum,tvl,2025-12-23 00:00:00,2578296178.0,Morpho,
62691,Ethereum,tvl,2025-12-24 00:00:00,2612236481.0,Morpho,
62692,Ethereum,tvl,2025-12-25 00:00:00,2619743965.0,Morpho,
62693,Ethereum,tvl,2025-12-26 00:00:00,2653416824.0,Morpho,
62694,Ethereum,tvl,2025-12-27 00:00:00,2617257626.0,Morpho,
62695,Ethereum,tvl,2025-12-28 00:00:00,2617997898.0,Morpho,
62696,Ethereum,tvl,2025-12-29 00:00:00,2626417862.0,Morpho,
62697,Ethereum,tvl,2025-12-30 00:00:00,2547893635.0,Morpho,
62698,Ethereum,tvl,2025-12-31 00:00:00,2531749569.0,Morpho,
62699,Ethereum,tvl,2026-01-01 00:00:00,2753317472.0,Morpho,
62700,Ethereum,tvl,2026-01-02 00:00:00,2782625371.0,Morpho,
62701,Ethereum,tvl,2026-01-03 00:00:00,2768966326.0,Morpho,
62702,Ethereum,tvl,2026-01-04 00:00:00,2817734876.0,Morpho,
62703,Ethereum,tvl,2026-01-05 00:00:00,2775740273.0,Morpho,
62704,Ethereum,tvl,2026-01-06 00:00:00,2938119728.0,Morpho,
62705,Ethereum,tvl,2026-01-07 00:00:00,2913633431.0,Morpho,
62706,Ethereum,tvl,2026-01-08 00:00:00,2907767193.0,Morpho,
62707,Ethereum,tvl,2026-01-09 00:00:00,2901571543.0,Morpho,
62708,Ethereum,tvl,2026-01-10 00:00:00,3079897286.0,Morpho,
62709,Ethereum,tvl,2026-01-11 00:00:00,3018362825.0,Morpho,
62710,Ethereum,tvl,2026-01-11 12:51:23,3031027839.0,Morpho,
74989,Polygon,tvl,2025-01-26 00:00:00,0.0,Morpho,
74990,Polygon,tvl,2025-01-27 00:00:00,0.0,Morpho,
74991,Polygon,tvl,2025-01-28 00:00:00,0.0,Morpho,
74992,Polygon,tvl,2025-01-29 00:00:00,0.0,Morpho,
74993,Polygon,tvl,2025-01-30 00:00:00,0.0,Morpho,
74994,Polygon,tvl,2025-01-31 00:00:00,0.0,Morpho,
74995,Polygon,tvl,2025-02-01 00:00:00,0.0,Morpho,
74996,Polygon,tvl,2025-02-02 00:00:00,0.0,Morpho,
74997,Polygon,tvl,2025-02-03 00:00:00,0.0,Morpho,
74998,Polygon,tvl,2025-02-04 00:00:00,0.0,Morpho,
74999,Polygon,tvl,2025-02-05 00:00:00,0.0,Morpho,
75000,Polygon,tvl,2025-02-06 00:00:00,2.0,Morpho,
75001,Polygon,tvl,2025-02-07 00:00:00,1.0,Morpho,
75002,Polygon,tvl,2025-02-08 00:00:00,1.0,Morpho,
75003,Polygon,tvl,2025-02-09 00:00:00,1.0,Morpho,
75004,Polygon,tvl,2025-02-10 00:00:00,1.0,Morpho,
75005,Polygon,tvl,2025-02-11 00:00:00,1.0,Morpho,
75006,Polygon,tvl,2025-02-12 00:00:00,1.0,Morpho,
75007,Polygon,tvl,2025-02-13 00:00:00,1.0,Morpho,
75008,Polygon,tvl,2025-02-14 00:00:00,1.0,Morpho,
75009,Polygon,tvl,2025-02-15 00:00:00,1.0,Morpho,
75010,Polygon,tvl,2025-02-16 00:00:00,1.0,Morpho,
75011,Polygon,tvl,2025-02-17 00:00:00,1.0,Morpho,
75012,Polygon,tvl,2025-02-18 00:00:00,1.0,Morpho,
75013,Polygon,tvl,2025-02-19 00:00:00,1.0,Morpho,
75014,Polygon,tvl,2025-02-20 00:00:00,1.0,Morpho,
75015,Polygon,tvl,2025-02-21 00:00:00,1.0,Morpho,
75016,Polygon,tvl,2025-02-22 00:00:00,1.0,Morpho,
75017,Polygon,tvl,2025-02-23 00:00:00,1.0,Morpho,
75018,Polygon,tvl,2025-02-24 00:00:00,33.0,Morpho,
75019,Polygon,tvl,2025-02-25 00:00:00,33.0,Morpho,
75020,Polygon,tvl,2025-02-26 00:00:00,32.0,Morpho,
75021,Polygon,tvl,2025-02-27 00:00:00,32.0,Morpho,
75022,Polygon,tvl,2025-02-28 00:00:00,32.0,Morpho,
75023,Polygon,tvl,2025-03-01 00:00:00,38.0,Morpho,
75024,Polygon,tvl,2025-03-02 00:00:00,35.0,Morpho,
75025,Polygon,tvl,2025-03-03 00:00:00,42.0,Morpho,
75026,Polygon,tvl,2025-03-04 00:00:00,37.0,Morpho,
75027,Polygon,tvl,2025-03-05 00:00:00,45.0,Morpho,
75028,Polygon,tvl,2025-03-06 00:00:00,62.0,Morpho,
75029,Polygon,tvl,2025-03-07 00:00:00,61.0,Morpho,
75030,Polygon,tvl,2025-03-08 00:00:00,60.0,Morpho,
75031,Polygon,tvl,2025-03-09 00:00:00,63.0,Morpho,
75032,Polygon,tvl,2025-03-10 00:00:00,64.0,Morpho,
75033,Polygon,tvl,2025-03-11 00:00:00,65.0,Morpho,
75034,Polygon,tvl,2025-03-12 00:00:00,67.0,Morpho,
75035,Polygon,tvl,2025-03-13 00:00:00,60.0,Morpho,
75036,Polygon,tvl,2025-03-14 00:00:00,11574114.0,Morpho,
75037,Polygon,tvl,2025-03-15 00:00:00,16036874.0,Morpho,
75038,Polygon,tvl,2025-03-16 00:00:00,16372834.0,Morpho,
75039,Polygon,tvl,2025-03-17 00:00:00,19914705.0,Morpho,
75040,Polygon,tvl,2025-03-18 00:00:00,20196983.0,Morpho,
75041,Polygon,tvl,2025-03-19 00:00:00,26632215.0,Morpho,
75042,Polygon,tvl,2025-03-20 00:00:00,26696763.0,Morpho,
75043,Polygon,tvl,2025-03-21 00:00:00,26311355.0,Morpho,
75044,Polygon,tvl,2025-03-22 00:00:00,25030280.0,Morpho,
75045,Polygon,tvl,2025-03-23 00:00:00,26807020.0,Morpho,
75046,Polygon,tvl,2025-03-24 00:00:00,27147210.0,Morpho,
75047,Polygon,tvl,2025-03-25 00:00:00,27607944.0,Morpho,
75048,Polygon,tvl,2025-03-26 00:00:00,28486424.0,Morpho,
75049,Polygon,tvl,2025-03-27 00:00:00,30551005.0,Morpho,
75050,Polygon,tvl,2025-03-28 00:00:00,37610211.0,Morpho,
75051,Polygon,tvl,2025-03-29 00:00:00,38761214.0,Morpho,
75052,Polygon,tvl,2025-03-30 00:00:00,38996895.0,Morpho,
75053,Polygon,tvl,2025-03-31 00:00:00,41391184.0,Morpho,
75054,Polygon,tvl,2025-04-01 00:00:00,44169907.0,Morpho,
75055,Polygon,tvl,2025-04-02 00:00:00,48798076.0,Morpho,
75056,Polygon,tvl,2025-04-03 00:00:00,47658824.0,Morpho,
75057,Polygon,tvl,2025-04-04 00:00:00,63976851.0,Morpho,
75058,Polygon,tvl,2025-04-05 00:00:00,63548801.0,Morpho,
75059,Polygon,tvl,2025-04-06 00:00:00,64290428.0,Morpho,
75060,Polygon,tvl,2025-04-07 00:00:00,60983031.0,Morpho,
75061,Polygon,tvl,2025-04-08 00:00:00,63690699.0,Morpho,
75062,Polygon,tvl,2025-04-09 00:00:00,65293238.0,Morpho,
75063,Polygon,tvl,2025-04-10 00:00:00,63678234.0,Morpho,
75064,Polygon,tvl,2025-04-11 00:00:00,59194725.0,Morpho,
75065,Polygon,tvl,2025-04-12 00:00:00,57796086.0,Morpho,
75066,Polygon,tvl,2025-04-13 00:00:00,62707781.0,Morpho,
75067,Polygon,tvl,2025-04-14 00:00:00,61715108.0,Morpho,
75068,Polygon,tvl,2025-04-15 00:00:00,63232246.0,Morpho,
75069,Polygon,tvl,2025-04-16 00:00:00,55247097.0,Morpho,
75070,Polygon,tvl,2025-04-17 00:00:00,61774843.0,Morpho,
75071,Polygon,tvl,2025-04-18 00:00:00,65325717.0,Morpho,
75072,Polygon,tvl,2025-04-19 00:00:00,62503847.0,Morpho,
75073,Polygon,tvl,2025-04-20 00:00:00,65378041.0,Morpho,
75074,Polygon,tvl,2025-04-21 00:00:00,66007398.0,Morpho,
75075,Polygon,tvl,2025-04-22 00:00:00,71223629.0,Morpho,
75076,Polygon,tvl,2025-04-23 00:00:00,83840716.0,Morpho,
75077,Polygon,tvl,2025-04-24 00:00:00,84144682.0,Morpho,
75078,Polygon,tvl,2025-04-25 00:00:00,88514033.0,Morpho,
75079,Polygon,tvl,2025-04-26 00:00:00,94854469.0,Morpho,
75080,Polygon,tvl,2025-04-27 00:00:00,92637712.0,Morpho,
75081,Polygon,tvl,2025-04-28 00:00:00,93380786.0,Morpho,
75082,Polygon,tvl,2025-04-29 00:00:00,89496012.0,Morpho,
75083,Polygon,tvl,2025-04-30 00:00:00,88018102.0,Morpho,
75084,Polygon,tvl,2025-05-01 00:00:00,89183178.0,Morpho,
75085,Polygon,tvl,2025-05-02 00:00:00,91063580.0,Morpho,
75086,Polygon,tvl,2025-05-03 00:00:00,88605859.0,Morpho,
75087,Polygon,tvl,2025-05-04 00:00:00,88901528.0,Morpho,
75088,Polygon,tvl,2025-05-05 00:00:00,88211122.0,Morpho,
75089,Polygon,tvl,2025-05-06 00:00:00,85530462.0,Morpho,
75090,Polygon,tvl,2025-05-07 00:00:00,82426096.0,Morpho,
75091,Polygon,tvl,2025-05-08 00:00:00,84550351.0,Morpho,
75092,Polygon,tvl,2025-05-09 00:00:00,89194049.0,Morpho,
75093,Polygon,tvl,2025-05-10 00:00:00,99993345.0,Morpho,
75094,Polygon,tvl,2025-05-11 00:00:00,107681185.0,Morpho,
75095,Polygon,tvl,2025-05-12 00:00:00,106886461.0,Morpho,
75096,Polygon,tvl,2025-05-13 00:00:00,103224330.0,Morpho,
75097,Polygon,tvl,2025-05-14 00:00:00,114438742.0,Morpho,
75098,Polygon,tvl,2025-05-15 00:00:00,111510344.0,Morpho,
75099,Polygon,tvl,2025-05-16 00:00:00,113015495.0,Morpho,
75100,Polygon,tvl,2025-05-17 00:00:00,108871373.0,Morpho,
75101,Polygon,tvl,2025-05-18 00:00:00,102882630.0,Morpho,
75102,Polygon,tvl,2025-05-19 00:00:00,103643327.0,Morpho,
75103,Polygon,tvl,2025-05-20 00:00:00,108180081.0,Morpho,
75104,Polygon,tvl,2025-05-21 00:00:00,108817718.0,Morpho,
75105,Polygon,tvl,2025-05-22 00:00:00,110352547.0,Morpho,
75106,Polygon,tvl,2025-05-23 00:00:00,116963532.0,Morpho,
75107,Polygon,tvl,2025-05-24 00:00:00,108981574.0,Morpho,
75108,Polygon,tvl,2025-05-25 00:00:00,108522449.0,Morpho,
75109,Polygon,tvl,2025-05-26 00:00:00,109941428.0,Morpho,
75110,Polygon,tvl,2025-05-27 00:00:00,114589968.0,Morpho,
75111,Polygon,tvl,2025-05-28 00:00:00,114446308.0,Morpho,
75112,Polygon,tvl,2025-05-29 00:00:00,112124540.0,Morpho,
75113,Polygon,tvl,2025-05-30 00:00:00,112175167.0,Morpho,
75114,Polygon,tvl,2025-05-31 00:00:00,109772286.0,Morpho,
75115,Polygon,tvl,2025-06-01 00:00:00,110849995.0,Morpho,
75116,Polygon,tvl,2025-06-02 00:00:00,110735344.0,Morpho,
75117,Polygon,tvl,2025-06-03 00:00:00,110352878.0,Morpho,
75118,Polygon,tvl,2025-06-04 00:00:00,106765348.0,Morpho,
75119,Polygon,tvl,2025-06-05 00:00:00,112541148.0,Morpho,
75120,Polygon,tvl,2025-06-06 00:00:00,104341134.0,Morpho,
75121,Polygon,tvl,2025-06-07 00:00:00,104821715.0,Morpho,
75122,Polygon,tvl,2025-06-08 00:00:00,109363299.0,Morpho,
75123,Polygon,tvl,2025-06-09 00:00:00,107285974.0,Morpho,
75124,Polygon,tvl,2025-06-10 00:00:00,112517118.0,Morpho,
75125,Polygon,tvl,2025-06-11 00:00:00,117725960.0,Morpho,
75126,Polygon,tvl,2025-06-12 00:00:00,116013273.0,Morpho,
75127,Polygon,tvl,2025-06-13 00:00:00,106255000.0,Morpho,
75128,Polygon,tvl,2025-06-14 00:00:00,104449784.0,Morpho,
75129,Polygon,tvl,2025-06-15 00:00:00,102185203.0,Morpho,
75130,Polygon,tvl,2025-06-16 00:00:00,101320764.0,Morpho,
75131,Polygon,tvl,2025-06-17 00:00:00,100592129.0,Morpho,
75132,Polygon,tvl,2025-06-18 00:00:00,99172562.0,Morpho,
75133,Polygon,tvl,2025-06-19 00:00:00,92983350.0,Morpho,
75134,Polygon,tvl,2025-06-20 00:00:00,92663133.0,Morpho,
75135,Polygon,tvl,2025-06-21 00:00:00,88931578.0,Morpho,
75136,Polygon,tvl,2025-06-22 00:00:00,85502470.0,Morpho,
75137,Polygon,tvl,2025-06-23 00:00:00,82530385.0,Morpho,
75138,Polygon,tvl,2025-06-24 00:00:00,87570458.0,Morpho,
75139,Polygon,tvl,2025-06-25 00:00:00,88842195.0,Morpho,
75140,Polygon,tvl,2025-06-26 00:00:00,87063586.0,Morpho,
75141,Polygon,tvl,2025-06-27 00:00:00,86963010.0,Morpho,
75142,Polygon,tvl,2025-06-28 00:00:00,86729620.0,Morpho,
75143,Polygon,tvl,2025-06-29 00:00:00,88742691.0,Morpho,
75144,Polygon,tvl,2025-06-30 00:00:00,93619038.0,Morpho,
75145,Polygon,tvl,2025-07-01 00:00:00,91323921.0,Morpho,
75146,Polygon,tvl,2025-07-02 00:00:00,88116867.0,Morpho,
75147,Polygon,tvl,2025-07-03 00:00:00,91773980.0,Morpho,
75148,Polygon,tvl,2025-07-04 00:00:00,89449080.0,Morpho,
75149,Polygon,tvl,2025-07-05 00:00:00,87581276.0,Morpho,
75150,Polygon,tvl,2025-07-06 00:00:00,91570348.0,Morpho,
75151,Polygon,tvl,2025-07-07 00:00:00,92583012.0,Morpho,
75152,Polygon,tvl,2025-07-08 00:00:00,91453161.0,Morpho,
75153,Polygon,tvl,2025-07-09 00:00:00,91503833.0,Morpho,
75154,Polygon,tvl,2025-07-10 00:00:00,96094861.0,Morpho,
75155,Polygon,tvl,2025-07-11 00:00:00,80564627.0,Morpho,
75156,Polygon,tvl,2025-07-12 00:00:00,82126378.0,Morpho,
75157,Polygon,tvl,2025-07-13 00:00:00,78488406.0,Morpho,
75158,Polygon,tvl,2025-07-14 00:00:00,79722186.0,Morpho,
75159,Polygon,tvl,2025-07-15 00:00:00,80638451.0,Morpho,
75160,Polygon,tvl,2025-07-16 00:00:00,80603642.0,Morpho,
75161,Polygon,tvl,2025-07-17 00:00:00,82101389.0,Morpho,
75162,Polygon,tvl,2025-07-18 00:00:00,85700668.0,Morpho,
75163,Polygon,tvl,2025-07-19 00:00:00,84678478.0,Morpho,
75164,Polygon,tvl,2025-07-20 00:00:00,85332988.0,Morpho,
75165,Polygon,tvl,2025-07-21 00:00:00,83737791.0,Morpho,
75166,Polygon,tvl,2025-07-22 00:00:00,83990057.0,Morpho,
75167,Polygon,tvl,2025-07-23 00:00:00,85207907.0,Morpho,
75168,Polygon,tvl,2025-07-24 00:00:00,82627648.0,Morpho,
75169,Polygon,tvl,2025-07-25 00:00:00,80940634.0,Morpho,
75170,Polygon,tvl,2025-07-26 00:00:00,86396732.0,Morpho,
75171,Polygon,tvl,2025-07-27 00:00:00,86614211.0,Morpho,
75172,Polygon,tvl,2025-07-28 00:00:00,92870059.0,Morpho,
75173,Polygon,tvl,2025-07-29 00:00:00,89915425.0,Morpho,
75174,Polygon,tvl,2025-07-30 00:00:00,89561647.0,Morpho,
75175,Polygon,tvl,2025-07-31 00:00:00,88832367.0,Morpho,
75176,Polygon,tvl,2025-08-01 00:00:00,86416443.0,Morpho,
75177,Polygon,tvl,2025-08-02 00:00:00,81151056.0,Morpho,
75178,Polygon,tvl,2025-08-03 00:00:00,81829898.0,Morpho,
75179,Polygon,tvl,2025-08-04 00:00:00,83619203.0,Morpho,
75180,Polygon,tvl,2025-08-05 00:00:00,86065526.0,Morpho,
75181,Polygon,tvl,2025-08-06 00:00:00,84881118.0,Morpho,
75182,Polygon,tvl,2025-08-07 00:00:00,87189024.0,Morpho,
75183,Polygon,tvl,2025-08-08 00:00:00,88964913.0,Morpho,
75184,Polygon,tvl,2025-08-09 00:00:00,87987027.0,Morpho,
75185,Polygon,tvl,2025-08-10 00:00:00,91239073.0,Morpho,
75186,Polygon,tvl,2025-08-11 00:00:00,91907321.0,Morpho,
75187,Polygon,tvl,2025-08-12 00:00:00,90830718.0,Morpho,
75188,Polygon,tvl,2025-08-13 00:00:00,95113558.0,Morpho,
75189,Polygon,tvl,2025-08-14 00:00:00,96717141.0,Morpho,
75190,Polygon,tvl,2025-08-15 00:00:00,91031550.0,Morpho,
75191,Polygon,tvl,2025-08-16 00:00:00,89533103.0,Morpho,
75192,Polygon,tvl,2025-08-17 00:00:00,90736105.0,Morpho,
75193,Polygon,tvl,2025-08-18 00:00:00,91952935.0,Morpho,
75194,Polygon,tvl,2025-08-19 00:00:00,90231677.0,Morpho,
75195,Polygon,tvl,2025-08-20 00:00:00,86597766.0,Morpho,
75196,Polygon,tvl,2025-08-21 00:00:00,89108191.0,Morpho,
75197,Polygon,tvl,2025-08-22 00:00:00,84322844.0,Morpho,
75198,Polygon,tvl,2025-08-23 00:00:00,90000017.0,Morpho,
75199,Polygon,tvl,2025-08-24 00:00:00,87131036.0,Morpho,
75200,Polygon,tvl,2025-08-25 00:00:00,87587305.0,Morpho,
75201,Polygon,tvl,2025-08-26 00:00:00,79987642.0,Morpho,
75202,Polygon,tvl,2025-08-27 00:00:00,81234035.0,Morpho,
75203,Polygon,tvl,2025-08-28 00:00:00,80990529.0,Morpho,
75204,Polygon,tvl,2025-08-29 00:00:00,81556278.0,Morpho,
75205,Polygon,tvl,2025-08-30 00:00:00,78421060.0,Morpho,
75206,Polygon,tvl,2025-08-31 00:00:00,79690977.0,Morpho,
75207,Polygon,tvl,2025-09-01 00:00:00,81551452.0,Morpho,
75208,Polygon,tvl,2025-09-02 00:00:00,79929130.0,Morpho,
75209,Polygon,tvl,2025-09-03 00:00:00,82081604.0,Morpho,
75210,Polygon,tvl,2025-09-04 00:00:00,80097437.0,Morpho,
75211,Polygon,tvl,2025-09-05 00:00:00,78841321.0,Morpho,
75212,Polygon,tvl,2025-09-06 00:00:00,77494065.0,Morpho,
75213,Polygon,tvl,2025-09-07 00:00:00,76854510.0,Morpho,
75214,Polygon,tvl,2025-09-08 00:00:00,77323527.0,Morpho,
75215,Polygon,tvl,2025-09-09 00:00:00,76347584.0,Morpho,
75216,Polygon,tvl,2025-09-10 00:00:00,75957835.0,Morpho,
75217,Polygon,tvl,2025-09-11 00:00:00,76931632.0,Morpho,
75218,Polygon,tvl,2025-09-12 00:00:00,77711278.0,Morpho,
75219,Polygon,tvl,2025-09-13 00:00:00,77399950.0,Morpho,
75220,Polygon,tvl,2025-09-14 00:00:00,77092981.0,Morpho,
75221,Polygon,tvl,2025-09-15 00:00:00,75494736.0,Morpho,
75222,Polygon,tvl,2025-09-16 00:00:00,69989455.0,Morpho,
75223,Polygon,tvl,2025-09-17 00:00:00,70120964.0,Morpho,
75224,Polygon,tvl,2025-09-18 00:00:00,70253914.0,Morpho,
75225,Polygon,tvl,2025-09-19 00:00:00,68856013.0,Morpho,
75226,Polygon,tvl,2025-09-20 00:00:00,65921376.0,Morpho,
75227,Polygon,tvl,2025-09-21 00:00:00,65268232.0,Morpho,
75228,Polygon,tvl,2025-09-22 00:00:00,64245112.0,Morpho,
75229,Polygon,tvl,2025-09-23 00:00:00,60961196.0,Morpho,
75230,Polygon,tvl,2025-09-24 00:00:00,59781535.0,Morpho,
75231,Polygon,tvl,2025-09-25 00:00:00,59093563.0,Morpho,
75232,Polygon,tvl,2025-09-26 00:00:00,55540973.0,Morpho,
75233,Polygon,tvl,2025-09-27 00:00:00,56346825.0,Morpho,
75234,Polygon,tvl,2025-09-28 00:00:00,56486154.0,Morpho,
75235,Polygon,tvl,2025-09-29 00:00:00,57932182.0,Morpho,
75236,Polygon,tvl,2025-09-30 00:00:00,58320534.0,Morpho,
75237,Polygon,tvl,2025-10-01 00:00:00,58588099.0,Morpho,
75238,Polygon,tvl,2025-10-02 00:00:00,61213344.0,Morpho,
75239,Polygon,tvl,2025-10-03 00:00:00,56114553.0,Morpho,
75240,Polygon,tvl,2025-10-04 00:00:00,55992761.0,Morpho,
75241,Polygon,tvl,2025-10-05 00:00:00,55660016.0,Morpho,
75242,Polygon,tvl,2025-10-06 00:00:00,56000279.0,Morpho,
75243,Polygon,tvl,2025-10-07 00:00:00,57535114.0,Morpho,
75244,Polygon,tvl,2025-10-08 00:00:00,55711377.0,Morpho,
75245,Polygon,tvl,2025-10-09 00:00:00,55026276.0,Morpho,
75246,Polygon,tvl,2025-10-10 00:00:00,53565996.0,Morpho,
75247,Polygon,tvl,2025-10-11 00:00:00,46506353.0,Morpho,
75248,Polygon,tvl,2025-10-12 00:00:00,45413108.0,Morpho,
75249,Polygon,tvl,2025-10-13 00:00:00,44062956.0,Morpho,
75250,Polygon,tvl,2025-10-14 00:00:00,44686655.0,Morpho,
75251,Polygon,tvl,2025-10-15 00:00:00,43873897.0,Morpho,
75252,Polygon,tvl,2025-10-16 00:00:00,37664446.0,Morpho,
75253,Polygon,tvl,2025-10-17 00:00:00,37025721.0,Morpho,
75254,Polygon,tvl,2025-10-18 00:00:00,35917617.0,Morpho,
75255,Polygon,tvl,2025-10-19 00:00:00,36541992.0,Morpho,
75256,Polygon,tvl,2025-10-20 00:00:00,37550378.0,Morpho,
75257,Polygon,tvl,2025-10-21 00:00:00,39431415.0,Morpho,
75258,Polygon,tvl,2025-10-22 00:00:00,38630006.0,Morpho,
75259,Polygon,tvl,2025-10-23 00:00:00,37233963.0,Morpho,
75260,Polygon,tvl,2025-10-24 00:00:00,37483033.0,Morpho,
75261,Polygon,tvl,2025-10-25 00:00:00,37628802.0,Morpho,
75262,Polygon,tvl,2025-10-26 00:00:00,36603102.0,Morpho,
75263,Polygon,tvl,2025-10-27 00:00:00,37839943.0,Morpho,
75264,Polygon,tvl,2025-10-28 00:00:00,37078095.0,Morpho,
75265,Polygon,tvl,2025-10-29 00:00:00,36055508.0,Morpho,
75266,Polygon,tvl,2025-10-30 00:00:00,38450036.0,Morpho,
75267,Polygon,tvl,2025-10-31 00:00:00,35735608.0,Morpho,
75268,Polygon,tvl,2025-11-01 00:00:00,36511878.0,Morpho,
75269,Polygon,tvl,2025-11-02 00:00:00,36813513.0,Morpho,
75270,Polygon,tvl,2025-11-03 00:00:00,36577476.0,Morpho,
75271,Polygon,tvl,2025-11-04 00:00:00,34202338.0,Morpho,
75272,Polygon,tvl,2025-11-05 00:00:00,29803693.0,Morpho,
75273,Polygon,tvl,2025-11-06 00:00:00,29452502.0,Morpho,
75274,Polygon,tvl,2025-11-07 00:00:00,28213775.0,Morpho,
75275,Polygon,tvl,2025-11-08 00:00:00,31056375.0,Morpho,
75276,Polygon,tvl,2025-11-09 00:00:00,31477203.0,Morpho,
75277,Polygon,tvl,2025-11-10 00:00:00,32878503.0,Morpho,
75278,Polygon,tvl,2025-11-11 00:00:00,30484604.0,Morpho,
75279,Polygon,tvl,2025-11-12 00:00:00,30465653.0,Morpho,
75280,Polygon,tvl,2025-11-13 00:00:00,30430610.0,Morpho,
75281,Polygon,tvl,2025-11-14 00:00:00,29696498.0,Morpho,
75282,Polygon,tvl,2025-11-15 00:00:00,28283740.0,Morpho,
75283,Polygon,tvl,2025-11-16 00:00:00,29696371.0,Morpho,
75284,Polygon,tvl,2025-11-17 00:00:00,28829793.0,Morpho,
75285,Polygon,tvl,2025-11-18 00:00:00,27842789.0,Morpho,
75286,Polygon,tvl,2025-11-19 00:00:00,29607295.0,Morpho,
75287,Polygon,tvl,2025-11-20 00:00:00,28376028.0,Morpho,
75288,Polygon,tvl,2025-11-21 00:00:00,26842433.0,Morpho,
75289,Polygon,tvl,2025-11-22 00:00:00,23354668.0,Morpho,
75290,Polygon,tvl,2025-11-23 00:00:00,24832032.0,Morpho,
75291,Polygon,tvl,2025-11-24 00:00:00,24261580.0,Morpho,
75292,Polygon,tvl,2025-11-25 00:00:00,25148344.0,Morpho,
75293,Polygon,tvl,2025-11-26 00:00:00,25492879.0,Morpho,
75294,Polygon,tvl,2025-11-27 00:00:00,25870069.0,Morpho,
75295,Polygon,tvl,2025-11-28 00:00:00,25579590.0,Morpho,
75296,Polygon,tvl,2025-11-29 00:00:00,25240756.0,Morpho,
75297,Polygon,tvl,2025-11-30 00:00:00,25092207.0,Morpho,
75298,Polygon,tvl,2025-12-01 00:00:00,25556376.0,Morpho,
75299,Polygon,tvl,2025-12-02 00:00:00,23881187.0,Morpho,
75300,Polygon,tvl,2025-12-03 00:00:00,26436826.0,Morpho,
75301,Polygon,tvl,2025-12-04 00:00:00,26142220.0,Morpho,
75302,Polygon,tvl,2025-12-05 00:00:00,26394617.0,Morpho,
75303,Polygon,tvl,2025-12-06 00:00:00,25235810.0,Morpho,
75304,Polygon,tvl,2025-12-07 00:00:00,25772995.0,Morpho,
75305,Polygon,tvl,2025-12-08 00:00:00,25599176.0,Morpho,
75306,Polygon,tvl,2025-12-09 00:00:00,26136458.0,Morpho,
75307,Polygon,tvl,2025-12-10 00:00:00,26670459.0,Morpho,
75308,Polygon,tvl,2025-12-11 00:00:00,26330170.0,Morpho,
75309,Polygon,tvl,2025-12-12 00:00:00,26733562.0,Morpho,
75310,Polygon,tvl,2025-12-13 00:00:00,26336007.0,Morpho,
75311,Polygon,tvl,2025-12-14 00:00:00,26596154.0,Morpho,
75312,Polygon,tvl,2025-12-15 00:00:00,26049018.0,Morpho,
75313,Polygon,tvl,2025-12-16 00:00:00,24575127.0,Morpho,
75314,Polygon,tvl,2025-12-17 00:00:00,25259430.0,Morpho,
75315,Polygon,tvl,2025-12-18 00:00:00,24112942.0,Morpho,
75316,Polygon,tvl,2025-12-19 00:00:00,23497712.0,Morpho,
75317,Polygon,tvl,2025-12-20 00:00:00,24111037.0,Morpho,
75318,Polygon,tvl,2025-12-21 00:00:00,23641547.0,Morpho,
75319,Polygon,tvl,2025-12-22 00:00:00,23094166.0,Morpho,
75320,Polygon,tvl,2025-12-23 00:00:00,21083889.0,Morpho,
75321,Polygon,tvl,2025-12-24 00:00:00,17661161.0,Morpho,
75322,Polygon,tvl,2025-12-25 00:00:00,17443383.0,Morpho,
75323,Polygon,tvl,2025-12-26 00:00:00,17416555.0,Morpho,
75324,Polygon,tvl,2025-12-27 00:00:00,17223736.0,Morpho,
75325,Polygon,tvl,2025-12-28 00:00:00,17491533.0,Morpho,
75326,Polygon,tvl,2025-12-29 00:00:00,17478555.0,Morpho,
75327,Polygon,tvl,2025-12-30 00:00:00,17037551.0,Morpho,
75328,Polygon,tvl,2025-12-31 00:00:00,16714187.0,Morpho,
75329,Polygon,tvl,2026-01-01 00:00:00,16651802.0,Morpho,
75330,Polygon,tvl,2026-01-02 00:00:00,17876185.0,Morpho,
75331,Polygon,tvl,2026-01-03 00:00:00,18715345.0,Morpho,
75332,Polygon,tvl,2026-01-04 00:00:00,19017051.0,Morpho,
75333,Polygon,tvl,2026-01-05 00:00:00,19227370.0,Morpho,
75334,Polygon,tvl,2026-01-06 00:00:00,20110946.0,Morpho,
75335,Polygon,tvl,2026-01-07 00:00:00,19648746.0,Morpho,
75336,Polygon,tvl,2026-01-08 00:00:00,19673208.0,Morpho,
75337,Polygon,tvl,2026-01-09 00:00:00,20200731.0,Morpho,
75338,Polygon,tvl,2026-01-10 00:00:00,21312557.0,Morpho,
75339,Polygon,tvl,2026-01-11 00:00:00,23059250.0,Morpho,
75340,Polygon,tvl,2026-01-11 12:51:23,22713374.0,Morpho,
75520,Arbitrum,tvl,2025-01-26 00:00:00,0.0,Morpho,
75521,Arbitrum,tvl,2025-01-27 00:00:00,0.0,Morpho,
75522,Arbitrum,tvl,2025-01-28 00:00:00,0.0,Morpho,
75523,Arbitrum,tvl,2025-01-29 00:00:00,0.0,Morpho,
75524,Arbitrum,tvl,2025-01-30 00:00:00,0.0,Morpho,
75525,Arbitrum,tvl,2025-01-31 00:00:00,0.0,Morpho,
75526,Arbitrum,tvl,2025-02-01 00:00:00,0.0,Morpho,
75527,Arbitrum,tvl,2025-02-02 00:00:00,0.0,Morpho,
75528,Arbitrum,tvl,2025-02-03 00:00:00,0.0,Morpho,
75529,Arbitrum,tvl,2025-02-04 00:00:00,0.0,Morpho,
75530,Arbitrum,tvl,2025-02-05 00:00:00,0.0,Morpho,
75531,Arbitrum,tvl,2025-02-06 00:00:00,0.0,Morpho,
75532,Arbitrum,tvl,2025-02-07 00:00:00,0.0,Morpho,
75533,Arbitrum,tvl,2025-02-08 00:00:00,0.0,Morpho,
75534,Arbitrum,tvl,2025-02-09 00:00:00,0.0,Morpho,
75535,Arbitrum,tvl,2025-02-10 00:00:00,0.0,Morpho,
75536,Arbitrum,tvl,2025-02-11 00:00:00,0.0,Morpho,
75537,Arbitrum,tvl,2025-02-12 00:00:00,0.0,Morpho,
75538,Arbitrum,tvl,2025-02-13 00:00:00,0.0,Morpho,
75539,Arbitrum,tvl,2025-02-14 00:00:00,0.0,Morpho,
75540,Arbitrum,tvl,2025-02-15 00:00:00,0.0,Morpho,
75541,Arbitrum,tvl,2025-02-16 00:00:00,0.0,Morpho,
75542,Arbitrum,tvl,2025-02-17 00:00:00,0.0,Morpho,
75543,Arbitrum,tvl,2025-02-18 00:00:00,0.0,Morpho,
75544,Arbitrum,tvl,2025-02-19 00:00:00,0.0,Morpho,
75545,Arbitrum,tvl,2025-02-20 00:00:00,0.0,Morpho,
75546,Arbitrum,tvl,2025-02-21 00:00:00,0.0,Morpho,
75547,Arbitrum,tvl,2025-02-22 00:00:00,0.0,Morpho,
75548,Arbitrum,tvl,2025-02-23 00:00:00,0.0,Morpho,
75549,Arbitrum,tvl,2025-02-24 00:00:00,0.0,Morpho,
75550,Arbitrum,tvl,2025-02-25 00:00:00,0.0,Morpho,
75551,Arbitrum,tvl,2025-02-26 00:00:00,0.0,Morpho,
75552,Arbitrum,tvl,2025-02-27 00:00:00,0.0,Morpho,
75553,Arbitrum,tvl,2025-02-28 00:00:00,0.0,Morpho,
75554,Arbitrum,tvl,2025-03-01 00:00:00,0.0,Morpho,
75555,Arbitrum,tvl,2025-03-02 00:00:00,0.0,Morpho,
75556,Arbitrum,tvl,2025-03-03 00:00:00,0.0,Morpho,
75557,Arbitrum,tvl,2025-03-04 00:00:00,0.0,Morpho,
75558,Arbitrum,tvl,2025-03-05 00:00:00,0.0,Morpho,
75559,Arbitrum,tvl,2025-03-06 00:00:00,0.0,Morpho,
75560,Arbitrum,tvl,2025-03-07 00:00:00,0.0,Morpho,
75561,Arbitrum,tvl,2025-03-08 00:00:00,0.0,Morpho,
75562,Arbitrum,tvl,2025-03-09 00:00:00,0.0,Morpho,
75563,Arbitrum,tvl,2025-03-10 00:00:00,0.0,Morpho,
75564,Arbitrum,tvl,2025-03-11 00:00:00,0.0,Morpho,
75565,Arbitrum,tvl,2025-03-12 00:00:00,0.0,Morpho,
75566,Arbitrum,tvl,2025-03-13 00:00:00,0.0,Morpho,
75567,Arbitrum,tvl,2025-03-14 00:00:00,0.0,Morpho,
75568,Arbitrum,tvl,2025-03-15 00:00:00,1.0,Morpho,
75569,Arbitrum,tvl,2025-03-16 00:00:00,1.0,Morpho,
75570,Arbitrum,tvl,2025-03-17 00:00:00,1.0,Morpho,
75571,Arbitrum,tvl,2025-03-18 00:00:00,100.0,Morpho,
75572,Arbitrum,tvl,2025-03-19 00:00:00,100.0,Morpho,
75573,Arbitrum,tvl,2025-03-20 00:00:00,100.0,Morpho,
75574,Arbitrum,tvl,2025-03-21 00:00:00,100.0,Morpho,
75575,Arbitrum,tvl,2025-03-22 00:00:00,100.0,Morpho,
75576,Arbitrum,tvl,2025-03-23 00:00:00,100.0,Morpho,
75577,Arbitrum,tvl,2025-03-24 00:00:00,100.0,Morpho,
75578,Arbitrum,tvl,2025-03-25 00:00:00,100.0,Morpho,
75579,Arbitrum,tvl,2025-03-26 00:00:00,100.0,Morpho,
75580,Arbitrum,tvl,2025-03-27 00:00:00,100.0,Morpho,
75581,Arbitrum,tvl,2025-03-28 00:00:00,99.0,Morpho,
75582,Arbitrum,tvl,2025-03-29 00:00:00,99.0,Morpho,
75583,Arbitrum,tvl,2025-03-30 00:00:00,99.0,Morpho,
75584,Arbitrum,tvl,2025-03-31 00:00:00,99.0,Morpho,
75585,Arbitrum,tvl,2025-04-01 00:00:00,100.0,Morpho,
75586,Arbitrum,tvl,2025-04-02 00:00:00,100.0,Morpho,
75587,Arbitrum,tvl,2025-04-03 00:00:00,100.0,Morpho,
75588,Arbitrum,tvl,2025-04-04 00:00:00,99.0,Morpho,
75589,Arbitrum,tvl,2025-04-05 00:00:00,100.0,Morpho,
75590,Arbitrum,tvl,2025-04-06 00:00:00,100.0,Morpho,
75591,Arbitrum,tvl,2025-04-07 00:00:00,100.0,Morpho,
75592,Arbitrum,tvl,2025-04-08 00:00:00,95.0,Morpho,
75593,Arbitrum,tvl,2025-04-09 00:00:00,95.0,Morpho,
75594,Arbitrum,tvl,2025-04-10 00:00:00,95.0,Morpho,
75595,Arbitrum,tvl,2025-04-11 00:00:00,100.0,Morpho,
75596,Arbitrum,tvl,2025-04-12 00:00:00,98.0,Morpho,
75597,Arbitrum,tvl,2025-04-13 00:00:00,99.0,Morpho,
75598,Arbitrum,tvl,2025-04-14 00:00:00,99.0,Morpho,
75599,Arbitrum,tvl,2025-04-15 00:00:00,84.0,Morpho,
75600,Arbitrum,tvl,2025-04-16 00:00:00,100.0,Morpho,
75601,Arbitrum,tvl,2025-04-17 00:00:00,100.0,Morpho,
75602,Arbitrum,tvl,2025-04-18 00:00:00,100.0,Morpho,
75603,Arbitrum,tvl,2025-04-19 00:00:00,100.0,Morpho,
75604,Arbitrum,tvl,2025-04-20 00:00:00,100.0,Morpho,
75605,Arbitrum,tvl,2025-04-21 00:00:00,100.0,Morpho,
75606,Arbitrum,tvl,2025-04-22 00:00:00,100.0,Morpho,
75607,Arbitrum,tvl,2025-04-23 00:00:00,100.0,Morpho,
75608,Arbitrum,tvl,2025-04-24 00:00:00,100.0,Morpho,
75609,Arbitrum,tvl,2025-04-25 00:00:00,100.0,Morpho,
75610,Arbitrum,tvl,2025-04-26 00:00:00,100.0,Morpho,
75611,Arbitrum,tvl,2025-04-27 00:00:00,114.0,Morpho,
75612,Arbitrum,tvl,2025-04-28 00:00:00,114.0,Morpho,
75613,Arbitrum,tvl,2025-04-29 00:00:00,114.0,Morpho,
75614,Arbitrum,tvl,2025-04-30 00:00:00,118.0,Morpho,
75615,Arbitrum,tvl,2025-05-01 00:00:00,121.0,Morpho,
75616,Arbitrum,tvl,2025-05-02 00:00:00,127.0,Morpho,
75617,Arbitrum,tvl,2025-05-03 00:00:00,130.0,Morpho,
75618,Arbitrum,tvl,2025-05-04 00:00:00,129.0,Morpho,
75619,Arbitrum,tvl,2025-05-05 00:00:00,129.0,Morpho,
75620,Arbitrum,tvl,2025-05-06 00:00:00,155.0,Morpho,
75621,Arbitrum,tvl,2025-05-07 00:00:00,174.0,Morpho,
75622,Arbitrum,tvl,2025-05-08 00:00:00,152.0,Morpho,
75623,Arbitrum,tvl,2025-05-09 00:00:00,197.0,Morpho,
75624,Arbitrum,tvl,2025-05-10 00:00:00,206.0,Morpho,
75625,Arbitrum,tvl,2025-05-11 00:00:00,215.0,Morpho,
75626,Arbitrum,tvl,2025-05-12 00:00:00,213.0,Morpho,
75627,Arbitrum,tvl,2025-05-13 00:00:00,203.0,Morpho,
75628,Arbitrum,tvl,2025-05-14 00:00:00,211.0,Morpho,
75629,Arbitrum,tvl,2025-05-15 00:00:00,24362.0,Morpho,
75630,Arbitrum,tvl,2025-05-16 00:00:00,38540.0,Morpho,
75631,Arbitrum,tvl,2025-05-17 00:00:00,1050560.0,Morpho,
75632,Arbitrum,tvl,2025-05-18 00:00:00,906887.0,Morpho,
75633,Arbitrum,tvl,2025-05-19 00:00:00,794054.0,Morpho,
75634,Arbitrum,tvl,2025-05-20 00:00:00,694185.0,Morpho,
75635,Arbitrum,tvl,2025-05-21 00:00:00,507372.0,Morpho,
75636,Arbitrum,tvl,2025-05-22 00:00:00,507437.0,Morpho,
75637,Arbitrum,tvl,2025-05-23 00:00:00,508980.0,Morpho,
75638,Arbitrum,tvl,2025-05-24 00:00:00,509575.0,Morpho,
75639,Arbitrum,tvl,2025-05-25 00:00:00,310654.0,Morpho,
75640,Arbitrum,tvl,2025-05-26 00:00:00,149409.0,Morpho,
75641,Arbitrum,tvl,2025-05-27 00:00:00,94567.0,Morpho,
75642,Arbitrum,tvl,2025-05-28 00:00:00,94705.0,Morpho,
75643,Arbitrum,tvl,2025-05-29 00:00:00,89028.0,Morpho,
75644,Arbitrum,tvl,2025-05-30 00:00:00,88050.0,Morpho,
75645,Arbitrum,tvl,2025-05-31 00:00:00,86844.0,Morpho,
75646,Arbitrum,tvl,2025-06-01 00:00:00,89265.0,Morpho,
75647,Arbitrum,tvl,2025-06-02 00:00:00,79074.0,Morpho,
75648,Arbitrum,tvl,2025-06-03 00:00:00,60000.0,Morpho,
75649,Arbitrum,tvl,2025-06-04 00:00:00,59855.0,Morpho,
75650,Arbitrum,tvl,2025-06-05 00:00:00,59328.0,Morpho,
75651,Arbitrum,tvl,2025-06-06 00:00:00,58888.0,Morpho,
75652,Arbitrum,tvl,2025-06-07 00:00:00,59035.0,Morpho,
75653,Arbitrum,tvl,2025-06-08 00:00:00,59081.0,Morpho,
75654,Arbitrum,tvl,2025-06-09 00:00:00,23423.0,Morpho,
75655,Arbitrum,tvl,2025-06-10 00:00:00,421185.0,Morpho,
75656,Arbitrum,tvl,2025-06-11 00:00:00,304520.0,Morpho,
75657,Arbitrum,tvl,2025-06-12 00:00:00,350199.0,Morpho,
75658,Arbitrum,tvl,2025-06-13 00:00:00,272345.0,Morpho,
75659,Arbitrum,tvl,2025-06-14 00:00:00,272605.0,Morpho,
75660,Arbitrum,tvl,2025-06-15 00:00:00,275939.0,Morpho,
75661,Arbitrum,tvl,2025-06-16 00:00:00,679981.0,Morpho,
75662,Arbitrum,tvl,2025-06-17 00:00:00,628724.0,Morpho,
75663,Arbitrum,tvl,2025-06-18 00:00:00,629045.0,Morpho,
75664,Arbitrum,tvl,2025-06-19 00:00:00,1380900.0,Morpho,
75665,Arbitrum,tvl,2025-06-20 00:00:00,1365799.0,Morpho,
75666,Arbitrum,tvl,2025-06-21 00:00:00,1366255.0,Morpho,
75667,Arbitrum,tvl,2025-06-22 00:00:00,1359397.0,Morpho,
75668,Arbitrum,tvl,2025-06-23 00:00:00,1361086.0,Morpho,
75669,Arbitrum,tvl,2025-06-24 00:00:00,1307922.0,Morpho,
75670,Arbitrum,tvl,2025-06-25 00:00:00,1309996.0,Morpho,
75671,Arbitrum,tvl,2025-06-26 00:00:00,1280476.0,Morpho,
75672,Arbitrum,tvl,2025-06-27 00:00:00,1302584.0,Morpho,
75673,Arbitrum,tvl,2025-06-28 00:00:00,1301234.0,Morpho,
75674,Arbitrum,tvl,2025-06-29 00:00:00,1177339.0,Morpho,
75675,Arbitrum,tvl,2025-06-30 00:00:00,1176751.0,Morpho,
75676,Arbitrum,tvl,2025-07-01 00:00:00,1196887.0,Morpho,
75677,Arbitrum,tvl,2025-07-02 00:00:00,976059.0,Morpho,
75678,Arbitrum,tvl,2025-07-03 00:00:00,885862.0,Morpho,
75679,Arbitrum,tvl,2025-07-04 00:00:00,803109.0,Morpho,
75680,Arbitrum,tvl,2025-07-05 00:00:00,760233.0,Morpho,
75681,Arbitrum,tvl,2025-07-06 00:00:00,663828.0,Morpho,
75682,Arbitrum,tvl,2025-07-07 00:00:00,534039.0,Morpho,
75683,Arbitrum,tvl,2025-07-08 00:00:00,452925.0,Morpho,
75684,Arbitrum,tvl,2025-07-09 00:00:00,478751.0,Morpho,
75685,Arbitrum,tvl,2025-07-10 00:00:00,574480.0,Morpho,
75686,Arbitrum,tvl,2025-07-11 00:00:00,2172.0,Morpho,
75687,Arbitrum,tvl,2025-07-12 00:00:00,2173.0,Morpho,
75688,Arbitrum,tvl,2025-07-13 00:00:00,2174.0,Morpho,
75689,Arbitrum,tvl,2025-07-14 00:00:00,2174.0,Morpho,
75690,Arbitrum,tvl,2025-07-15 00:00:00,2175.0,Morpho,
75691,Arbitrum,tvl,2025-07-16 00:00:00,2189.0,Morpho,
75692,Arbitrum,tvl,2025-07-17 00:00:00,2199.0,Morpho,
75693,Arbitrum,tvl,2025-07-18 00:00:00,2204.0,Morpho,
75694,Arbitrum,tvl,2025-07-19 00:00:00,2247.0,Morpho,
75695,Arbitrum,tvl,2025-07-20 00:00:00,2295.0,Morpho,
75696,Arbitrum,tvl,2025-07-21 00:00:00,2304.0,Morpho,
75697,Arbitrum,tvl,2025-07-22 00:00:00,2300.0,Morpho,
75698,Arbitrum,tvl,2025-07-23 00:00:00,18196.0,Morpho,
75699,Arbitrum,tvl,2025-07-24 00:00:00,25771.0,Morpho,
75700,Arbitrum,tvl,2025-07-25 00:00:00,27845.0,Morpho,
75701,Arbitrum,tvl,2025-07-26 00:00:00,24491.0,Morpho,
75702,Arbitrum,tvl,2025-07-27 00:00:00,28080.0,Morpho,
75703,Arbitrum,tvl,2025-07-28 00:00:00,28901.0,Morpho,
75704,Arbitrum,tvl,2025-07-29 00:00:00,128774.0,Morpho,
75705,Arbitrum,tvl,2025-07-30 00:00:00,128822.0,Morpho,
75706,Arbitrum,tvl,2025-07-31 00:00:00,128856.0,Morpho,
75707,Arbitrum,tvl,2025-08-01 00:00:00,127592.0,Morpho,
75708,Arbitrum,tvl,2025-08-02 00:00:00,127818.0,Morpho,
75709,Arbitrum,tvl,2025-08-03 00:00:00,427491.0,Morpho,
75710,Arbitrum,tvl,2025-08-04 00:00:00,425331.0,Morpho,
75711,Arbitrum,tvl,2025-08-05 00:00:00,429295.0,Morpho,
75712,Arbitrum,tvl,2025-08-06 00:00:00,427194.0,Morpho,
75713,Arbitrum,tvl,2025-08-07 00:00:00,431695.0,Morpho,
75714,Arbitrum,tvl,2025-08-08 00:00:00,441148.0,Morpho,
75715,Arbitrum,tvl,2025-08-09 00:00:00,447333.0,Morpho,
75716,Arbitrum,tvl,2025-08-10 00:00:00,450258.0,Morpho,
75717,Arbitrum,tvl,2025-08-11 00:00:00,460141.0,Morpho,
75718,Arbitrum,tvl,2025-08-12 00:00:00,573837.0,Morpho,
75719,Arbitrum,tvl,2025-08-13 00:00:00,1694658.0,Morpho,
75720,Arbitrum,tvl,2025-08-14 00:00:00,6258518.0,Morpho,
75721,Arbitrum,tvl,2025-08-15 00:00:00,6960803.0,Morpho,
75722,Arbitrum,tvl,2025-08-16 00:00:00,8707747.0,Morpho,
75723,Arbitrum,tvl,2025-08-17 00:00:00,9124682.0,Morpho,
75724,Arbitrum,tvl,2025-08-18 00:00:00,9270588.0,Morpho,
75725,Arbitrum,tvl,2025-08-19 00:00:00,9243195.0,Morpho,
75726,Arbitrum,tvl,2025-08-20 00:00:00,14243404.0,Morpho,
75727,Arbitrum,tvl,2025-08-21 00:00:00,17069325.0,Morpho,
75728,Arbitrum,tvl,2025-08-22 00:00:00,17404789.0,Morpho,
75729,Arbitrum,tvl,2025-08-23 00:00:00,17986296.0,Morpho,
75730,Arbitrum,tvl,2025-08-24 00:00:00,17193965.0,Morpho,
75731,Arbitrum,tvl,2025-08-25 00:00:00,18614806.0,Morpho,
75732,Arbitrum,tvl,2025-08-26 00:00:00,18339019.0,Morpho,
75733,Arbitrum,tvl,2025-08-27 00:00:00,19900520.0,Morpho,
75734,Arbitrum,tvl,2025-08-28 00:00:00,19355079.0,Morpho,
75735,Arbitrum,tvl,2025-08-29 00:00:00,19040545.0,Morpho,
75736,Arbitrum,tvl,2025-08-30 00:00:00,20076158.0,Morpho,
75737,Arbitrum,tvl,2025-08-31 00:00:00,21697738.0,Morpho,
75738,Arbitrum,tvl,2025-09-01 00:00:00,22063150.0,Morpho,
75739,Arbitrum,tvl,2025-09-02 00:00:00,21976959.0,Morpho,
75740,Arbitrum,tvl,2025-09-03 00:00:00,22838358.0,Morpho,
75741,Arbitrum,tvl,2025-09-04 00:00:00,50122716.0,Morpho,
75742,Arbitrum,tvl,2025-09-05 00:00:00,60509695.0,Morpho,
75743,Arbitrum,tvl,2025-09-06 00:00:00,66187584.0,Morpho,
75744,Arbitrum,tvl,2025-09-07 00:00:00,64055166.0,Morpho,
75745,Arbitrum,tvl,2025-09-08 00:00:00,64948551.0,Morpho,
75746,Arbitrum,tvl,2025-09-09 00:00:00,74295035.0,Morpho,
75747,Arbitrum,tvl,2025-09-10 00:00:00,98097457.0,Morpho,
75748,Arbitrum,tvl,2025-09-11 00:00:00,103230070.0,Morpho,
75749,Arbitrum,tvl,2025-09-12 00:00:00,99203447.0,Morpho,
75750,Arbitrum,tvl,2025-09-13 00:00:00,104304640.0,Morpho,
75751,Arbitrum,tvl,2025-09-14 00:00:00,105012788.0,Morpho,
75752,Arbitrum,tvl,2025-09-15 00:00:00,104643820.0,Morpho,
75753,Arbitrum,tvl,2025-09-16 00:00:00,102057291.0,Morpho,
75754,Arbitrum,tvl,2025-09-17 00:00:00,99716700.0,Morpho,
75755,Arbitrum,tvl,2025-09-18 00:00:00,114095303.0,Morpho,
75756,Arbitrum,tvl,2025-09-19 00:00:00,110649464.0,Morpho,
75757,Arbitrum,tvl,2025-09-20 00:00:00,126706148.0,Morpho,
75758,Arbitrum,tvl,2025-09-21 00:00:00,133980970.0,Morpho,
75759,Arbitrum,tvl,2025-09-22 00:00:00,134362589.0,Morpho,
75760,Arbitrum,tvl,2025-09-23 00:00:00,135229008.0,Morpho,
75761,Arbitrum,tvl,2025-09-24 00:00:00,143063237.0,Morpho,
75762,Arbitrum,tvl,2025-09-25 00:00:00,140787575.0,Morpho,
75763,Arbitrum,tvl,2025-09-26 00:00:00,137791149.0,Morpho,
75764,Arbitrum,tvl,2025-09-27 00:00:00,156561977.0,Morpho,
75765,Arbitrum,tvl,2025-09-28 00:00:00,146066458.0,Morpho,
75766,Arbitrum,tvl,2025-09-29 00:00:00,151819834.0,Morpho,
75767,Arbitrum,tvl,2025-09-30 00:00:00,179785289.0,Morpho,
75768,Arbitrum,tvl,2025-10-01 00:00:00,174402848.0,Morpho,
75769,Arbitrum,tvl,2025-10-02 00:00:00,193478953.0,Morpho,
75770,Arbitrum,tvl,2025-10-03 00:00:00,210447592.0,Morpho,
75771,Arbitrum,tvl,2025-10-04 00:00:00,213186883.0,Morpho,
75772,Arbitrum,tvl,2025-10-05 00:00:00,209281211.0,Morpho,
75773,Arbitrum,tvl,2025-10-06 00:00:00,211136739.0,Morpho,
75774,Arbitrum,tvl,2025-10-07 00:00:00,217514012.0,Morpho,
75775,Arbitrum,tvl,2025-10-08 00:00:00,229371739.0,Morpho,
75776,Arbitrum,tvl,2025-10-09 00:00:00,234608854.0,Morpho,
75777,Arbitrum,tvl,2025-10-10 00:00:00,246172527.0,Morpho,
75778,Arbitrum,tvl,2025-10-11 00:00:00,236491063.0,Morpho,
75779,Arbitrum,tvl,2025-10-12 00:00:00,235408925.0,Morpho,
75780,Arbitrum,tvl,2025-10-13 00:00:00,243829336.0,Morpho,
75781,Arbitrum,tvl,2025-10-14 00:00:00,238501973.0,Morpho,
75782,Arbitrum,tvl,2025-10-15 00:00:00,235055333.0,Morpho,
75783,Arbitrum,tvl,2025-10-16 00:00:00,240302153.0,Morpho,
75784,Arbitrum,tvl,2025-10-17 00:00:00,236913937.0,Morpho,
75785,Arbitrum,tvl,2025-10-18 00:00:00,239648708.0,Morpho,
75786,Arbitrum,tvl,2025-10-19 00:00:00,262165139.0,Morpho,
75787,Arbitrum,tvl,2025-10-20 00:00:00,263803364.0,Morpho,
75788,Arbitrum,tvl,2025-10-21 00:00:00,260730201.0,Morpho,
75789,Arbitrum,tvl,2025-10-22 00:00:00,263484836.0,Morpho,
75790,Arbitrum,tvl,2025-10-23 00:00:00,259710981.0,Morpho,
75791,Arbitrum,tvl,2025-10-24 00:00:00,256688772.0,Morpho,
75792,Arbitrum,tvl,2025-10-25 00:00:00,261131941.0,Morpho,
75793,Arbitrum,tvl,2025-10-26 00:00:00,261510336.0,Morpho,
75794,Arbitrum,tvl,2025-10-27 00:00:00,240161649.0,Morpho,
75795,Arbitrum,tvl,2025-10-28 00:00:00,254399241.0,Morpho,
75796,Arbitrum,tvl,2025-10-29 00:00:00,257584589.0,Morpho,
75797,Arbitrum,tvl,2025-10-30 00:00:00,254469959.0,Morpho,
75798,Arbitrum,tvl,2025-10-31 00:00:00,247980887.0,Morpho,
75799,Arbitrum,tvl,2025-11-01 00:00:00,245324812.0,Morpho,
75800,Arbitrum,tvl,2025-11-02 00:00:00,248032449.0,Morpho,
75801,Arbitrum,tvl,2025-11-03 00:00:00,250004802.0,Morpho,
75802,Arbitrum,tvl,2025-11-04 00:00:00,238475746.0,Morpho,
75803,Arbitrum,tvl,2025-11-05 00:00:00,170898807.0,Morpho,
75804,Arbitrum,tvl,2025-11-06 00:00:00,160206045.0,Morpho,
75805,Arbitrum,tvl,2025-11-07 00:00:00,156497161.0,Morpho,
75806,Arbitrum,tvl,2025-11-08 00:00:00,158280227.0,Morpho,
75807,Arbitrum,tvl,2025-11-09 00:00:00,157595061.0,Morpho,
75808,Arbitrum,tvl,2025-11-10 00:00:00,156243378.0,Morpho,
75809,Arbitrum,tvl,2025-11-11 00:00:00,160534338.0,Morpho,
75810,Arbitrum,tvl,2025-11-12 00:00:00,165968853.0,Morpho,
75811,Arbitrum,tvl,2025-11-13 00:00:00,146929004.0,Morpho,
75812,Arbitrum,tvl,2025-11-14 00:00:00,139315391.0,Morpho,
75813,Arbitrum,tvl,2025-11-15 00:00:00,139193243.0,Morpho,
75814,Arbitrum,tvl,2025-11-16 00:00:00,137216185.0,Morpho,
75815,Arbitrum,tvl,2025-11-17 00:00:00,137407458.0,Morpho,
75816,Arbitrum,tvl,2025-11-18 00:00:00,134417299.0,Morpho,
75817,Arbitrum,tvl,2025-11-19 00:00:00,132227639.0,Morpho,
75818,Arbitrum,tvl,2025-11-20 00:00:00,130122849.0,Morpho,
75819,Arbitrum,tvl,2025-11-21 00:00:00,115546676.0,Morpho,
75820,Arbitrum,tvl,2025-11-22 00:00:00,106942858.0,Morpho,
75821,Arbitrum,tvl,2025-11-23 00:00:00,103109810.0,Morpho,
75822,Arbitrum,tvl,2025-11-24 00:00:00,99269311.0,Morpho,
75823,Arbitrum,tvl,2025-11-25 00:00:00,96437650.0,Morpho,
75824,Arbitrum,tvl,2025-11-26 00:00:00,101003192.0,Morpho,
75825,Arbitrum,tvl,2025-11-27 00:00:00,107468163.0,Morpho,
75826,Arbitrum,tvl,2025-11-28 00:00:00,114194294.0,Morpho,
75827,Arbitrum,tvl,2025-11-29 00:00:00,115974092.0,Morpho,
75828,Arbitrum,tvl,2025-11-30 00:00:00,115881745.0,Morpho,
75829,Arbitrum,tvl,2025-12-01 00:00:00,114647614.0,Morpho,
75830,Arbitrum,tvl,2025-12-02 00:00:00,110940523.0,Morpho,
75831,Arbitrum,tvl,2025-12-03 00:00:00,110548621.0,Morpho,
75832,Arbitrum,tvl,2025-12-04 00:00:00,112120052.0,Morpho,
75833,Arbitrum,tvl,2025-12-05 00:00:00,115896061.0,Morpho,
75834,Arbitrum,tvl,2025-12-06 00:00:00,119152320.0,Morpho,
75835,Arbitrum,tvl,2025-12-07 00:00:00,118945987.0,Morpho,
75836,Arbitrum,tvl,2025-12-08 00:00:00,120183591.0,Morpho,
75837,Arbitrum,tvl,2025-12-09 00:00:00,122815354.0,Morpho,
75838,Arbitrum,tvl,2025-12-10 00:00:00,119764080.0,Morpho,
75839,Arbitrum,tvl,2025-12-11 00:00:00,125381895.0,Morpho,
75840,Arbitrum,tvl,2025-12-12 00:00:00,124855031.0,Morpho,
75841,Arbitrum,tvl,2025-12-13 00:00:00,120310030.0,Morpho,
75842,Arbitrum,tvl,2025-12-14 00:00:00,122991215.0,Morpho,
75843,Arbitrum,tvl,2025-12-15 00:00:00,122937284.0,Morpho,
75844,Arbitrum,tvl,2025-12-16 00:00:00,119493292.0,Morpho,
75845,Arbitrum,tvl,2025-12-17 00:00:00,125056555.0,Morpho,
75846,Arbitrum,tvl,2025-12-18 00:00:00,119289348.0,Morpho,
75847,Arbitrum,tvl,2025-12-19 00:00:00,122611875.0,Morpho,
75848,Arbitrum,tvl,2025-12-20 00:00:00,126030171.0,Morpho,
75849,Arbitrum,tvl,2025-12-21 00:00:00,123911758.0,Morpho,
75850,Arbitrum,tvl,2025-12-22 00:00:00,124328112.0,Morpho,
75851,Arbitrum,tvl,2025-12-23 00:00:00,125350843.0,Morpho,
75852,Arbitrum,tvl,2025-12-24 00:00:00,122470766.0,Morpho,
75853,Arbitrum,tvl,2025-12-25 00:00:00,131658362.0,Morpho,
75854,Arbitrum,tvl,2025-12-26 00:00:00,136276774.0,Morpho,
75855,Arbitrum,tvl,2025-12-27 00:00:00,137595784.0,Morpho,
75856,Arbitrum,tvl,2025-12-28 00:00:00,139919163.0,Morpho,
75857,Arbitrum,tvl,2025-12-29 00:00:00,140161892.0,Morpho,
75858,Arbitrum,tvl,2025-12-30 00:00:00,149064256.0,Morpho,
75859,Arbitrum,tvl,2025-12-31 00:00:00,203015597.0,Morpho,
75860,Arbitrum,tvl,2026-01-01 00:00:00,207118224.0,Morpho,
75861,Arbitrum,tvl,2026-01-02 00:00:00,223983146.0,Morpho,
75862,Arbitrum,tvl,2026-01-03 00:00:00,225545519.0,Morpho,
75863,Arbitrum,tvl,2026-01-04 00:00:00,230125076.0,Morpho,
75864,Arbitrum,tvl,2026-01-05 00:00:00,233663475.0,Morpho,
75865,Arbitrum,tvl,2026-01-06 00:00:00,245244152.0,Morpho,
75866,Arbitrum,tvl,2026-01-07 00:00:00,232124080.0,Morpho,
75867,Arbitrum,tvl,2026-01-08 00:00:00,246234623.0,Morpho,
75868,Arbitrum,tvl,2026-01-09 00:00:00,250634512.0,Morpho,
75869,Arbitrum,tvl,2026-01-10 00:00:00,252793934.0,Morpho,
75870,Arbitrum,tvl,2026-01-11 00:00:00,257006431.0,Morpho,
75871,Arbitrum,tvl,2026-01-11 12:51:23,263809047.0,Morpho,
77481,Base,tvl,2025-01-01 00:00:00,354167232.0,Morpho,
77482,Base,tvl,2025-01-02 00:00:00,371392754.0,Morpho,
77483,Base,tvl,2025-01-03 00:00:00,387762572.0,Morpho,
77484,Base,tvl,2025-01-04 00:00:00,401005101.0,Morpho,
77485,Base,tvl,2025-01-05 00:00:00,404985436.0,Morpho,
77486,Base,tvl,2025-01-06 00:00:00,414563388.0,Morpho,
77487,Base,tvl,2025-01-07 00:00:00,428938987.0,Morpho,
77488,Base,tvl,2025-01-08 00:00:00,396571594.0,Morpho,
77489,Base,tvl,2025-01-09 00:00:00,402330078.0,Morpho,
77490,Base,tvl,2025-01-10 00:00:00,394104401.0,Morpho,
77491,Base,tvl,2025-01-11 00:00:00,418395651.0,Morpho,
77492,Base,tvl,2025-01-12 00:00:00,415565231.0,Morpho,
77493,Base,tvl,2025-01-13 00:00:00,407786672.0,Morpho,
77494,Base,tvl,2025-01-14 00:00:00,396066128.0,Morpho,
77495,Base,tvl,2025-01-15 00:00:00,414705926.0,Morpho,
77496,Base,tvl,2025-01-16 00:00:00,438511643.0,Morpho,
77497,Base,tvl,2025-01-17 00:00:00,422652915.0,Morpho,
77498,Base,tvl,2025-01-18 00:00:00,458490212.0,Morpho,
77499,Base,tvl,2025-01-19 00:00:00,511832890.0,Morpho,
77500,Base,tvl,2025-01-20 00:00:00,516311201.0,Morpho,
77501,Base,tvl,2025-01-21 00:00:00,515986450.0,Morpho,
77502,Base,tvl,2025-01-22 00:00:00,531324532.0,Morpho,
77503,Base,tvl,2025-01-23 00:00:00,521930016.0,Morpho,
77504,Base,tvl,2025-01-24 00:00:00,532457523.0,Morpho,
77505,Base,tvl,2025-01-25 00:00:00,544882756.0,Morpho,
77506,Base,tvl,2025-01-26 00:00:00,544347332.0,Morpho,
77507,Base,tvl,2025-01-27 00:00:00,542634605.0,Morpho,
77508,Base,tvl,2025-01-28 00:00:00,527281960.0,Morpho,
77509,Base,tvl,2025-01-29 00:00:00,523177202.0,Morpho,
77510,Base,tvl,2025-01-30 00:00:00,537370567.0,Morpho,
77511,Base,tvl,2025-01-31 00:00:00,551611035.0,Morpho,
77512,Base,tvl,2025-02-01 00:00:00,512716406.0,Morpho,
77513,Base,tvl,2025-02-02 00:00:00,495790326.0,Morpho,
77514,Base,tvl,2025-02-03 00:00:00,458388041.0,Morpho,
77515,Base,tvl,2025-02-04 00:00:00,463973828.0,Morpho,
77516,Base,tvl,2025-02-05 00:00:00,447135436.0,Morpho,
77517,Base,tvl,2025-02-06 00:00:00,444502688.0,Morpho,
77518,Base,tvl,2025-02-07 00:00:00,436794706.0,Morpho,
77519,Base,tvl,2025-02-08 00:00:00,449636978.0,Morpho,
77520,Base,tvl,2025-02-09 00:00:00,448748183.0,Morpho,
77521,Base,tvl,2025-02-10 00:00:00,451421195.0,Morpho,
77522,Base,tvl,2025-02-11 00:00:00,454016291.0,Morpho,
77523,Base,tvl,2025-02-12 00:00:00,448579013.0,Morpho,
77524,Base,tvl,2025-02-13 00:00:00,471266849.0,Morpho,
77525,Base,tvl,2025-02-14 00:00:00,513427601.0,Morpho,
77526,Base,tvl,2025-02-15 00:00:00,513222763.0,Morpho,
77527,Base,tvl,2025-02-16 00:00:00,507504886.0,Morpho,
77528,Base,tvl,2025-02-17 00:00:00,501317989.0,Morpho,
77529,Base,tvl,2025-02-18 00:00:00,504477667.0,Morpho,
77530,Base,tvl,2025-02-19 00:00:00,507030513.0,Morpho,
77531,Base,tvl,2025-02-20 00:00:00,511036546.0,Morpho,
77532,Base,tvl,2025-02-21 00:00:00,523522884.0,Morpho,
77533,Base,tvl,2025-02-22 00:00:00,496071819.0,Morpho,
77534,Base,tvl,2025-02-23 00:00:00,503797098.0,Morpho,
77535,Base,tvl,2025-02-24 00:00:00,509078891.0,Morpho,
77536,Base,tvl,2025-02-25 00:00:00,473467697.0,Morpho,
77537,Base,tvl,2025-02-26 00:00:00,479476344.0,Morpho,
77538,Base,tvl,2025-02-27 00:00:00,450393488.0,Morpho,
77539,Base,tvl,2025-02-28 00:00:00,452471966.0,Morpho,
77540,Base,tvl,2025-03-01 00:00:00,451532021.0,Morpho,
77541,Base,tvl,2025-03-02 00:00:00,460209489.0,Morpho,
77542,Base,tvl,2025-03-03 00:00:00,506975266.0,Morpho,
77543,Base,tvl,2025-03-04 00:00:00,459362775.0,Morpho,
77544,Base,tvl,2025-03-05 00:00:00,465828904.0,Morpho,
77545,Base,tvl,2025-03-06 00:00:00,482347926.0,Morpho,
77546,Base,tvl,2025-03-07 00:00:00,472665150.0,Morpho,
77547,Base,tvl,2025-03-08 00:00:00,461922452.0,Morpho,
77548,Base,tvl,2025-03-09 00:00:00,465053182.0,Morpho,
77549,Base,tvl,2025-03-10 00:00:00,432584026.0,Morpho,
77550,Base,tvl,2025-03-11 00:00:00,444583869.0,Morpho,
77551,Base,tvl,2025-03-12 00:00:00,488751243.0,Morpho,
77552,Base,tvl,2025-03-13 00:00:00,500370219.0,Morpho,
77553,Base,tvl,2025-03-14 00:00:00,490865024.0,Morpho,
77554,Base,tvl,2025-03-15 00:00:00,511692680.0,Morpho,
77555,Base,tvl,2025-03-16 00:00:00,510844697.0,Morpho,
77556,Base,tvl,2025-03-17 00:00:00,517674354.0,Morpho,
77557,Base,tvl,2025-03-18 00:00:00,525990409.0,Morpho,
77558,Base,tvl,2025-03-19 00:00:00,520611821.0,Morpho,
77559,Base,tvl,2025-03-20 00:00:00,566120739.0,Morpho,
77560,Base,tvl,2025-03-21 00:00:00,535436240.0,Morpho,
77561,Base,tvl,2025-03-22 00:00:00,513114915.0,Morpho,
77562,Base,tvl,2025-03-23 00:00:00,515770310.0,Morpho,
77563,Base,tvl,2025-03-24 00:00:00,529124353.0,Morpho,
77564,Base,tvl,2025-03-25 00:00:00,530032279.0,Morpho,
77565,Base,tvl,2025-03-26 00:00:00,517408537.0,Morpho,
77566,Base,tvl,2025-03-27 00:00:00,528162591.0,Morpho,
77567,Base,tvl,2025-03-28 00:00:00,528169198.0,Morpho,
77568,Base,tvl,2025-03-29 00:00:00,522076215.0,Morpho,
77569,Base,tvl,2025-03-30 00:00:00,509375143.0,Morpho,
77570,Base,tvl,2025-03-31 00:00:00,508057087.0,Morpho,
77571,Base,tvl,2025-04-01 00:00:00,515437636.0,Morpho,
77572,Base,tvl,2025-04-02 00:00:00,488976392.0,Morpho,
77573,Base,tvl,2025-04-03 00:00:00,483075908.0,Morpho,
77574,Base,tvl,2025-04-04 00:00:00,487277146.0,Morpho,
77575,Base,tvl,2025-04-05 00:00:00,504244191.0,Morpho,
77576,Base,tvl,2025-04-06 00:00:00,504901631.0,Morpho,
77577,Base,tvl,2025-04-07 00:00:00,469820076.0,Morpho,
77578,Base,tvl,2025-04-08 00:00:00,454356102.0,Morpho,
77579,Base,tvl,2025-04-09 00:00:00,427126283.0,Morpho,
77580,Base,tvl,2025-04-10 00:00:00,449847963.0,Morpho,
77581,Base,tvl,2025-04-11 00:00:00,431707607.0,Morpho,
77582,Base,tvl,2025-04-12 00:00:00,454898077.0,Morpho,
77583,Base,tvl,2025-04-13 00:00:00,470815600.0,Morpho,
77584,Base,tvl,2025-04-14 00:00:00,471549220.0,Morpho,
77585,Base,tvl,2025-04-15 00:00:00,472449412.0,Morpho,
77586,Base,tvl,2025-04-16 00:00:00,470531165.0,Morpho,
77587,Base,tvl,2025-04-17 00:00:00,471068776.0,Morpho,
77588,Base,tvl,2025-04-18 00:00:00,473386995.0,Morpho,
77589,Base,tvl,2025-04-19 00:00:00,474373576.0,Morpho,
77590,Base,tvl,2025-04-20 00:00:00,480492858.0,Morpho,
77591,Base,tvl,2025-04-21 00:00:00,485743805.0,Morpho,
77592,Base,tvl,2025-04-22 00:00:00,490740955.0,Morpho,
77593,Base,tvl,2025-04-23 00:00:00,540313602.0,Morpho,
77594,Base,tvl,2025-04-24 00:00:00,536848037.0,Morpho,
77595,Base,tvl,2025-04-25 00:00:00,522404607.0,Morpho,
77596,Base,tvl,2025-04-26 00:00:00,528855028.0,Morpho,
77597,Base,tvl,2025-04-27 00:00:00,537370846.0,Morpho,
77598,Base,tvl,2025-04-28 00:00:00,538024046.0,Morpho,
77599,Base,tvl,2025-04-29 00:00:00,543297517.0,Morpho,
77600,Base,tvl,2025-04-30 00:00:00,544673120.0,Morpho,
77601,Base,tvl,2025-05-01 00:00:00,551942279.0,Morpho,
77602,Base,tvl,2025-05-02 00:00:00,569344840.0,Morpho,
77603,Base,tvl,2025-05-03 00:00:00,599010084.0,Morpho,
77604,Base,tvl,2025-05-04 00:00:00,609361805.0,Morpho,
77605,Base,tvl,2025-05-05 00:00:00,604914568.0,Morpho,
77606,Base,tvl,2025-05-06 00:00:00,615059804.0,Morpho,
77607,Base,tvl,2025-05-07 00:00:00,636029873.0,Morpho,
77608,Base,tvl,2025-05-08 00:00:00,642116024.0,Morpho,
77609,Base,tvl,2025-05-09 00:00:00,711448595.0,Morpho,
77610,Base,tvl,2025-05-10 00:00:00,728421277.0,Morpho,
77611,Base,tvl,2025-05-11 00:00:00,759878813.0,Morpho,
77612,Base,tvl,2025-05-12 00:00:00,759004539.0,Morpho,
77613,Base,tvl,2025-05-13 00:00:00,757416548.0,Morpho,
77614,Base,tvl,2025-05-14 00:00:00,799038248.0,Morpho,
77615,Base,tvl,2025-05-15 00:00:00,798132741.0,Morpho,
77616,Base,tvl,2025-05-16 00:00:00,812622678.0,Morpho,
77617,Base,tvl,2025-05-17 00:00:00,812181026.0,Morpho,
77618,Base,tvl,2025-05-18 00:00:00,810556843.0,Morpho,
77619,Base,tvl,2025-05-19 00:00:00,840715729.0,Morpho,
77620,Base,tvl,2025-05-20 00:00:00,857904397.0,Morpho,
77621,Base,tvl,2025-05-21 00:00:00,877727124.0,Morpho,
77622,Base,tvl,2025-05-22 00:00:00,903562382.0,Morpho,
77623,Base,tvl,2025-05-23 00:00:00,935900145.0,Morpho,
77624,Base,tvl,2025-05-24 00:00:00,919619271.0,Morpho,
77625,Base,tvl,2025-05-25 00:00:00,926404415.0,Morpho,
77626,Base,tvl,2025-05-26 00:00:00,949410394.0,Morpho,
77627,Base,tvl,2025-05-27 00:00:00,955833956.0,Morpho,
77628,Base,tvl,2025-05-28 00:00:00,965244885.0,Morpho,
77629,Base,tvl,2025-05-29 00:00:00,964573604.0,Morpho,
77630,Base,tvl,2025-05-30 00:00:00,951001501.0,Morpho,
77631,Base,tvl,2025-05-31 00:00:00,951563861.0,Morpho,
77632,Base,tvl,2025-06-01 00:00:00,960985120.0,Morpho,
77633,Base,tvl,2025-06-02 00:00:00,975873601.0,Morpho,
77634,Base,tvl,2025-06-03 00:00:00,954524010.0,Morpho,
77635,Base,tvl,2025-06-04 00:00:00,953867932.0,Morpho,
77636,Base,tvl,2025-06-05 00:00:00,960668436.0,Morpho,
77637,Base,tvl,2025-06-06 00:00:00,941985936.0,Morpho,
77638,Base,tvl,2025-06-07 00:00:00,983204789.0,Morpho,
77639,Base,tvl,2025-06-08 00:00:00,998351195.0,Morpho,
77640,Base,tvl,2025-06-09 00:00:00,1005985432.0,Morpho,
77641,Base,tvl,2025-06-10 00:00:00,1058311389.0,Morpho,
77642,Base,tvl,2025-06-11 00:00:00,1074219157.0,Morpho,
77643,Base,tvl,2025-06-12 00:00:00,1074144207.0,Morpho,
77644,Base,tvl,2025-06-13 00:00:00,1033900964.0,Morpho,
77645,Base,tvl,2025-06-14 00:00:00,1060528076.0,Morpho,
77646,Base,tvl,2025-06-15 00:00:00,1058571278.0,Morpho,
77647,Base,tvl,2025-06-16 00:00:00,1065993631.0,Morpho,
77648,Base,tvl,2025-06-17 00:00:00,1079011610.0,Morpho,
77649,Base,tvl,2025-06-18 00:00:00,1068505688.0,Morpho,
77650,Base,tvl,2025-06-19 00:00:00,1074651476.0,Morpho,
77651,Base,tvl,2025-06-20 00:00:00,1077607886.0,Morpho,
77652,Base,tvl,2025-06-21 00:00:00,1067099093.0,Morpho,
77653,Base,tvl,2025-06-22 00:00:00,1061758661.0,Morpho,
77654,Base,tvl,2025-06-23 00:00:00,1052747843.0,Morpho,
77655,Base,tvl,2025-06-24 00:00:00,1104076291.0,Morpho,
77656,Base,tvl,2025-06-25 00:00:00,1121687656.0,Morpho,
77657,Base,tvl,2025-06-26 00:00:00,1139855724.0,Morpho,
77658,Base,tvl,2025-06-27 00:00:00,1142274171.0,Morpho,
77659,Base,tvl,2025-06-28 00:00:00,1129203862.0,Morpho,
77660,Base,tvl,2025-06-29 00:00:00,1142488133.0,Morpho,
77661,Base,tvl,2025-06-30 00:00:00,1159679794.0,Morpho,
77662,Base,tvl,2025-07-01 00:00:00,1157672829.0,Morpho,
77663,Base,tvl,2025-07-02 00:00:00,1147735518.0,Morpho,
77664,Base,tvl,2025-07-03 00:00:00,1198526809.0,Morpho,
77665,Base,tvl,2025-07-04 00:00:00,1215788933.0,Morpho,
77666,Base,tvl,2025-07-05 00:00:00,1200032588.0,Morpho,
77667,Base,tvl,2025-07-06 00:00:00,1205766245.0,Morpho,
77668,Base,tvl,2025-07-07 00:00:00,1219638044.0,Morpho,
77669,Base,tvl,2025-07-08 00:00:00,1218935656.0,Morpho,
77670,Base,tvl,2025-07-09 00:00:00,1235151199.0,Morpho,
77671,Base,tvl,2025-07-10 00:00:00,1274824192.0,Morpho,
77672,Base,tvl,2025-07-11 00:00:00,1332201988.0,Morpho,
77673,Base,tvl,2025-07-12 00:00:00,1364430435.0,Morpho,
77674,Base,tvl,2025-07-13 00:00:00,1359135088.0,Morpho,
77675,Base,tvl,2025-07-14 00:00:00,1388701015.0,Morpho,
77676,Base,tvl,2025-07-15 00:00:00,1410159421.0,Morpho,
77677,Base,tvl,2025-07-16 00:00:00,1417406723.0,Morpho,
77678,Base,tvl,2025-07-17 00:00:00,1449445485.0,Morpho,
77679,Base,tvl,2025-07-18 00:00:00,1466870878.0,Morpho,
77680,Base,tvl,2025-07-19 00:00:00,1472212569.0,Morpho,
77681,Base,tvl,2025-07-20 00:00:00,1481372194.0,Morpho,
77682,Base,tvl,2025-07-21 00:00:00,1493228388.0,Morpho,
77683,Base,tvl,2025-07-22 00:00:00,1567692800.0,Morpho,
77684,Base,tvl,2025-07-23 00:00:00,1595419466.0,Morpho,
77685,Base,tvl,2025-07-24 00:00:00,1583167168.0,Morpho,
77686,Base,tvl,2025-07-25 00:00:00,1556678934.0,Morpho,
77687,Base,tvl,2025-07-26 00:00:00,1592817278.0,Morpho,
77688,Base,tvl,2025-07-27 00:00:00,1598618232.0,Morpho,
77689,Base,tvl,2025-07-28 00:00:00,1625077557.0,Morpho,
77690,Base,tvl,2025-07-29 00:00:00,1561485261.0,Morpho,
77691,Base,tvl,2025-07-30 00:00:00,1572609172.0,Morpho,
77692,Base,tvl,2025-07-31 00:00:00,1575833634.0,Morpho,
77693,Base,tvl,2025-08-01 00:00:00,1551958752.0,Morpho,
77694,Base,tvl,2025-08-02 00:00:00,1520036646.0,Morpho,
77695,Base,tvl,2025-08-03 00:00:00,1506397682.0,Morpho,
77696,Base,tvl,2025-08-04 00:00:00,1537088231.0,Morpho,
77697,Base,tvl,2025-08-05 00:00:00,1552639724.0,Morpho,
77698,Base,tvl,2025-08-06 00:00:00,1543413049.0,Morpho,
77699,Base,tvl,2025-08-07 00:00:00,1564876888.0,Morpho,
77700,Base,tvl,2025-08-08 00:00:00,1608254851.0,Morpho,
77701,Base,tvl,2025-08-09 00:00:00,1608564927.0,Morpho,
77702,Base,tvl,2025-08-10 00:00:00,1620876815.0,Morpho,
77703,Base,tvl,2025-08-11 00:00:00,1652760831.0,Morpho,
77704,Base,tvl,2025-08-12 00:00:00,1656993576.0,Morpho,
77705,Base,tvl,2025-08-13 00:00:00,1698261466.0,Morpho,
77706,Base,tvl,2025-08-14 00:00:00,1748469391.0,Morpho,
77707,Base,tvl,2025-08-15 00:00:00,1693783983.0,Morpho,
77708,Base,tvl,2025-08-16 00:00:00,1687601263.0,Morpho,
77709,Base,tvl,2025-08-17 00:00:00,1685861561.0,Morpho,
77710,Base,tvl,2025-08-18 00:00:00,1692953670.0,Morpho,
77711,Base,tvl,2025-08-19 00:00:00,1680715470.0,Morpho,
77712,Base,tvl,2025-08-20 00:00:00,1634826809.0,Morpho,
77713,Base,tvl,2025-08-21 00:00:00,1672365148.0,Morpho,
77714,Base,tvl,2025-08-22 00:00:00,1662378482.0,Morpho,
77715,Base,tvl,2025-08-23 00:00:00,1745598994.0,Morpho,
77716,Base,tvl,2025-08-24 00:00:00,1737555326.0,Morpho,
77717,Base,tvl,2025-08-25 00:00:00,1723132181.0,Morpho,
77718,Base,tvl,2025-08-26 00:00:00,1679522850.0,Morpho,
77719,Base,tvl,2025-08-27 00:00:00,1716947035.0,Morpho,
77720,Base,tvl,2025-08-28 00:00:00,1707057049.0,Morpho,
77721,Base,tvl,2025-08-29 00:00:00,1728994377.0,Morpho,
77722,Base,tvl,2025-08-30 00:00:00,1677326706.0,Morpho,
77723,Base,tvl,2025-08-31 00:00:00,1686619845.0,Morpho,
77724,Base,tvl,2025-09-01 00:00:00,1680700119.0,Morpho,
77725,Base,tvl,2025-09-02 00:00:00,1686852520.0,Morpho,
77726,Base,tvl,2025-09-03 00:00:00,1720508739.0,Morpho,
77727,Base,tvl,2025-09-04 00:00:00,1732860353.0,Morpho,
77728,Base,tvl,2025-09-05 00:00:00,1720432530.0,Morpho,
77729,Base,tvl,2025-09-06 00:00:00,1719373516.0,Morpho,
77730,Base,tvl,2025-09-07 00:00:00,1717320893.0,Morpho,
77731,Base,tvl,2025-09-08 00:00:00,1729436539.0,Morpho,
77732,Base,tvl,2025-09-09 00:00:00,1741476259.0,Morpho,
77733,Base,tvl,2025-09-10 00:00:00,1740283679.0,Morpho,
77734,Base,tvl,2025-09-11 00:00:00,1788346579.0,Morpho,
77735,Base,tvl,2025-09-12 00:00:00,1819583434.0,Morpho,
77736,Base,tvl,2025-09-13 00:00:00,1839826250.0,Morpho,
77737,Base,tvl,2025-09-14 00:00:00,1839566790.0,Morpho,
77738,Base,tvl,2025-09-15 00:00:00,1830339415.0,Morpho,
77739,Base,tvl,2025-09-16 00:00:00,1828559616.0,Morpho,
77740,Base,tvl,2025-09-17 00:00:00,1857797791.0,Morpho,
77741,Base,tvl,2025-09-18 00:00:00,1880033928.0,Morpho,
77742,Base,tvl,2025-09-19 00:00:00,1887273490.0,Morpho,
77743,Base,tvl,2025-09-20 00:00:00,1870496296.0,Morpho,
77744,Base,tvl,2025-09-21 00:00:00,1876230227.0,Morpho,
77745,Base,tvl,2025-09-22 00:00:00,1877451218.0,Morpho,
77746,Base,tvl,2025-09-23 00:00:00,1843774749.0,Morpho,
77747,Base,tvl,2025-09-24 00:00:00,1851920149.0,Morpho,
77748,Base,tvl,2025-09-25 00:00:00,1873260632.0,Morpho,
77749,Base,tvl,2025-09-26 00:00:00,1815015973.0,Morpho,
77750,Base,tvl,2025-09-27 00:00:00,1833048875.0,Morpho,
77751,Base,tvl,2025-09-28 00:00:00,1826283011.0,Morpho,
77752,Base,tvl,2025-09-29 00:00:00,1877959152.0,Morpho,
77753,Base,tvl,2025-09-30 00:00:00,1915934170.0,Morpho,
77754,Base,tvl,2025-10-01 00:00:00,1930919669.0,Morpho,
77755,Base,tvl,2025-10-02 00:00:00,2004838580.0,Morpho,
77756,Base,tvl,2025-10-03 00:00:00,2040693603.0,Morpho,
77757,Base,tvl,2025-10-04 00:00:00,2076107221.0,Morpho,
77758,Base,tvl,2025-10-05 00:00:00,2081455947.0,Morpho,
77759,Base,tvl,2025-10-06 00:00:00,2109309174.0,Morpho,
77760,Base,tvl,2025-10-07 00:00:00,2153676979.0,Morpho,
77761,Base,tvl,2025-10-08 00:00:00,2109458456.0,Morpho,
77762,Base,tvl,2025-10-09 00:00:00,2155495014.0,Morpho,
77763,Base,tvl,2025-10-10 00:00:00,2112028125.0,Morpho,
77764,Base,tvl,2025-10-11 00:00:00,1948415317.0,Morpho,
77765,Base,tvl,2025-10-12 00:00:00,1936237232.0,Morpho,
77766,Base,tvl,2025-10-13 00:00:00,2017011372.0,Morpho,
77767,Base,tvl,2025-10-14 00:00:00,2030962207.0,Morpho,
77768,Base,tvl,2025-10-15 00:00:00,2011557392.0,Morpho,
77769,Base,tvl,2025-10-16 00:00:00,1990104521.0,Morpho,
77770,Base,tvl,2025-10-17 00:00:00,1951296758.0,Morpho,
77771,Base,tvl,2025-10-18 00:00:00,1934435674.0,Morpho,
77772,Base,tvl,2025-10-19 00:00:00,1948069170.0,Morpho,
77773,Base,tvl,2025-10-20 00:00:00,1976745595.0,Morpho,
77774,Base,tvl,2025-10-21 00:00:00,2004312118.0,Morpho,
77775,Base,tvl,2025-10-22 00:00:00,1975294362.0,Morpho,
77776,Base,tvl,2025-10-23 00:00:00,1965309499.0,Morpho,
77777,Base,tvl,2025-10-24 00:00:00,2014333991.0,Morpho,
77778,Base,tvl,2025-10-25 00:00:00,2047329700.0,Morpho,
77779,Base,tvl,2025-10-26 00:00:00,2061722466.0,Morpho,
77780,Base,tvl,2025-10-27 00:00:00,2131396831.0,Morpho,
77781,Base,tvl,2025-10-28 00:00:00,2122632454.0,Morpho,
77782,Base,tvl,2025-10-29 00:00:00,2106629850.0,Morpho,
77783,Base,tvl,2025-10-30 00:00:00,2081036169.0,Morpho,
77784,Base,tvl,2025-10-31 00:00:00,2051383651.0,Morpho,
77785,Base,tvl,2025-11-01 00:00:00,2080811721.0,Morpho,
77786,Base,tvl,2025-11-02 00:00:00,2094949516.0,Morpho,
77787,Base,tvl,2025-11-03 00:00:00,2097384939.0,Morpho,
77788,Base,tvl,2025-11-04 00:00:00,2026066731.0,Morpho,
77789,Base,tvl,2025-11-05 00:00:00,1925258747.0,Morpho,
77790,Base,tvl,2025-11-06 00:00:00,1981638093.0,Morpho,
77791,Base,tvl,2025-11-07 00:00:00,1938585169.0,Morpho,
77792,Base,tvl,2025-11-08 00:00:00,1987109884.0,Morpho,
77793,Base,tvl,2025-11-09 00:00:00,1973547993.0,Morpho,
77794,Base,tvl,2025-11-10 00:00:00,2044907816.0,Morpho,
77795,Base,tvl,2025-11-11 00:00:00,2058460583.0,Morpho,
77796,Base,tvl,2025-11-12 00:00:00,2007900292.0,Morpho,
77797,Base,tvl,2025-11-13 00:00:00,2001161226.0,Morpho,
77798,Base,tvl,2025-11-14 00:00:00,1940478431.0,Morpho,
77799,Base,tvl,2025-11-15 00:00:00,1882791091.0,Morpho,
77800,Base,tvl,2025-11-16 00:00:00,1898116492.0,Morpho,
77801,Base,tvl,2025-11-17 00:00:00,1875839650.0,Morpho,
77802,Base,tvl,2025-11-18 00:00:00,1842293466.0,Morpho,
77803,Base,tvl,2025-11-19 00:00:00,1866365180.0,Morpho,
77804,Base,tvl,2025-11-20 00:00:00,1864837417.0,Morpho,
77805,Base,tvl,2025-11-21 00:00:00,1807104441.0,Morpho,
77806,Base,tvl,2025-11-22 00:00:00,1769444277.0,Morpho,
77807,Base,tvl,2025-11-23 00:00:00,1790913522.0,Morpho,
77808,Base,tvl,2025-11-24 00:00:00,1838350759.0,Morpho,
77809,Base,tvl,2025-11-25 00:00:00,1871431418.0,Morpho,
77810,Base,tvl,2025-11-26 00:00:00,1861505629.0,Morpho,
77811,Base,tvl,2025-11-27 00:00:00,1925165425.0,Morpho,
77812,Base,tvl,2025-11-28 00:00:00,1941686592.0,Morpho,
77813,Base,tvl,2025-11-29 00:00:00,1939929690.0,Morpho,
77814,Base,tvl,2025-11-30 00:00:00,2063651221.0,Morpho,
77815,Base,tvl,2025-12-01 00:00:00,2053476036.0,Morpho,
77816,Base,tvl,2025-12-02 00:00:00,1979649953.0,Morpho,
77817,Base,tvl,2025-12-03 00:00:00,2079492326.0,Morpho,
77818,Base,tvl,2025-12-04 00:00:00,2120275162.0,Morpho,
77819,Base,tvl,2025-12-05 00:00:00,2097441934.0,Morpho,
77820,Base,tvl,2025-12-06 00:00:00,2041251166.0,Morpho,
77821,Base,tvl,2025-12-07 00:00:00,2032720203.0,Morpho,
77822,Base,tvl,2025-12-08 00:00:00,2056280007.0,Morpho,
77823,Base,tvl,2025-12-09 00:00:00,2072345836.0,Morpho,
77824,Base,tvl,2025-12-10 00:00:00,2119692196.0,Morpho,
77825,Base,tvl,2025-12-11 00:00:00,2110422353.0,Morpho,
77826,Base,tvl,2025-12-12 00:00:00,2124275553.0,Morpho,
77827,Base,tvl,2025-12-13 00:00:00,2076833026.0,Morpho,
77828,Base,tvl,2025-12-14 00:00:00,2078308036.0,Morpho,
77829,Base,tvl,2025-12-15 00:00:00,2041343854.0,Morpho,
77830,Base,tvl,2025-12-16 00:00:00,1993149310.0,Morpho,
77831,Base,tvl,2025-12-17 00:00:00,2025823145.0,Morpho,
77832,Base,tvl,2025-12-18 00:00:00,1999110325.0,Morpho,
77833,Base,tvl,2025-12-19 00:00:00,1987270745.0,Morpho,
77834,Base,tvl,2025-12-20 00:00:00,2058557635.0,Morpho,
77835,Base,tvl,2025-12-21 00:00:00,2062489791.0,Morpho,
77836,Base,tvl,2025-12-22 00:00:00,2070865002.0,Morpho,
77837,Base,tvl,2025-12-23 00:00:00,2076292198.0,Morpho,
77838,Base,tvl,2025-12-24 00:00:00,2058308088.0,Morpho,
77839,Base,tvl,2025-12-25 00:00:00,2076558194.0,Morpho,
77840,Base,tvl,2025-12-26 00:00:00,2101438667.0,Morpho,
77841,Base,tvl,2025-12-27 00:00:00,2065686277.0,Morpho,
77842,Base,tvl,2025-12-28 00:00:00,2077792004.0,Morpho,
77843,Base,tvl,2025-12-29 00:00:00,2086810907.0,Morpho,
77844,Base,tvl,2025-12-30 00:00:00,2080341434.0,Morpho,
77845,Base,tvl,2025-12-31 00:00:00,2119263097.0,Morpho,
77846,Base,tvl,2026-01-01 00:00:00,2099403304.0,Morpho,
77847,Base,tvl,2026-01-02 00:00:00,2128348690.0,Morpho,
77848,Base,tvl,2026-01-03 00:00:00,2171539129.0,Morpho,
77849,Base,tvl,2026-01-04 00:00:00,2199547964.0,Morpho,
77850,Base,tvl,2026-01-05 00:00:00,2219354493.0,Morpho,
77851,Base,tvl,2026-01-06 00:00:00,2293315980.0,Morpho,
77852,Base,tvl,2026-01-07 00:00:00,2270074311.0,Morpho,
77853,Base,tvl,2026-01-08 00:00:00,2249211477.0,Morpho,
77854,Base,tvl,2026-01-09 00:00:00,2242906705.0,Morpho,
77855,Base,tvl,2026-01-10 00:00:00,2237741655.0,Morpho,
77856,Base,tvl,2026-01-11 00:00:00,2235001481.0,Morpho,
77857,Base,tvl,2026-01-11 12:51:23,2240262568.0,Morpho,
79174,Ethereum,tvl,2025-01-01 00:00:00,3764309981.0,SparkLend,
79175,Ethereum,tvl,2025-01-02 00:00:00,4058021197.0,SparkLend,
79176,Ethereum,tvl,2025-01-03 00:00:00,3885008526.0,SparkLend,
79177,Ethereum,tvl,2025-01-04 00:00:00,4078555208.0,SparkLend,
79178,Ethereum,tvl,2025-01-05 00:00:00,4156415886.0,SparkLend,
79179,Ethereum,tvl,2025-01-06 00:00:00,4141960521.0,SparkLend,
79180,Ethereum,tvl,2025-01-07 00:00:00,4160128081.0,SparkLend,
79181,Ethereum,tvl,2025-01-08 00:00:00,3717172793.0,SparkLend,
79182,Ethereum,tvl,2025-01-09 00:00:00,3597567119.0,SparkLend,
79183,Ethereum,tvl,2025-01-10 00:00:00,3496822253.0,SparkLend,
79184,Ethereum,tvl,2025-01-11 00:00:00,3543610278.0,SparkLend,
79185,Ethereum,tvl,2025-01-12 00:00:00,3574938866.0,SparkLend,
79186,Ethereum,tvl,2025-01-13 00:00:00,3506916389.0,SparkLend,
79187,Ethereum,tvl,2025-01-14 00:00:00,3383283124.0,SparkLend,
79188,Ethereum,tvl,2025-01-15 00:00:00,3488449956.0,SparkLend,
79189,Ethereum,tvl,2025-01-16 00:00:00,3695535147.0,SparkLend,
79190,Ethereum,tvl,2025-01-17 00:00:00,3534546678.0,SparkLend,
79191,Ethereum,tvl,2025-01-18 00:00:00,3721925269.0,SparkLend,
79192,Ethereum,tvl,2025-01-19 00:00:00,3505626194.0,SparkLend,
79193,Ethereum,tvl,2025-01-20 00:00:00,3697722325.0,SparkLend,
79194,Ethereum,tvl,2025-01-21 00:00:00,3591808832.0,SparkLend,
79195,Ethereum,tvl,2025-01-22 00:00:00,3635376444.0,SparkLend,
79196,Ethereum,tvl,2025-01-23 00:00:00,3455688368.0,SparkLend,
79197,Ethereum,tvl,2025-01-24 00:00:00,3487046109.0,SparkLend,
79198,Ethereum,tvl,2025-01-25 00:00:00,3530611020.0,SparkLend,
79199,Ethereum,tvl,2025-01-26 00:00:00,3519779161.0,SparkLend,
79200,Ethereum,tvl,2025-01-27 00:00:00,3484301039.0,SparkLend,
79201,Ethereum,tvl,2025-01-28 00:00:00,3355607267.0,SparkLend,
79202,Ethereum,tvl,2025-01-29 00:00:00,3245480798.0,SparkLend,
79203,Ethereum,tvl,2025-01-30 00:00:00,3313916530.0,SparkLend,
79204,Ethereum,tvl,2025-01-31 00:00:00,3420418866.0,SparkLend,
79205,Ethereum,tvl,2025-02-01 00:00:00,3442861657.0,SparkLend,
79206,Ethereum,tvl,2025-02-02 00:00:00,3258696692.0,SparkLend,
79207,Ethereum,tvl,2025-02-03 00:00:00,2946147018.0,SparkLend,
79208,Ethereum,tvl,2025-02-04 00:00:00,3158859763.0,SparkLend,
79209,Ethereum,tvl,2025-02-05 00:00:00,2920589636.0,SparkLend,
79210,Ethereum,tvl,2025-02-06 00:00:00,2924553958.0,SparkLend,
79211,Ethereum,tvl,2025-02-07 00:00:00,2846799011.0,SparkLend,
79212,Ethereum,tvl,2025-02-08 00:00:00,2755048671.0,SparkLend,
79213,Ethereum,tvl,2025-02-09 00:00:00,2784382744.0,SparkLend,
79214,Ethereum,tvl,2025-02-10 00:00:00,2793660289.0,SparkLend,
79215,Ethereum,tvl,2025-02-11 00:00:00,2921292108.0,SparkLend,
79216,Ethereum,tvl,2025-02-12 00:00:00,2907259268.0,SparkLend,
79217,Ethereum,tvl,2025-02-13 00:00:00,3114569636.0,SparkLend,
79218,Ethereum,tvl,2025-02-14 00:00:00,3061565755.0,SparkLend,
79219,Ethereum,tvl,2025-02-15 00:00:00,3089641280.0,SparkLend,
79220,Ethereum,tvl,2025-02-16 00:00:00,3050855275.0,SparkLend,
79221,Ethereum,tvl,2025-02-17 00:00:00,3027084549.0,SparkLend,
79222,Ethereum,tvl,2025-02-18 00:00:00,3102166929.0,SparkLend,
79223,Ethereum,tvl,2025-02-19 00:00:00,2937810977.0,SparkLend,
79224,Ethereum,tvl,2025-02-20 00:00:00,2993147884.0,SparkLend,
79225,Ethereum,tvl,2025-02-21 00:00:00,3064144892.0,SparkLend,
79226,Ethereum,tvl,2025-02-22 00:00:00,2882291513.0,SparkLend,
79227,Ethereum,tvl,2025-02-23 00:00:00,2982172448.0,SparkLend,
79228,Ethereum,tvl,2025-02-24 00:00:00,3101824255.0,SparkLend,
79229,Ethereum,tvl,2025-02-25 00:00:00,2765969153.0,SparkLend,
79230,Ethereum,tvl,2025-02-26 00:00:00,2880861610.0,SparkLend,
79231,Ethereum,tvl,2025-02-27 00:00:00,2717705057.0,SparkLend,
79232,Ethereum,tvl,2025-02-28 00:00:00,2694261031.0,SparkLend,
79233,Ethereum,tvl,2025-03-01 00:00:00,2676598074.0,SparkLend,
79234,Ethereum,tvl,2025-03-02 00:00:00,2647335274.0,SparkLend,
79235,Ethereum,tvl,2025-03-03 00:00:00,2976334445.0,SparkLend,
79236,Ethereum,tvl,2025-03-04 00:00:00,2572290412.0,SparkLend,
79237,Ethereum,tvl,2025-03-05 00:00:00,2589976337.0,SparkLend,
79238,Ethereum,tvl,2025-03-06 00:00:00,2688631306.0,SparkLend,
79239,Ethereum,tvl,2025-03-07 00:00:00,2579236833.0,SparkLend,
79240,Ethereum,tvl,2025-03-08 00:00:00,2508624573.0,SparkLend,
79241,Ethereum,tvl,2025-03-09 00:00:00,2577204729.0,SparkLend,
79242,Ethereum,tvl,2025-03-10 00:00:00,2352901082.0,SparkLend,
79243,Ethereum,tvl,2025-03-11 00:00:00,2135504303.0,SparkLend,
79244,Ethereum,tvl,2025-03-12 00:00:00,2219594406.0,SparkLend,
79245,Ethereum,tvl,2025-03-13 00:00:00,2204893550.0,SparkLend,
79246,Ethereum,tvl,2025-03-14 00:00:00,2149712812.0,SparkLend,
79247,Ethereum,tvl,2025-03-15 00:00:00,2210596115.0,SparkLend,
79248,Ethereum,tvl,2025-03-16 00:00:00,2238019478.0,SparkLend,
79249,Ethereum,tvl,2025-03-17 00:00:00,2174730561.0,SparkLend,
79250,Ethereum,tvl,2025-03-18 00:00:00,2138771644.0,SparkLend,
79251,Ethereum,tvl,2025-03-19 00:00:00,2143224480.0,SparkLend,
79252,Ethereum,tvl,2025-03-20 00:00:00,2368513669.0,SparkLend,
79253,Ethereum,tvl,2025-03-21 00:00:00,2272785432.0,SparkLend,
79254,Ethereum,tvl,2025-03-22 00:00:00,2229082975.0,SparkLend,
79255,Ethereum,tvl,2025-03-23 00:00:00,2243568197.0,SparkLend,
79256,Ethereum,tvl,2025-03-24 00:00:00,2266387445.0,SparkLend,
79257,Ethereum,tvl,2025-03-25 00:00:00,2344800069.0,SparkLend,
79258,Ethereum,tvl,2025-03-26 00:00:00,2338141954.0,SparkLend,
79259,Ethereum,tvl,2025-03-27 00:00:00,2290644399.0,SparkLend,
79260,Ethereum,tvl,2025-03-28 00:00:00,2296828176.0,SparkLend,
79261,Ethereum,tvl,2025-03-29 00:00:00,2208274800.0,SparkLend,
79262,Ethereum,tvl,2025-03-30 00:00:00,2135524515.0,SparkLend,
79263,Ethereum,tvl,2025-03-31 00:00:00,2123420872.0,SparkLend,
79264,Ethereum,tvl,2025-04-01 00:00:00,2209439604.0,SparkLend,
79265,Ethereum,tvl,2025-04-02 00:00:00,2277600270.0,SparkLend,
79266,Ethereum,tvl,2025-04-03 00:00:00,2155721194.0,SparkLend,
79267,Ethereum,tvl,2025-04-04 00:00:00,2194278532.0,SparkLend,
79268,Ethereum,tvl,2025-04-05 00:00:00,2192500901.0,SparkLend,
79269,Ethereum,tvl,2025-04-06 00:00:00,2166545697.0,SparkLend,
79270,Ethereum,tvl,2025-04-07 00:00:00,1907919539.0,SparkLend,
79271,Ethereum,tvl,2025-04-08 00:00:00,1921488406.0,SparkLend,
79272,Ethereum,tvl,2025-04-09 00:00:00,1761533646.0,SparkLend,
79273,Ethereum,tvl,2025-04-10 00:00:00,1941952155.0,SparkLend,
79274,Ethereum,tvl,2025-04-11 00:00:00,1807593652.0,SparkLend,
79275,Ethereum,tvl,2025-04-12 00:00:00,1971742398.0,SparkLend,
79276,Ethereum,tvl,2025-04-13 00:00:00,2052236073.0,SparkLend,
79277,Ethereum,tvl,2025-04-14 00:00:00,2016589865.0,SparkLend,
79278,Ethereum,tvl,2025-04-15 00:00:00,2008156428.0,SparkLend,
79279,Ethereum,tvl,2025-04-16 00:00:00,1964877898.0,SparkLend,
79280,Ethereum,tvl,2025-04-17 00:00:00,1974249855.0,SparkLend,
79281,Ethereum,tvl,2025-04-18 00:00:00,1973930547.0,SparkLend,
79282,Ethereum,tvl,2025-04-19 00:00:00,1997547340.0,SparkLend,
79283,Ethereum,tvl,2025-04-20 00:00:00,2026811196.0,SparkLend,
79284,Ethereum,tvl,2025-04-21 00:00:00,2025659553.0,SparkLend,
79285,Ethereum,tvl,2025-04-22 00:00:00,2009452221.0,SparkLend,
79286,Ethereum,tvl,2025-04-23 00:00:00,2144865238.0,SparkLend,
79287,Ethereum,tvl,2025-04-24 00:00:00,2180046659.0,SparkLend,
79288,Ethereum,tvl,2025-04-25 00:00:00,2199700294.0,SparkLend,
79289,Ethereum,tvl,2025-04-26 00:00:00,2109909191.0,SparkLend,
79290,Ethereum,tvl,2025-04-27 00:00:00,2173612101.0,SparkLend,
79291,Ethereum,tvl,2025-04-28 00:00:00,2128778427.0,SparkLend,
79292,Ethereum,tvl,2025-04-29 00:00:00,2103327923.0,SparkLend,
79293,Ethereum,tvl,2025-04-30 00:00:00,2116978632.0,SparkLend,
79294,Ethereum,tvl,2025-05-01 00:00:00,2109306788.0,SparkLend,
79295,Ethereum,tvl,2025-05-02 00:00:00,2185213594.0,SparkLend,
79296,Ethereum,tvl,2025-05-03 00:00:00,2271403530.0,SparkLend,
79297,Ethereum,tvl,2025-05-04 00:00:00,2357690515.0,SparkLend,
79298,Ethereum,tvl,2025-05-05 00:00:00,2373026564.0,SparkLend,
79299,Ethereum,tvl,2025-05-06 00:00:00,2481294275.0,SparkLend,
79300,Ethereum,tvl,2025-05-07 00:00:00,2382910620.0,SparkLend,
79301,Ethereum,tvl,2025-05-08 00:00:00,2410012620.0,SparkLend,
79302,Ethereum,tvl,2025-05-09 00:00:00,2724321379.0,SparkLend,
79303,Ethereum,tvl,2025-05-10 00:00:00,2736522413.0,SparkLend,
79304,Ethereum,tvl,2025-05-11 00:00:00,2984373363.0,SparkLend,
79305,Ethereum,tvl,2025-05-12 00:00:00,2946234374.0,SparkLend,
79306,Ethereum,tvl,2025-05-13 00:00:00,2746493567.0,SparkLend,
79307,Ethereum,tvl,2025-05-14 00:00:00,2892411747.0,SparkLend,
79308,Ethereum,tvl,2025-05-15 00:00:00,2982168354.0,SparkLend,
79309,Ethereum,tvl,2025-05-16 00:00:00,3028583055.0,SparkLend,
79310,Ethereum,tvl,2025-05-17 00:00:00,3121659553.0,SparkLend,
79311,Ethereum,tvl,2025-05-18 00:00:00,3062617798.0,SparkLend,
79312,Ethereum,tvl,2025-05-19 00:00:00,3043299772.0,SparkLend,
79313,Ethereum,tvl,2025-05-20 00:00:00,3096165307.0,SparkLend,
79314,Ethereum,tvl,2025-05-21 00:00:00,3053467847.0,SparkLend,
79315,Ethereum,tvl,2025-05-22 00:00:00,3032750691.0,SparkLend,
79316,Ethereum,tvl,2025-05-23 00:00:00,3186858747.0,SparkLend,
79317,Ethereum,tvl,2025-05-24 00:00:00,3067565256.0,SparkLend,
79318,Ethereum,tvl,2025-05-25 00:00:00,3065394688.0,SparkLend,
79319,Ethereum,tvl,2025-05-26 00:00:00,3097319489.0,SparkLend,
79320,Ethereum,tvl,2025-05-27 00:00:00,3131309075.0,SparkLend,
79321,Ethereum,tvl,2025-05-28 00:00:00,3196486554.0,SparkLend,
79322,Ethereum,tvl,2025-05-29 00:00:00,3215403151.0,SparkLend,
79323,Ethereum,tvl,2025-05-30 00:00:00,3254067423.0,SparkLend,
79324,Ethereum,tvl,2025-05-31 00:00:00,3073245288.0,SparkLend,
79325,Ethereum,tvl,2025-06-01 00:00:00,3057713365.0,SparkLend,
79326,Ethereum,tvl,2025-06-02 00:00:00,3065833319.0,SparkLend,
79327,Ethereum,tvl,2025-06-03 00:00:00,3164169130.0,SparkLend,
79328,Ethereum,tvl,2025-06-04 00:00:00,3134466636.0,SparkLend,
79329,Ethereum,tvl,2025-06-05 00:00:00,3128246093.0,SparkLend,
79330,Ethereum,tvl,2025-06-06 00:00:00,2944065420.0,SparkLend,
79331,Ethereum,tvl,2025-06-07 00:00:00,2982598807.0,SparkLend,
79332,Ethereum,tvl,2025-06-08 00:00:00,3056350690.0,SparkLend,
79333,Ethereum,tvl,2025-06-09 00:00:00,3045280315.0,SparkLend,
79334,Ethereum,tvl,2025-06-10 00:00:00,3306217462.0,SparkLend,
79335,Ethereum,tvl,2025-06-11 00:00:00,3608600607.0,SparkLend,
79336,Ethereum,tvl,2025-06-12 00:00:00,3639645665.0,SparkLend,
79337,Ethereum,tvl,2025-06-13 00:00:00,3425014316.0,SparkLend,
79338,Ethereum,tvl,2025-06-14 00:00:00,3301726999.0,SparkLend,
79339,Ethereum,tvl,2025-06-15 00:00:00,3246567597.0,SparkLend,
79340,Ethereum,tvl,2025-06-16 00:00:00,3264733199.0,SparkLend,
79341,Ethereum,tvl,2025-06-17 00:00:00,3340105878.0,SparkLend,
79342,Ethereum,tvl,2025-06-18 00:00:00,3279132809.0,SparkLend,
79343,Ethereum,tvl,2025-06-19 00:00:00,3415592121.0,SparkLend,
79344,Ethereum,tvl,2025-06-20 00:00:00,3408619079.0,SparkLend,
79345,Ethereum,tvl,2025-06-21 00:00:00,3272465036.0,SparkLend,
79346,Ethereum,tvl,2025-06-22 00:00:00,3124429380.0,SparkLend,
79347,Ethereum,tvl,2025-06-23 00:00:00,3138402327.0,SparkLend,
79348,Ethereum,tvl,2025-06-24 00:00:00,3418479475.0,SparkLend,
79349,Ethereum,tvl,2025-06-25 00:00:00,3478310899.0,SparkLend,
79350,Ethereum,tvl,2025-06-26 00:00:00,3417988676.0,SparkLend,
79351,Ethereum,tvl,2025-06-27 00:00:00,3423681927.0,SparkLend,
79352,Ethereum,tvl,2025-06-28 00:00:00,3421990711.0,SparkLend,
79353,Ethereum,tvl,2025-06-29 00:00:00,3440060078.0,SparkLend,
79354,Ethereum,tvl,2025-06-30 00:00:00,3521178420.0,SparkLend,
79355,Ethereum,tvl,2025-07-01 00:00:00,3505748010.0,SparkLend,
79356,Ethereum,tvl,2025-07-02 00:00:00,3390360055.0,SparkLend,
79357,Ethereum,tvl,2025-07-03 00:00:00,3460519494.0,SparkLend,
79358,Ethereum,tvl,2025-07-04 00:00:00,3476754208.0,SparkLend,
79359,Ethereum,tvl,2025-07-05 00:00:00,3384418576.0,SparkLend,
79360,Ethereum,tvl,2025-07-06 00:00:00,3388417648.0,SparkLend,
79361,Ethereum,tvl,2025-07-07 00:00:00,3439006398.0,SparkLend,
79362,Ethereum,tvl,2025-07-08 00:00:00,3410528726.0,SparkLend,
79363,Ethereum,tvl,2025-07-09 00:00:00,3503412310.0,SparkLend,
79364,Ethereum,tvl,2025-07-10 00:00:00,3675322172.0,SparkLend,
79365,Ethereum,tvl,2025-07-11 00:00:00,3871824231.0,SparkLend,
79366,Ethereum,tvl,2025-07-12 00:00:00,3749014143.0,SparkLend,
79367,Ethereum,tvl,2025-07-13 00:00:00,3738089012.0,SparkLend,
79368,Ethereum,tvl,2025-07-14 00:00:00,3778633193.0,SparkLend,
79369,Ethereum,tvl,2025-07-15 00:00:00,3794972623.0,SparkLend,
79370,Ethereum,tvl,2025-07-16 00:00:00,3935892407.0,SparkLend,
79371,Ethereum,tvl,2025-07-17 00:00:00,4587440045.0,SparkLend,
79372,Ethereum,tvl,2025-07-18 00:00:00,4612303132.0,SparkLend,
79373,Ethereum,tvl,2025-07-19 00:00:00,4656944581.0,SparkLend,
79374,Ethereum,tvl,2025-07-20 00:00:00,4644176950.0,SparkLend,
79375,Ethereum,tvl,2025-07-21 00:00:00,4833580854.0,SparkLend,
79376,Ethereum,tvl,2025-07-22 00:00:00,4900012338.0,SparkLend,
79377,Ethereum,tvl,2025-07-23 00:00:00,4864624531.0,SparkLend,
79378,Ethereum,tvl,2025-07-24 00:00:00,4618832037.0,SparkLend,
79379,Ethereum,tvl,2025-07-25 00:00:00,4289547871.0,SparkLend,
79380,Ethereum,tvl,2025-07-26 00:00:00,4533950074.0,SparkLend,
79381,Ethereum,tvl,2025-07-27 00:00:00,4528613394.0,SparkLend,
79382,Ethereum,tvl,2025-07-28 00:00:00,4651249534.0,SparkLend,
79383,Ethereum,tvl,2025-07-29 00:00:00,4699398550.0,SparkLend,
79384,Ethereum,tvl,2025-07-30 00:00:00,4663240605.0,SparkLend,
79385,Ethereum,tvl,2025-07-31 00:00:00,4678638367.0,SparkLend,
79386,Ethereum,tvl,2025-08-01 00:00:00,4468516272.0,SparkLend,
79387,Ethereum,tvl,2025-08-02 00:00:00,4249773203.0,SparkLend,
79388,Ethereum,tvl,2025-08-03 00:00:00,4135061133.0,SparkLend,
79389,Ethereum,tvl,2025-08-04 00:00:00,4311477022.0,SparkLend,
79390,Ethereum,tvl,2025-08-05 00:00:00,4426178372.0,SparkLend,
79391,Ethereum,tvl,2025-08-06 00:00:00,4316546239.0,SparkLend,
79392,Ethereum,tvl,2025-08-07 00:00:00,4325331307.0,SparkLend,
79393,Ethereum,tvl,2025-08-08 00:00:00,4563504590.0,SparkLend,
79394,Ethereum,tvl,2025-08-09 00:00:00,4620787425.0,SparkLend,
79395,Ethereum,tvl,2025-08-10 00:00:00,4802950694.0,SparkLend,
79396,Ethereum,tvl,2025-08-11 00:00:00,4801752767.0,SparkLend,
79397,Ethereum,tvl,2025-08-12 00:00:00,4798322176.0,SparkLend,
79398,Ethereum,tvl,2025-08-13 00:00:00,5262675203.0,SparkLend,
79399,Ethereum,tvl,2025-08-14 00:00:00,5601511796.0,SparkLend,
79400,Ethereum,tvl,2025-08-15 00:00:00,5438962794.0,SparkLend,
79401,Ethereum,tvl,2025-08-16 00:00:00,5479275875.0,SparkLend,
79402,Ethereum,tvl,2025-08-17 00:00:00,5398731527.0,SparkLend,
79403,Ethereum,tvl,2025-08-18 00:00:00,5420068796.0,SparkLend,
79404,Ethereum,tvl,2025-08-19 00:00:00,5202587858.0,SparkLend,
79405,Ethereum,tvl,2025-08-20 00:00:00,4843999816.0,SparkLend,
79406,Ethereum,tvl,2025-08-21 00:00:00,4981858978.0,SparkLend,
79407,Ethereum,tvl,2025-08-22 00:00:00,4943463647.0,SparkLend,
79408,Ethereum,tvl,2025-08-23 00:00:00,5550477926.0,SparkLend,
79409,Ethereum,tvl,2025-08-24 00:00:00,5631982404.0,SparkLend,
79410,Ethereum,tvl,2025-08-25 00:00:00,5652790178.0,SparkLend,
79411,Ethereum,tvl,2025-08-26 00:00:00,5383153565.0,SparkLend,
79412,Ethereum,tvl,2025-08-27 00:00:00,5407155304.0,SparkLend,
79413,Ethereum,tvl,2025-08-28 00:00:00,5335793818.0,SparkLend,
79414,Ethereum,tvl,2025-08-29 00:00:00,5224505031.0,SparkLend,
79415,Ethereum,tvl,2025-08-30 00:00:00,4916629615.0,SparkLend,
79416,Ethereum,tvl,2025-08-31 00:00:00,4990676659.0,SparkLend,
79417,Ethereum,tvl,2025-09-01 00:00:00,4981590014.0,SparkLend,
79418,Ethereum,tvl,2025-09-02 00:00:00,4838223689.0,SparkLend,
79419,Ethereum,tvl,2025-09-03 00:00:00,4894690594.0,SparkLend,
79420,Ethereum,tvl,2025-09-04 00:00:00,5078795844.0,SparkLend,
79421,Ethereum,tvl,2025-09-05 00:00:00,4989251983.0,SparkLend,
79422,Ethereum,tvl,2025-09-06 00:00:00,5011468427.0,SparkLend,
79423,Ethereum,tvl,2025-09-07 00:00:00,4972244806.0,SparkLend,
79424,Ethereum,tvl,2025-09-08 00:00:00,5017033427.0,SparkLend,
79425,Ethereum,tvl,2025-09-09 00:00:00,5046827492.0,SparkLend,
79426,Ethereum,tvl,2025-09-10 00:00:00,5113859589.0,SparkLend,
79427,Ethereum,tvl,2025-09-11 00:00:00,5257821856.0,SparkLend,
79428,Ethereum,tvl,2025-09-12 00:00:00,5378262580.0,SparkLend,
79429,Ethereum,tvl,2025-09-13 00:00:00,5564533761.0,SparkLend,
79430,Ethereum,tvl,2025-09-14 00:00:00,5545915605.0,SparkLend,
79431,Ethereum,tvl,2025-09-15 00:00:00,5460826477.0,SparkLend,
79432,Ethereum,tvl,2025-09-16 00:00:00,5407245650.0,SparkLend,
79433,Ethereum,tvl,2025-09-17 00:00:00,5469678064.0,SparkLend,
79434,Ethereum,tvl,2025-09-18 00:00:00,5621739257.0,SparkLend,
79435,Ethereum,tvl,2025-09-19 00:00:00,5605994244.0,SparkLend,
79436,Ethereum,tvl,2025-09-20 00:00:00,5626655383.0,SparkLend,
79437,Ethereum,tvl,2025-09-21 00:00:00,5482977975.0,SparkLend,
79438,Ethereum,tvl,2025-09-22 00:00:00,5465759214.0,SparkLend,
79439,Ethereum,tvl,2025-09-23 00:00:00,5347376014.0,SparkLend,
79440,Ethereum,tvl,2025-09-24 00:00:00,5236204506.0,SparkLend,
79441,Ethereum,tvl,2025-09-25 00:00:00,5122169990.0,SparkLend,
79442,Ethereum,tvl,2025-09-26 00:00:00,4988441261.0,SparkLend,
79443,Ethereum,tvl,2025-09-27 00:00:00,5024575098.0,SparkLend,
79444,Ethereum,tvl,2025-09-28 00:00:00,5095998560.0,SparkLend,
79445,Ethereum,tvl,2025-09-29 00:00:00,5252296634.0,SparkLend,
79446,Ethereum,tvl,2025-09-30 00:00:00,5389568327.0,SparkLend,
79447,Ethereum,tvl,2025-10-01 00:00:00,5280268528.0,SparkLend,
79448,Ethereum,tvl,2025-10-02 00:00:00,5647529027.0,SparkLend,
79449,Ethereum,tvl,2025-10-03 00:00:00,5913580272.0,SparkLend,
79450,Ethereum,tvl,2025-10-04 00:00:00,6046398834.0,SparkLend,
79451,Ethereum,tvl,2025-10-05 00:00:00,5813708874.0,SparkLend,
79452,Ethereum,tvl,2025-10-06 00:00:00,5968189560.0,SparkLend,
79453,Ethereum,tvl,2025-10-07 00:00:00,6212693975.0,SparkLend,
79454,Ethereum,tvl,2025-10-08 00:00:00,6168319177.0,SparkLend,
79455,Ethereum,tvl,2025-10-09 00:00:00,6342828514.0,SparkLend,
79456,Ethereum,tvl,2025-10-10 00:00:00,6281017283.0,SparkLend,
79457,Ethereum,tvl,2025-10-11 00:00:00,5749234617.0,SparkLend,
79458,Ethereum,tvl,2025-10-12 00:00:00,5634670003.0,SparkLend,
79459,Ethereum,tvl,2025-10-13 00:00:00,5966130161.0,SparkLend,
79460,Ethereum,tvl,2025-10-14 00:00:00,6080533502.0,SparkLend,
79461,Ethereum,tvl,2025-10-15 00:00:00,6190128999.0,SparkLend,
79462,Ethereum,tvl,2025-10-16 00:00:00,5826330758.0,SparkLend,
79463,Ethereum,tvl,2025-10-17 00:00:00,5648261815.0,SparkLend,
79464,Ethereum,tvl,2025-10-18 00:00:00,5695661571.0,SparkLend,
79465,Ethereum,tvl,2025-10-19 00:00:00,5659568254.0,SparkLend,
79466,Ethereum,tvl,2025-10-20 00:00:00,5709851479.0,SparkLend,
79467,Ethereum,tvl,2025-10-21 00:00:00,5773957585.0,SparkLend,
79468,Ethereum,tvl,2025-10-22 00:00:00,5718452107.0,SparkLend,
79469,Ethereum,tvl,2025-10-23 00:00:00,5736540421.0,SparkLend,
79470,Ethereum,tvl,2025-10-24 00:00:00,5702474383.0,SparkLend,
79471,Ethereum,tvl,2025-10-25 00:00:00,5586770700.0,SparkLend,
79472,Ethereum,tvl,2025-10-26 00:00:00,5642111597.0,SparkLend,
79473,Ethereum,tvl,2025-10-27 00:00:00,5872629294.0,SparkLend,
79474,Ethereum,tvl,2025-10-28 00:00:00,5944294995.0,SparkLend,
79475,Ethereum,tvl,2025-10-29 00:00:00,5818487747.0,SparkLend,
79476,Ethereum,tvl,2025-10-30 00:00:00,5743932821.0,SparkLend,
79477,Ethereum,tvl,2025-10-31 00:00:00,5625857989.0,SparkLend,
79478,Ethereum,tvl,2025-11-01 00:00:00,5819589077.0,SparkLend,
79479,Ethereum,tvl,2025-11-02 00:00:00,5920382483.0,SparkLend,
79480,Ethereum,tvl,2025-11-03 00:00:00,6025242622.0,SparkLend,
79481,Ethereum,tvl,2025-11-04 00:00:00,5377515014.0,SparkLend,
79482,Ethereum,tvl,2025-11-05 00:00:00,5042806011.0,SparkLend,
79483,Ethereum,tvl,2025-11-06 00:00:00,4869005578.0,SparkLend,
79484,Ethereum,tvl,2025-11-07 00:00:00,4762190855.0,SparkLend,
79485,Ethereum,tvl,2025-11-08 00:00:00,4940300581.0,SparkLend,
79486,Ethereum,tvl,2025-11-09 00:00:00,4878450777.0,SparkLend,
79487,Ethereum,tvl,2025-11-10 00:00:00,5053748148.0,SparkLend,
79488,Ethereum,tvl,2025-11-11 00:00:00,4992833271.0,SparkLend,
79489,Ethereum,tvl,2025-11-12 00:00:00,4926799755.0,SparkLend,
79490,Ethereum,tvl,2025-11-13 00:00:00,5001421918.0,SparkLend,
79491,Ethereum,tvl,2025-11-14 00:00:00,4775620248.0,SparkLend,
79492,Ethereum,tvl,2025-11-15 00:00:00,4591672987.0,SparkLend,
79493,Ethereum,tvl,2025-11-16 00:00:00,4577697471.0,SparkLend,
79494,Ethereum,tvl,2025-11-17 00:00:00,4568174819.0,SparkLend,
79495,Ethereum,tvl,2025-11-18 00:00:00,4766625118.0,SparkLend,
79496,Ethereum,tvl,2025-11-19 00:00:00,4743260269.0,SparkLend,
79497,Ethereum,tvl,2025-11-20 00:00:00,4652191193.0,SparkLend,
79498,Ethereum,tvl,2025-11-21 00:00:00,4515587238.0,SparkLend,
79499,Ethereum,tvl,2025-11-22 00:00:00,4296281128.0,SparkLend,
79500,Ethereum,tvl,2025-11-23 00:00:00,4219956968.0,SparkLend,
79501,Ethereum,tvl,2025-11-24 00:00:00,4103068337.0,SparkLend,
79502,Ethereum,tvl,2025-11-25 00:00:00,4203092730.0,SparkLend,
79503,Ethereum,tvl,2025-11-26 00:00:00,4048431619.0,SparkLend,
79504,Ethereum,tvl,2025-11-27 00:00:00,3966527690.0,SparkLend,
79505,Ethereum,tvl,2025-11-28 00:00:00,3888918624.0,SparkLend,
79506,Ethereum,tvl,2025-11-29 00:00:00,3645311243.0,SparkLend,
79507,Ethereum,tvl,2025-11-30 00:00:00,3447713467.0,SparkLend,
79508,Ethereum,tvl,2025-12-01 00:00:00,3455606233.0,SparkLend,
79509,Ethereum,tvl,2025-12-02 00:00:00,3330329330.0,SparkLend,
79510,Ethereum,tvl,2025-12-03 00:00:00,3387626832.0,SparkLend,
79511,Ethereum,tvl,2025-12-04 00:00:00,3567040817.0,SparkLend,
79512,Ethereum,tvl,2025-12-05 00:00:00,3500163259.0,SparkLend,
79513,Ethereum,tvl,2025-12-06 00:00:00,3367862671.0,SparkLend,
79514,Ethereum,tvl,2025-12-07 00:00:00,3413478956.0,SparkLend,
79515,Ethereum,tvl,2025-12-08 00:00:00,3438479889.0,SparkLend,
79516,Ethereum,tvl,2025-12-09 00:00:00,3477688110.0,SparkLend,
79517,Ethereum,tvl,2025-12-10 00:00:00,3599111642.0,SparkLend,
79518,Ethereum,tvl,2025-12-11 00:00:00,3583224875.0,SparkLend,
79519,Ethereum,tvl,2025-12-12 00:00:00,3467260093.0,SparkLend,
79520,Ethereum,tvl,2025-12-13 00:00:00,3298308642.0,SparkLend,
79521,Ethereum,tvl,2025-12-14 00:00:00,3346637806.0,SparkLend,
79522,Ethereum,tvl,2025-12-15 00:00:00,3307385969.0,SparkLend,
79523,Ethereum,tvl,2025-12-16 00:00:00,3242760775.0,SparkLend,
79524,Ethereum,tvl,2025-12-17 00:00:00,3265576619.0,SparkLend,
79525,Ethereum,tvl,2025-12-18 00:00:00,3127743566.0,SparkLend,
79526,Ethereum,tvl,2025-12-19 00:00:00,3110630117.0,SparkLend,
79527,Ethereum,tvl,2025-12-20 00:00:00,3228811974.0,SparkLend,
79528,Ethereum,tvl,2025-12-21 00:00:00,3254169246.0,SparkLend,
79529,Ethereum,tvl,2025-12-22 00:00:00,3293528502.0,SparkLend,
79530,Ethereum,tvl,2025-12-23 00:00:00,3272067661.0,SparkLend,
79531,Ethereum,tvl,2025-12-24 00:00:00,3229440113.0,SparkLend,
79532,Ethereum,tvl,2025-12-25 00:00:00,3221028990.0,SparkLend,
79533,Ethereum,tvl,2025-12-26 00:00:00,3203854849.0,SparkLend,
79534,Ethereum,tvl,2025-12-27 00:00:00,3221124483.0,SparkLend,
79535,Ethereum,tvl,2025-12-28 00:00:00,3189764266.0,SparkLend,
79536,Ethereum,tvl,2025-12-29 00:00:00,3241828424.0,SparkLend,
79537,Ethereum,tvl,2025-12-30 00:00:00,3187116486.0,SparkLend,
79538,Ethereum,tvl,2025-12-31 00:00:00,3209883972.0,SparkLend,
79539,Ethereum,tvl,2026-01-01 00:00:00,3326764327.0,SparkLend,
79540,Ethereum,tvl,2026-01-02 00:00:00,3362543227.0,SparkLend,
79541,Ethereum,tvl,2026-01-03 00:00:00,3516408758.0,SparkLend,
79542,Ethereum,tvl,2026-01-04 00:00:00,3518613975.0,SparkLend,
79543,Ethereum,tvl,2026-01-05 00:00:00,3558989795.0,SparkLend,
79544,Ethereum,tvl,2026-01-06 00:00:00,3616974720.0,SparkLend,
79545,Ethereum,tvl,2026-01-07 00:00:00,3632297078.0,SparkLend,
79546,Ethereum,tvl,2026-01-08 00:00:00,3419144562.0,SparkLend,
79547,Ethereum,tvl,2026-01-09 00:00:00,3532579158.0,SparkLend,
79548,Ethereum,tvl,2026-01-10 00:00:00,3551096125.0,SparkLend,
79549,Ethereum,tvl,2026-01-11 00:00:00,3538548369.0,SparkLend,
79550,Ethereum,tvl,2026-01-11 13:43:47,3557746209.0,SparkLend,
